:020000040000fa
:020000040800f2
:10000000f0ff112031fc030cfd12040cb518040c98
:100010006560040c6960040c6d60040c0000000055
:10002000000000000000000000000000ef2f040ca2
:100030006160040c00000000ef2f040cef2f040c93
:10004000ef2f040cef2f040cef2f040cef2f040cf8
:10005000ef2f040cef2f040cef2f040cef2f040ce8
:10006000ef2f040cef2f040cef2f040cef2f040cd8
:10007000ef2f040cef2f040cef2f040c8558040c09
:100080008558040c8558040c8558040cef2f040c7b
:10009000d55b040cf15b040cef2f040cef2f040c68
:1000a000ef2f040cef2f040cef2f040cef2f040c98
:1000b000ef2f040cef2f040cef2f040cef2f040c88
:1000c000ef2f040cef2f040cef2f040cef2f040c78
:1000d000ef2f040cef2f040cef2f040c4549040cf8
:1000e000f948040cad48040c6148040cef2f040cd3
:1000f000ef2f040cef2f040cef2f040cef2f040c48
:10010000ef2f040cef2f040cef2f040cef2f040c37
:10011000ef2f040cef2f040cef2f040cf1d5030c80
:10012000f1d5030cf1d5030cf1d5030cf1d5030c7b
:10013000f1d5030cf1d5030cef2f040cef2f040cb9
:10014000ef2f040cef2f040cef2f040cef2f040cf7
:10015000ef2f040cef2f040cef2f040cef2f040ce7
:10016000ef2f040cef2f040cef2f040cef2f040cd7
:10017000ef2f040cef2f040cef2f040cef2f040cc7
:10018000ef2f040cef2f040cef2f040cef2f040cb7
:10019000ef2f040cef2f040cef2f040cef2f040ca7
:1001a000ef2f040cef2f040c4dd9030c4dd9030c89
:1001b0004dd9030c4dd9030c4dd9030c4dd9030c6b
:1001c0004dd9030cef2f040cef2f040cef2f040c70
:1001d000ef2f040cef2f040cef2f040cef2f040c67
:1001e000ef2f040cef2f040cef2f040cef2f040c57
:1001f000ef2f040cef2f040cef2f040cef2f040c47
:10020000ef2f040cef2f040cef2f040cef2f040c36
:10021000ef2f040cef2f040cef2f040cef2f040c26
:10022000ef2f040cef2f040cef2f040cef2f040c16
:10023000ef2f040cef2f040cef2f040cef2f040c06
:10024000ef2f040cef2f040cef2f040cef2f040cf6
:10025000ef2f040cef2f040cef2f040cef2f040ce6
:10026000ef2f040cef2f040cef2f040cef2f040cd6
:10027000ef2f040cef2f040cef2f040cef2f040cc6
:10028000ef2f040cef2f040cef2f040cef2f040cb6
:10029000ef2f040cef2f040cef2f040cef2f040ca6
:1002a000ef2f040cef2f040cef2f040cef2f040c96
:1002b000ef2f040cef2f040cef2f040cef2f040c86
:1002c000ef2f040cef2f040cef2f040cef2f040c76
:1002d000ef2f040cef2f040cef2f040cef2f040c66
:1002e000ef2f040cef2f040cef2f040cef2f040c56
:1002f000ef2f040cef2f040cef2f040cef2f040c46
:10030000ef2f040cef2f040cef2f040cef2f040c35
:10031000ef2f040cef2f040cef2f040cef2f040c25
:10032000ef2f040cef2f040cef2f040cef2f040c15
:10033000ef2f040cef2f040cef2f040cef2f040c05
:10034000ef2f040cef2f040cef2f040cef2f040cf5
:10035000ef2f040cef2f040cef2f040cef2f040ce5
:100360000000000000000000ef2f040cef2f040c31
:10037000ef2f040cef2f040cef2f040cef2f040cc5
:10038000ef2f040cef2f040cef2f040cef2f040cb5
:10039000ef2f040c7930040cef2f040cef2f040c1a
:1003a000ef2f040cef2f040cef2f040cef2f040c95
:0803b000ef2f040cef2f040ce9
:020000040000fa
:020000040a00f0
:040000000100fefffe
:020000040000fa
:020000040a00f0
:04002000ffffffffe0
:020000040000fa
:020000040a00f0
:0400400000000000bc
:020000040000fa
:020000040a00f0
:04004400ffffffffbc
:020000040000fa
:020000040a00f0
:0400480001000000b3
:020000040000fa
:020000040a00f0
:04004c00410400006b
:020000040000fa
:020000040a00f0
:04005400ffff0000aa
:020000040000fa
:020000040a00f0
:040058007000000034
:020000040000fa
:020000040a00f0
:04005c00020000009e
:020000040000fa
:020000040a00f0
:04006000000000009c
:020000040000fa
:020000040a00f0
:040064000202000094
:020000040000fa
:020000040a00f0
:04008000ffffffff80
:020000040000fa
:020000040a00f0
:0400a000ffffffff60
:020000040000fa
:020000040a00f0
:04200000000000c01c
:020000040000fa
:020000040a00f0
:042004000100feffda
:020000040000fa
:020000040a00f0
:04200800ffffffffd8
:020000040000fa
:020000040a00f0
:04208000ffffffff60
:020000040000fa
:020000040a00f0
:04208400ffffffff5c
:020000040000fa
:020000040a00f0
:04208800ffffffff58
:020000040000fa
:020000040a00f0
:04208c00ffffffff54
:020000040000fa
:020000040a00f0
:04209000ffffffff50
:020000040000fa
:020000040a00f0
:04209400ffffffff4c
:020000040000fa
:020000040a00f0
:04209800ffffffff48
:020000040000fa
:020000040a00f0
:04209c00ffffffff44
:020000040000fa
:020000040a00f0
:0420a000ffffffff40
:020000040000fa
:020000040a00f0
:0420a400ffffffff3c
:020000040000fa
:020000040a00f0
:0420a800ffffffff38
:020000040000fa
:020000040a00f0
:0420ac00ffffffff34
:020000040000fa
:020000040a00f0
:0420b000ffffffff30
:020000040000fa
:020000040a00f0
:0420b400ffffffff2c
:020000040000fa
:020000040a00f0
:0420b800ffffffff28
:020000040000fa
:020000040a00f0
:0420bc00ffffffff24
:020000040000fa
:020000040a00f0
:0420c000ffffffff20
:020000040000fa
:020000040a00f0
:0420c400ffffffff1c
:020000040000fa
:020000040a00f0
:0420c800ffffffff18
:020000040000fa
:020000040a00f0
:0420cc00ffffffff14
:020000040000fa
:020000040a00f0
:0420d000ffffffff10
:020000040000fa
:020000040a00f0
:0420d400ffffffff0c
:020000040000fa
:020000040a00f0
:0420d800ffffffff08
:020000040000fa
:020000040a00f0
:0420dc00ffffffff04
:020000040000fa
:020000040a00f0
:0420e00006070000ef
:020000040000fa
:020000040a00f0
:0420e40004cf0f0016
:020000040000fa
:020000040a00f0
:0420e80006f70401f2
:020000040000fa
:020000040a00f0
:0420ec00863a000030
:020000040000fa
:020000040a00f0
:0420f000ff030000ea
:020000040000fa
:020000040a00f0
:0420f4003f000000a9
:020000040000fa
:020000040a00f0
:0420f800bf00000025
:020000040000fa
:020000040a00f0
:0420fc00ffffffffe4
:020000040000fa
:020000040a00f0
:04210000ffffffffdf
:020000040000fa
:020000040a00f0
:04211000ffffffffcf
:020000040000fa
:020000040a00f0
:04211400ffffffffcb
:020000040000fa
:020000040a00f0
:04211800ffffffffc7
:020000040000fa
:020000040a00f0
:04211c00ffffffffc3
:020000040000fa
:020000040a00f0
:04212000ffffffffbf
:020000040000fa
:020000040a00f0
:048000000000ffff7e
:020000040000fa
:020000040a00f0
:04802000ffffffff60
:020000040000fa
:020000040a00f0
:0480400044000000f8
:020000040000fa
:020000040a00f0
:04804400ffffffff3c
:020000040000fa
:020000040a00f0
:048048000100000033
:020000040000fa
:020000040a00f0
:04804c0041040000eb
:020000040000fa
:020000040a00f0
:04805400ffff00002a
:020000040000fa
:020000040a00f0
:0480580070000000b4
:020000040000fa
:020000040a00f0
:04805c00020000001e
:020000040000fa
:020000040a00f0
:04806000000000001c
:020000040000fa
:020000040a00f0
:048064000202000014
:020000040000fa
:020000040a00f0
:04808000ffffffff00
:020000040000fa
:020000040a00f0
:0480a000ffffffffe0
:020000040000fa
:020000040a00f0
:04a00000000000c09c
:020000040000fa
:020000040a00f0
:04a004000000ffff5a
:020000040000fa
:020000040a00f0
:04a00800ffffffff58
:020000040000fa
:020000040a00f0
:04a08000ffffffffe0
:020000040000fa
:020000040a00f0
:04a08400ffffffffdc
:020000040000fa
:020000040a00f0
:04a08800ffffffffd8
:020000040000fa
:020000040a00f0
:04a08c00ffffffffd4
:020000040000fa
:020000040a00f0
:04a09000ffffffffd0
:020000040000fa
:020000040a00f0
:04a09400ffffffffcc
:020000040000fa
:020000040a00f0
:04a09800ffffffffc8
:020000040000fa
:020000040a00f0
:04a09c00ffffffffc4
:020000040000fa
:020000040a00f0
:04a0a000ffffffffc0
:020000040000fa
:020000040a00f0
:04a0a400ffffffffbc
:020000040000fa
:020000040a00f0
:04a0a800ffffffffb8
:020000040000fa
:020000040a00f0
:04a0ac00ffffffffb4
:020000040000fa
:020000040a00f0
:04a0b000ffffffffb0
:020000040000fa
:020000040a00f0
:04a0b400ffffffffac
:020000040000fa
:020000040a00f0
:04a0b800ffffffffa8
:020000040000fa
:020000040a00f0
:04a0bc00ffffffffa4
:020000040000fa
:020000040a00f0
:04a0c000ffffffffa0
:020000040000fa
:020000040a00f0
:04a0c400ffffffff9c
:020000040000fa
:020000040a00f0
:04a0c800ffffffff98
:020000040000fa
:020000040a00f0
:04a0cc00ffffffff94
:020000040000fa
:020000040a00f0
:04a0d000ffffffff90
:020000040000fa
:020000040a00f0
:04a0d400ffffffff8c
:020000040000fa
:020000040a00f0
:04a0d800ffffffff88
:020000040000fa
:020000040a00f0
:04a0dc00ffffffff84
:020000040000fa
:020000040a00f0
:04a0e000060700006f
:020000040000fa
:020000040a00f0
:04a0e40004cf0f0096
:020000040000fa
:020000040a00f0
:04a0e80006f7040172
:020000040000fa
:020000040a00f0
:04a0ec00863a0000b0
:020000040000fa
:020000040a00f0
:04a0f000ff0300006a
:020000040000fa
:020000040a00f0
:04a0f4003f00000029
:020000040000fa
:020000040a00f0
:04a0f800bf000000a5
:020000040000fa
:020000040a00f0
:04a0fc00ffffffff64
:020000040000fa
:020000040a00f0
:04a10000ffffffff5f
:020000040000fa
:020000040a00f0
:04a11000ffffffff4f
:020000040000fa
:020000040a00f0
:04a11400ffffffff4b
:020000040000fa
:020000040a00f0
:04a11800ffffffff47
:020000040000fa
:020000040a00f0
:04a11c00ffffffff43
:020000040000fa
:020000040a00f0
:04a12000ffffffff3f
:020000040000fa
:020000040c00ee
:1000000008b10181b0b000840000000008b1018196
:10001000b0b0008400000000f8b500bff8bc08bc18
:100020009e467047f14d040cf8b500bff8bc08bc03
:080030009e467047cd4d040c03
:020000040000fa
:020000040c00ee
:10003800089f020001000000089f02000100000064
:10004800049f0200010000000e9f02000100000052
:10005800669f020001000000849f0200b0a9028090
:1000680010a00200b0b0a88056a002000100000055
:1000780050a00200b0b0aa8082a00200ae71b28087
:1000880022a10200010000001ea10200aa3f378041
:1000980062a10200010000006ea10200b0b0aa80b7
:1000a800a6a1020001000000aca1020001000000ae
:1000b800a6a1020001000000aaa1020001000000a0
:1000c800cca1020001000000dca102000100000038
:1000d800fea10200010000000ea20200aa0db280db
:1000e80066a20200b0af0680c0a4020001000000b2
:1000f800bca4020001000000b8a402000100000036
:10010800b4a40200ac3f0180808603000100000017
:10011800a686030000840480b68603000100000060
:10012800b2860300b0ad0480ee880300b0a8038057
:1001380010890300c4feff7f12890300c8feff7ff9
:100148001c890300010000001a8903000100000057
:10015800e48b030001000000a0110400b0af02808e
:1001680020140400b0b0ae808c57040001000000d9
:100178005c5e040001000000605e040001000000f5
:08018800645e040001000000a8
:020000040000fa
:020000040c00ee
:10019000108404201c0000000000000078050220ec
:1001a000285d020000000000c4820420400000001e
:1001b00000000000e07d042080010000000000003d
:1001c000a86604200003000000000000a8720420bc
:1001d0000002000000000000a869042000060000e2
:1001e00000000000a874042080010000000000004e
:1001f000c08004208000000000000000007904207e
:100200000001000000000000408104208000000088
:1002100000000000007a042000020000000000003e
:10022000287604208001000000000000a86f042050
:100230000003000000000000007c0420000100001a
:100240000000000000000020281d00000000000049
:100250002c84042010000000000000000000022098
:100260000a000000000000000c0002200c0000004a
:10027000000000003483042004000000000000009f
:10028000748404200800000000000000007d0420a9
:10029000e000000000000000d01b0520040000006a
:1002a00001000000010000007c8404200400000024
:1002b000000000003c84042010000000000000004a
:1002c000c08104206c000000000000008084042035
:1002d00004000000000000002000022028040000ac
:1002e0000000000004830420300000000000000033
:1002f000480402201c01000000000000601b0520d3
:1003000050000000010000000541040c315e040ca7
:100310002146040c7559040c0157040cb533030c29
:10032000b155040cf98f030c718a030ca5b1030cb1
:10033000c9c7030c19de030c3154040c6954040cb6
:10034000c52f030c00000000adf1030c815b040c11
:100350009d5b040ce92b040c94840420009600009f
:1003600004000000ffffffffffffffffffffffff95
:10037000ffffffffffffffffffffffffffffffff8d
:10038000ffffffffffffffffffffffffffffffff7d
:10039000ffffffffffffffffffffffffffffffff6d
:1003a000ffffffffffffffffffffffffffffffff5d
:1003b000ffffffffffffffffffffffffffffffff4d
:1003c000ffffffffffffffffffffffffffffffff3d
:1003d000ffffffffffffffffffffffffffffffff2d
:1003e000ffffffffffffffffffffffffffffffff1d
:1003f000ffffffffffffffffffffffffffffffff0d
:10040000fffffffffffffffffffffffffffffffffc
:10041000ffffffffffffffffffffffffffffffffec
:10042000ffffffffffffffffffffffffffffffffdc
:10043000ffffffffffffffffffffffffffffffffcc
:10044000ffffffffffffffffffffffffffffffffbc
:10045000ffffffffffffffffffffffffffffffffac
:10046000ffffffffffffffffffffffffffffffff9c
:10047000ffffffffffffffffffffffffffffffff8c
:10048000ffffffffffffffffffffffffffffffff7c
:10049000ffffffffffffffffffffffffffffffff6c
:1004a000ffffffffffffffffffffffffffffffff5c
:1004b000ffffffffffffffffffffffffffffffff4c
:1004c000ffffffffffffffffffffffffffffffff3c
:1004d000ffffffffffffffffffffffffffffffff2c
:1004e000ffffffffffffffffffffffffffffffff1c
:1004f000ffffffffffffffffffffffffffffffff0c
:10050000fffffffffffffffffffffffffffffffffb
:10051000ffffffffffffffffffffffffffffffffeb
:10052000ffffffffffffffffffffffffffffffffdb
:10053000ffffffffffffffffffffffffffffffffcb
:10054000ffffffffffffffffffffffffffffffffbb
:10055000ffffffffffffffffffffffffffffffffab
:10056000ffffffffffffffffffffffffffffffff9b
:10057000ffffffffffffffffffffffffffffffff8b
:10058000ffffffffffffffffffffffffffffffff7b
:10059000ffffffffffffffffffffffffffffffff6b
:1005a000ffffffffffffffffffffffffffffffff5b
:1005b000ffffffffffffffffffffffffffffffff4b
:1005c000ffffffffffffffffffffffffffffffff3b
:1005d000ffffffffffffffffffffffffffffffff2b
:1005e000ffffffffffffffffffffffffffffffff1b
:1005f000ffffffffffffffffffffffffffffffff0b
:10060000fffffffffffffffffffffffffffffffffa
:10061000ffffffffffffffffffffffffffffffffea
:10062000ffffffffffffffffffffffffffffffffda
:10063000ffffffffffffffffffffffffffffffffca
:10064000ffffffffffffffffffffffffffffffffba
:10065000ffffffffffffffffffffffffffffffffaa
:10066000ffffffffffffffffffffffffffffffff9a
:10067000ffffffffffffffffffffffffffffffff8a
:10068000ffffffffffffffffffffffffffffffff7a
:10069000ffffffffffffffffffffffffffffffff6a
:1006a000ffffffffffffffffffffffffffffffff5a
:1006b000ffffffffffffffffffffffffffffffff4a
:1006c000ffffffffffffffffffffffffffffffff3a
:1006d000ffffffffffffffffffffffffffffffff2a
:1006e000ffffffffffffffffffffffffffffffff1a
:1006f000ffffffffffffffffffffffffffffffff0a
:10070000fffffffffffffffffffffffffffffffff9
:10071000ffffffffffffffffffffffffffffffffe9
:10072000ffffffffffffffffffffffffffffffffd9
:10073000ffffffffffffffffffffffffffffffffc9
:10074000ffffffffffffffffffffffffffffffffb9
:10075000ffffffffffffffffffffffffffffffffa9
:10076000ffffffffffffffffffffffffffffffff99
:10077000ffffffffffffffffffffffffffffffff89
:10078000ffffffffffffffffffffffffffffffff79
:10079000ffffffffffffffffffffffffffffffff69
:1007a000ffffffffffffffffffffffffffffffff59
:1007b000ffffffffffffffffffffffffffffffff49
:1007c000ffffffffffffffffffffffffffffffff39
:1007d000ffffffffffffffffffffffffffffffff29
:1007e000ffffffffffffffffffffffffffffffff19
:1007f000ffffffffffffffffffffffffffffffff09
:10080000fffffffffffffffffffffffffffffffff8
:10081000ffffffffffffffffffffffffffffffffe8
:10082000ffffffffffffffffffffffffffffffffd8
:10083000ffffffffffffffffffffffffffffffffc8
:10084000ffffffffffffffffffffffffffffffffb8
:10085000ffffffffffffffffffffffffffffffffa8
:10086000ffffffffffffffffffffffffffffffff98
:10087000ffffffffffffffffffffffffffffffff88
:10088000ffffffffffffffffffffffffffffffff78
:10089000ffffffffffffffffffffffffffffffff68
:1008a000ffffffffffffffffffffffffffffffff58
:1008b000ffffffffffffffffffffffffffffffff48
:1008c000ffffffffffffffffffffffffffffffff38
:1008d000ffffffffffffffffffffffffffffffff28
:1008e000ffffffffffffffffffffffffffffffff18
:1008f000ffffffffffffffffffffffffffffffff08
:10090000fffffffffffffffffffffffffffffffff7
:10091000ffffffffffffffffffffffffffffffffe7
:10092000ffffffffffffffffffffffffffffffffd7
:10093000ffffffffffffffffffffffffffffffffc7
:10094000ffffffffffffffffffffffffffffffffb7
:10095000ffffffffffffffffffffffffffffffffa7
:10096000ffffffffffffffffffffffffffffffff97
:10097000ffffffffffffffffffffffffffffffff87
:10098000ffffffffffffffffffffffffffffffff77
:10099000ffffffffffffffffffffffffffffffff67
:1009a000ffffffffffffffffffffffffffffffff57
:1009b000ffffffffffffffffffffffffffffffff47
:1009c000ffffffffffffffffffffffffffffffff37
:1009d000ffffffffffffffffffffffffffffffff27
:1009e000ffffffffffffffffffffffffffffffff17
:1009f000ffffffffffffffffffffffffffffffff07
:100a0000fffffffffffffffffffffffffffffffff6
:100a1000ffffffffffffffffffffffffffffffffe6
:100a2000ffffffffffffffffffffffffffffffffd6
:100a3000ffffffffffffffffffffffffffffffffc6
:100a4000ffffffffffffffffffffffffffffffffb6
:100a5000ffffffffffffffffffffffffffffffffa6
:100a6000ffffffffffffffffffffffffffffffff96
:100a7000ffffffffffffffffffffffffffffffff86
:100a8000ffffffffffffffffffffffffffffffff76
:100a9000ffffffffffffffffffffffffffffffff66
:100aa000ffffffffffffffffffffffffffffffff56
:100ab000ffffffffffffffffffffffffffffffff46
:100ac000ffffffffffffffffffffffffffffffff36
:100ad000ffffffffffffffffffffffffffffffff26
:100ae000ffffffffffffffffffffffffffffffff16
:100af000ffffffffffffffffffffffffffffffff06
:100b0000fffffffffffffffffffffffffffffffff5
:100b1000ffffffffffffffffffffffffffffffffe5
:100b2000ffffffffffffffffffffffffffffffffd5
:100b3000ffffffffffffffffffffffffffffffffc5
:100b4000ffffffffffffffffffffffffffffffffb5
:100b5000ffffffffffffffffffffffffffffffffa5
:100b6000ffffffffffffffffffffffffffffffff95
:100b7000ffffffffffffffffffffffffffffffff85
:100b8000ffffffffffffffffffffffffffffffff75
:100b9000ffffffffffffffffffffffffffffffff65
:100ba000ffffffffffffffffffffffffffffffff55
:100bb000ffffffffffffffffffffffffffffffff45
:100bc000ffffffffffffffffffffffffffffffff35
:100bd000ffffffffffffffffffffffffffffffff25
:100be000ffffffffffffffffffffffffffffffff15
:100bf000ffffffffffffffffffffffffffffffff05
:100c0000fffffffffffffffffffffffffffffffff4
:100c1000ffffffffffffffffffffffffffffffffe4
:100c2000ffffffffffffffffffffffffffffffffd4
:100c3000ffffffffffffffffffffffffffffffffc4
:100c4000ffffffffffffffffffffffffffffffffb4
:100c5000ffffffffffffffffffffffffffffffffa4
:100c6000ffffffffffffffffffffffffffffffff94
:100c7000ffffffffffffffffffffffffffffffff84
:100c8000ffffffffffffffffffffffffffffffff74
:100c9000ffffffffffffffffffffffffffffffff64
:100ca000ffffffffffffffffffffffffffffffff54
:100cb000ffffffffffffffffffffffffffffffff44
:100cc000ffffffffffffffffffffffffffffffff34
:100cd000ffffffffffffffffffffffffffffffff24
:100ce000ffffffffffffffffffffffffffffffff14
:100cf000ffffffffffffffffffffffffffffffff04
:100d0000fffffffffffffffffffffffffffffffff3
:100d1000ffffffffffffffffffffffffffffffffe3
:100d2000ffffffffffffffffffffffffffffffffd3
:100d3000ffffffffffffffffffffffffffffffffc3
:100d4000ffffffffffffffffffffffffffffffffb3
:100d5000ffffffffffffffffffffffffffffffffa3
:100d6000ffffffffffffffffffffffffffffffff93
:100d7000ffffffffffffffffffffffffffffffff83
:100d8000ffffffffffffffffffffffffffffffff73
:100d9000ffffffffffffffffffffffffffffffff63
:100da000ffffffffffffffffffffffffffffffff53
:100db000ffffffffffffffffffffffffffffffff43
:100dc000ffffffffffffffffffffffffffffffff33
:100dd000ffffffffffffffffffffffffffffffff23
:100de000ffffdfffdeffffffdeffffffbef7ffffbe
:100df000ffffffffdeffffffdeffffffffff9ef7ae
:100e0000ffffbef7fffffefffefffffffffffeff3e
:100e1000feffffffffffdef7ffffffffffffffff0c
:100e2000ffffffffffffffffffffffffffffffffd2
:100e3000ffffffffffffffffffffffffffffffffc2
:100e4000ffffffffffffffffffffffffffffffffb2
:100e5000ffffffffffffffffffffffffffffffffa2
:100e6000ffffffffffffffffffffffffffffffff92
:100e7000ffffffffffffffffffffffffffffffff82
:100e8000ffffffffffffffffffffffffffffffff72
:100e9000ffffffffffffffffffffffffffffffff62
:100ea000ffffffffffffffffffffffffffffffff52
:100eb000ffffffffffffffffffffffffffffffff42
:100ec000ffffffffffffffffffffffffffffffff32
:100ed000ffffffffffffffffffffffffffffffff22
:100ee000ffffffffffffffffffffffffffffffff12
:100ef000ffffffffffffffffffffffffffffffff02
:100f0000fffffffffffffffffffffffffffffffff1
:100f1000ffffffffffffffffffffffffffffffffe1
:100f2000ffffdef7def7def7ffffffffffffbef795
:100f3000fffffbde5ce75cefbef7dfffbef7ffff06
:100f4000ffffdff7ffffffffffffffffdefffffffa
:100f5000ffffffffdeffffffbef7ffffffffffff0b
:100f6000def7ffffffffffffffffffffffffffffba
:100f7000ffffffffffffffffffffffffffffffff81
:100f8000ffffffffffffffffffffffffffffffff71
:100f9000ffffffffffffffffffffffffffffffff61
:100fa000ffffffffffffffffffffffffffffffff51
:100fb000ffffffffffffffffffffffffffffffff41
:100fc000ffffffffffffffffffffffffffffffff31
:100fd000ffffffffffffffffffffffffffffffff21
:100fe000ffffffffffffffffffffffffffffffff11
:100ff000ffffffffffffffffffffffffffffffff01
:10100000fffffffffffffffffffffffffffffffff0
:10101000ffffffffffffffffffffffffffffffffe0
:10102000ffffffffffffffffffffffffffffffffd0
:10103000ffffffffffffffffffffffffffffffffc0
:10104000ffffffffffffffffffffffffffffffffb0
:10105000ffffffffffffffffffffffffffffffffa0
:10106000ffffdef7deffbef79ef7dfff1bdfb6b543
:101070003084aa528a52694a4d6bbad69defbef7a8
:10108000ffffdfffffffdfffdfffffffffffffffd0
:10109000ffffdfffffffffffffffffffffffffff80
:1010a000ffffffffffffffffffffffffffffffff50
:1010b000ffffffffffffffffffffffffffffffff40
:1010c000ffffffffffffffffffffffffffffffff30
:1010d000ffffffffffffffffffffffffffffffff20
:1010e000ffffffffffffffffffffffffffffffff10
:1010f000ffffffffffffffffffffffffffffffff00
:10110000ffffffffffffffffffffffffffffffffef
:10111000ffffffffffffffffffffffffffffffffdf
:10112000ffffffffffffffffffffffffffffffffcf
:10113000ffffffffffffffffffffffffffffffffbf
:10114000ffffffffffffffffffffffffffffffffaf
:10115000ffffffffffffffffffffffffffffffff9f
:10116000ffffffffffffffffffffffffffffffff8f
:10117000ffffffffffffffffffffffffffffffff7f
:10118000ffffffffffffffffffffffffffffffff6f
:10119000ffffffffffffffffffffffffffffffff5f
:1011a000ffffdfff7defdfff79ceaa520421e420ad
:1011b000a3180421c739cb5a6a4a8a52ae733ce756
:1011c000ffffdef7ffffffffffffffffffffffff58
:1011d000ffffffffffffbef7ffffffffdef7ffff91
:1011e000def7ffffffffffffffffffffffffffff38
:1011f000ffffffffffffffffffffffffffffffffff
:10120000ffffffffffffffffffffffffffffffffee
:10121000ffffffffffffffffffffffffffffffffde
:10122000ffffffffffffffffffffffffffffffffce
:10123000ffffffffffffffffffffffffffffffffbe
:10124000ffffffffffffffffffffffffffffffffae
:10125000ffffffffffffffffffffffffffffffff9e
:10126000ffffffffffffffffffffffffffffffff8e
:10127000ffffffffffffffffffffffffffffffff7e
:10128000ffffffffffffffffffffffffffffffff6e
:10129000ffffffffffffffffffffffffffffffff5e
:1012a000ffffffffffffffffffffffffffffffff4e
:1012b000ffffffffffffffffffffffffffffffff3e
:1012c000ffffffffffffffffffffffffffffffff2e
:1012d000ffffffffffffffffffffffffffffffff1e
:1012e000ffffdfffbef7d7bd0421e4180421621021
:1012f0000421c41804210421c739aa528a5213a513
:1013000099d6ffffffffffffffffdef7deffffffc6
:10131000ffffffffffffffffffffdefffffffffffe
:10132000deffffffffffffffffffffffffffffffee
:10133000ffffffffffffffffffffffffffffffffbd
:10134000ffffffffffffffffffffffffffffffffad
:10135000ffffffffffffffffffffffffffffffff9d
:10136000ffffffffffffffffffffffffffffffff8d
:10137000ffffffffffffffffffffffffffffffff7d
:10138000ffffffffffffffffffffffffffffffff6d
:10139000ffffffffffffffffffffffffffffffff5d
:1013a000ffffffffffffffffffffffffffffffff4d
:1013b000ffffffffffffffffffffffffffffffff3d
:1013c000ffffffffffffffffffffffffffffffff2d
:1013d000ffffffffffffffffffffffffffffffff1d
:1013e000ffffffffffffffffffffffffffffffff0d
:1013f000fffffffffffffffffffffffffffffffffd
:10140000ffffffffffffffffffffffffffffffffec
:10141000ffffffffffffffffffffffffffffffffdc
:10142000ffffdef79ad600022421e420a31805214d
:101430000421a318e4200421a218284aca5a694aa0
:10144000ae73fefffeffbdf7ddf7fefffeffbdf74b
:10145000bdf7feff7cef17befeff5ce7dadebdf7ef
:10146000fefffeffdeffdeffffffffffffffffffd0
:10147000ffffffffffffffffffffffffffffffff7c
:10148000ffffffffffffffffffffffffffffffff6c
:10149000ffffffffffffffffffffffffffffffff5c
:1014a000ffffffffffffffffffffffffffffffff4c
:1014b000ffffffffffffffffffffffffffffffff3c
:1014c000ffffffffffffffffffffffffffffffff2c
:1014d000ffffffffffffffffffffffffffffffff1c
:1014e000ffffffffffffffffffffffffffffffff0c
:1014f000fffffffffffffffffffffffffffffffffc
:10150000ffffffffffffffffffffffffffffffffeb
:10151000ffffffffffffffffffffffffffffffffdb
:10152000ffffffffffffffffffffffffffffffffcb
:10153000ffffffffffffffffffffffffffffffffbb
:10154000ffffffffffffffffffffffffffffffffab
:10155000ffffffffffffffffffffffffffffffff9b
:10156000ffffdef775ad2108a31804212521e42033
:101570000521e420e420c32004292429284a895293
:101580004c6b9cf7fdffddf7fdffddf7fadef5bde7
:10159000b4b536c698d61adff9defadefadefade20
:1015a000feffdef7def7deffffffffffdfffdfffff
:1015b000ffffffffdfffdfffffffffffffffffff7b
:1015c000ffffdfffdfffffffffffffffffffffff6b
:1015d000ffffffffffffffffffffffffffffffff1b
:1015e000ffffffffffffffffffffffffffffffff0b
:1015f000fffffffffffffffffffffffffffffffffb
:10160000ffffffffffffffffffffffffffffffffea
:10161000ffffffffffffffffffffffffffffffffda
:10162000ffffffffffffffffffffffffffffffffca
:10163000ffffffffffffffffffffffffffffffffba
:10164000ffffffffffffffffffffffffffffffffaa
:10165000ffffffffffffffffffffffffffffffff9a
:10166000ffffffffffffffffffffffffffffffff8a
:10167000ffffffffffffffffffffffffffffffff7a
:10168000ffffffffffffffffffffffffffffffff6a
:10169000ffffffffffffffffffffffffffffffff5a
:1016a000ffffdfff149d0002042104210521e42037
:1016b000c4200529e42004214529c3204531aa5a24
:1016c000b19c5bef3adf3ae73ae73adf5be7bcf71a
:1016d000bcef5ae7bcf75ae777cebcf7d5b5bdf7f4
:1016e0007cefdadedefffeffffffdfffdfffdfff65
:1016f000ffffffffffffffffffffffffdfffbef763
:101700009ef79defdfffdfffffffffffffffffff04
:10171000ffffffffffffffffffffffffffffffffd9
:10172000ffffffffffffffffffffffffffffffffc9
:10173000ffffffffffffffffffffffffffffffffb9
:10174000ffffffffffffffffffffffffffffffffa9
:10175000ffffffffffffffffffffffffffffffff99
:10176000ffffffffffffffffffffffffffffffff89
:10177000ffffffffffffffffffffffffffffffff79
:10178000ffffffffffffffffffffffffffffffff69
:10179000ffffffffffffffffffffffffffffffff59
:1017a000ffffffffffffffffffffffffffffffff49
:1017b000ffffffffffffffffffffffffffffffff39
:1017c000ffffffffffffffffffffffffffffffff29
:1017d000ffffffffffffffffffffffffffffffff19
:1017e000ffffdfff79d60002e4180421c420c528da
:1017f000c4200521e420042141102842708c5be7bd
:101800007bef7bef9bef9befbbef9bef9bef9befa8
:101810009bef9befbbef7bef9befdcf7bcf77bef26
:10182000bceffeff5be71bdf7cefdef7ffffdef7c1
:10183000bef7feffffffbef7bad638c6308c2d6b61
:10184000518cb6bd79ce9ef7deffffffffffffff95
:10185000dfffffffffffffffffffffffffffffffb8
:10186000fffffeffffffdffffffffdfffdfffef7b6
:10187000dff7dfffffffffffffffffffffffffffc0
:10188000ffffffffdefffffffffffffffffffeff8a
:10189000deffffffffffffffffffffffffffffff79
:1018a000ffffffffffffffffffffffffffffffff48
:1018b000ffffffffffffffffffffffffffffffff38
:1018c000ffffffffffffffffffffffffffffffff28
:1018d000ffffffffffffffffffffffffffffffff18
:1018e000ffffffffffffffffffffffffffffffff08
:1018f000fffffffffffffffffffffffffffffffff8
:10190000ffffffffffffffffffffffffffffffffe7
:10191000ffffffffffffffffffffffffffffffffd7
:10192000ffffdfff96b58631e418e4200529e5289e
:101930002531a318c318eb6233a598d67cefdcf7ea
:101940009cefbbef9bef9bef9bef9bef9bef9bef26
:101950009bef9bef9bef9bef9bef9bef9bef9bef37
:101960009cefddf7bdf7feffbdf71bdf1ce7ffffb8
:10197000ffff9def79ce0b63aa52694aaa528952a2
:101980008952aa52518c79ceffffffffdeffdfffa5
:10199000ffffffffffffffffffffffffffffffff57
:1019a000fffffeffffffbffffffffdf75adffef760
:1019b000ffffffffffffffffffffffffffffffff37
:1019c000fffffffffeffdef7dfffdefffffffeff93
:1019d000ffffdfffffffffffffffffffffffffff37
:1019e000ffffffffffffffffffffffffffffffff07
:1019f000fffffffffffffffffffffffffffffffff7
:101a0000ffffffffffffffffffffffffffffffffe6
:101a1000ffffffffffffffffffffffffffffffffd6
:101a2000ffffffffffffffffffffffffffffffffc6
:101a3000ffffffffffffffffffffffffffffffffb6
:101a4000ffffffffffffffffffffffffffffffffa6
:101a5000ffffffffffffffffffffffffffffffff96
:101a6000dfffdfff5defeb5a82102529c320c32083
:101a7000e3284c6bd6bdd9debdf79cefdcf75ae707
:101a80007be79be79bef9bef9bef9bef9bef9bef36
:101a90009bef9bef9bef9bef9bef7bef7bef9bef36
:101aa0009cef9ceffdf7fefffeffffff9df77cef35
:101ab0007defbad6694a694aca5a6952e741653127
:101ac000442904210842ab5a718cbef7def79ef719
:101ad000ffffdfffffffffffffffffffffffffff36
:101ae000fffffeffffffbff7fffffcf734b6fdf778
:101af000ffffdfffffffffffffffffffffffffff16
:101b0000ffffffffdefffeffffffffffffffffff07
:101b1000ffffffffffffffffffffffffffffffffd5
:101b2000ffffffffffffffffffffffffffffffffc5
:101b3000ffffffffffffffffffffffffffffffffb5
:101b4000ffffffffffffffffffffffffffffffffa5
:101b5000ffffffffffffffffffffffffffffffff95
:101b6000ffffffffffffffffffffffffffffffff85
:101b7000ffffffffffffffffffffffffffffffff75
:101b8000ffffffffffffffffffffffffffffffff65
:101b9000ffffffffffffffffffffffffffffffff55
:101ba000dfffdfffbef75ce713a5eb626852a95abf
:101bb000d19c77ce9bef9bef9bef7be7bbefbbef1f
:101bc0009befbbe79bef9bef9bef9bef9bef9befad
:101bd0009bef9bef9befbbef9bef9bef9bef9bef95
:101be0009bef7bef9cef7befbdf7feffdef7feff89
:101bf0005ce7ce7b284a284a6529c318e320e42005
:101c000004212521a318c739494a1be7ffffffff1d
:101c1000def7fffffffffffffffffffffffffffffd
:101c2000fffffeffffffdffffeff99e7709dfcef68
:101c3000fff7bef7ffffffffffffdfffdfffdfff65
:101c4000ffffffffffffffffdef7ffffbef7ffff16
:101c5000deffffffffffffffffffffffffffffffb5
:101c6000ffffffffffffffffffffffffffffffff84
:101c7000ffffffffffffffffffffffffffffffff74
:101c8000ffffffffffffffffffffffffffffffff64
:101c9000ffffffffffffffffffffffffffffffff54
:101ca000ffffffffffffffffffffffffffffffff44
:101cb000ffffffffffffffffffffffffffffffff34
:101cc000ffffffffffffffffffffffffffffffff24
:101cd000ffffffffffffffffffffffffffffffff14
:101ce000ffffdeffdef7fefffeff9cf794b594b525
:101cf0003ae79bf7bbf79bef7aef9bef7ae79be71f
:101d00009be7bbe7bbef9bef9bef9bef9bef9bef53
:101d10009bef9bef9bef9bef9bef9bef9bef9bef73
:101d20009bef7bef7be7fdf73ae75be7feffdeff2c
:101d3000bdf77defab52e420e4204529e420e42008
:101d4000e420c418c41825290842f7bdbef7ffffd8
:101d5000ffffdef7ffffffffffffffffffffffffbc
:101d6000fffffeffdffffffffeff17d74f95fbefe3
:101d7000fef7bef7dfffdfffdfffdfffdfffffff65
:101d8000ffffffffffffbef7fffffeffbdf7bef740
:101d9000fefffeffffffffffffffffffffffffff55
:101da000ffffffffffffffffffffffffffffffff43
:101db000ffffffffffffffffffffffffffffffff33
:101dc000ffffffffffffffffffffffffffffffff23
:101dd000ffffffffffffffffffffffffffffffff13
:101de000ffffffffffffffffffffffffffffffff03
:101df000fffffffffffffffffffffffffffffffff3
:101e0000ffffffffffffffffffffffffffffffffe2
:101e1000fffffffffffffffffffffffffffffeffd3
:101e2000feffddfffeff7bf73aef73b5b7d639e76c
:101e30007aef9aefbbf79bef9bef9befbcef9bef2b
:101e4000bcefbcefbbefbbef9bef9bef9bef9befc0
:101e50009bef9bef9bef7bef9befbbefbbef9bef12
:101e60007bef7bef9cefbcf77bef9cefbcf79cef2d
:101e7000fefffffffcdeab5a6631c41805210521c9
:101e8000a418c418e420a318c739af7bffffdef7fe
:101e90009ef7ffffffffffffffffffffffffffffbb
:101ea000fffffeffdffffffffdf7d4c66e95dae709
:101eb000fef7ffffdfffffffffffffffffffffff5b
:101ec000fffffefffff7fef7dcefb8ce7cefbef7bb
:101ed000fefffeffffffffffffffffffffffffff14
:101ee000ffffffffffffffffffffffffffffffff02
:101ef000fffffffffffffffffffffffffffffffff2
:101f0000ffffffffffffffffffffffffffffffffe1
:101f1000ffffffffffffffffffffffffffffffffd1
:101f2000ffffffffffffffffffffffffffffffffc1
:101f3000ffffffffffffffffffffffffffffffffb1
:101f4000ffffffffffffffffffffffffffffffffa1
:101f5000fffffffffffffffffffffffffffffeff92
:101f6000fdffddff9bf7b8de52b535ce59ef59e7df
:101f70007ae7bbefbbef9befdcf79bef9bef5be7f9
:101f8000bcefbcf7bbef9bef9bef9bef9bef9bef97
:101f90009bef9bef9bef9bef9bef9bef9bef9beff1
:101fa0007bef9bef7bef9bef9bef9bef9cef9cef1f
:101fb000bdf7deffffff38c64108042125290521b2
:101fc0002529e520252946298a52cf7b5defbef7da
:101fd000ffffffffffffffffffffffffffffffff11
:101fe000fffffeffdffffffffcf7d4c66d9599df13
:101ff000fdf7ffffffffffffdffffffffffffeff1c
:10200000fdf7fdf7fcef79df13b672a53adfffffae
:10201000ffffdef7fffffffffffffffffffffffff9
:10202000ffffffffffffffffffffffffffffffffc0
:10203000ffffffffffffffffffffffffffffffffb0
:10204000ffffffffffffffffffffffffffffffffa0
:10205000ffffffffffffffffffffffffffffffff90
:10206000ffffffffffffffffffffffffffffffff80
:10207000ffffffffffffffffffffffffffffffff70
:10208000ffffffffffffffffffffffffffffffff60
:10209000fffffffffffffffffffffffffefffeff52
:1020a000fdfffdff76ce72b593c518ef9af7dbef13
:1020b0009ae77ae77ae75ae77bef9bef7bef7befd4
:1020c0009cef7bef9bef9bef9bef9bef9bef9befdf
:1020d0009bef9bef9bef9bef9bef9bef9bef9befb0
:1020e0009bef9bef9bef9bef9bef9bef9bef9cef9f
:1020f0007ceffeffbef7bdf754ad00026531c3189b
:10210000052104210521294a494ad39cbef7ffff36
:10211000dfffdfffffffffffffffffffffffffff0f
:10212000fffffefffffffffffcf7d3c62c8537cf75
:10213000fdefffffdeffdefffefffefffefffdf710
:10214000fcf7dbeff6c64e954e9578dfbcefffff50
:10215000ffffffffffffffffffffffffffffffff8f
:10216000ffffffffffffffffffffffffffffffff7f
:10217000ffffffffffffffffffffffffffffffff6f
:10218000ffffffffffffffffffffffffffffffff5f
:10219000ffffffffffffffffffffffffffffffff4f
:1021a000ffffffffffffffffffffffffffffffff3f
:1021b000ffffffffffffffffffffffffffffffff2f
:1021c000ffffffffffffffffffffffffffffffff1f
:1021d000ffffffffffffffffdfffdffffefffdff52
:1021e000bcfff5c592bdb2bdf7e679f79af79bef54
:1021f0007be79bef7ae7bbef5ae79bef9bef9bef09
:102200009bef9befbbeffdffbcefbbef9be79be7bb
:10221000bbef9befdcf75ae7bcf79bef7ae79bef4e
:102220007ae7bbef9be79be79bef7aefbbef9bef78
:102230009beffdff9cefdef71bdf8952c2182421c4
:10224000e3202842a731c73971949ad6dffffffff8
:10225000bef7ffffffffdffffffffffffff7fff707
:10226000ffffdeffffffbdf7fcf715cf0d8db4c6f6
:10227000fbf7feffdfffdef7fef7feefbef7feff28
:10228000bae711a6af958d8d2e9ed7dffdf7dfff44
:10229000fffffef7feffffffffffffffffffffff58
:1022a000ffffffffffffffffffffffffffffffff3e
:1022b000ffffffffffffffffffffffffffffffff2e
:1022c000ffffffffffffffffffffffffffffffff1e
:1022d000ffffffffffffffffffffffffffffffff0e
:1022e000fffffffffffffffffffffffffffffffffe
:1022f000ffffffffffffffffffffffffffffffffee
:10230000ffffffffffffffffffffffffffffffffdd
:10231000ffffffffbef7ffffbef7fffffeffbcffa3
:1023200077d652b5b3c535d67af7bbf75aeffdff6e
:102330003ae77be79cef5be79cef7be7bcf79cef22
:1023400057c6b5b50a5b884a0e7cf6bd7be7bcf77d
:102350009bef7be77ae7bcef9bef7bef9bef7be7a5
:102360009bef5ae75ae77be75adfbbef7bef9bef28
:102370007bef9befddf77cefbdf7f29cc218853158
:10238000e739a631108418c6ffffdfffdfffdff754
:10239000def7fffffeffddfffefffdfffdfffeff9f
:1023a000ddf7feffdffffefffcf737d7ed8c54bef5
:1023b000fdf7def7fdff7be797cefdf7fcf716cfc5
:1023c0008d8dac85cc8dad95f4c6fbf7fdf7fef792
:1023d000fff79eef9defdef7fffffffffffffeff22
:1023e000fefffffffffffffffffffffffffffffffe
:1023f000ffffffffffffffffffffffffffffffffed
:10240000ffffffffffffffffffffffffffffffffdc
:10241000ffffffffffffffffffffffffffffffffcc
:10242000ffffffffffffffffffffffffffffffffbc
:10243000ffffffffffffffffffffffffffffffffac
:10244000ffffffffffffffffffffffffffffffff9c
:10245000ffffffffffffffffdef7ddff9cf736ce3c
:1024600055d6d3c5d3c596debbff9bf77bef5be7a5
:10247000ddf77be77befddf79cef7cef75ad85311a
:10248000a63185314529a639a631e7396c6bd9d6f5
:102490007bef9cefbbef9bef5ae7fcf79bef9befcb
:1024a000dcef9ceffdf77be7bcefbcefdcf77befed
:1024b0005ae7dcf7ddf79cefbcf757c6139d508455
:1024c00014a5dad6def7ffffffffbef7ffffdff749
:1024d000defffeff3af7f4cd8ea46d9cf3c59bf7ab
:1024e000fdffddf7ffffbdf7fefffbf734b691a55b
:1024f000dcefddef39df93adfcf799e792b6ac8df9
:10250000aa7d0b8eab7def9ddbef7befdbeffcf766
:10251000f9cefad67cefbef7fffffffffffffeff0d
:10252000fefffeffffffffffffffffffffffffffbd
:10253000ffffffffffffffffffffffffffffffffab
:10254000ffffffffffffffffffffffffffffffff9b
:10255000ffffffffffffffffffffffffffffffff8b
:10256000ffffffffffffffffffffffffffffffff7b
:10257000ffffffffffffffffffffffffffffffff6b
:10258000ffffffffffffffffffffffffffffffff5b
:10259000ffffffffffffdeffbdf7bcffb8de96deeb
:1025a00075deb2c5d4c559ef9bf77aef7bef7be7b9
:1025b0003adfddf79cef9cefb5b589524429042141
:1025c000c318a3186210e420e420a639032199d689
:1025d0005be75be7bbefdcf79bef9cef5be7ddf7cf
:1025e000bdf77cef7cef5be73bdfbcef9befbcf71d
:1025f0009bef9bef9bef5ae77befddf73be7feff9f
:10260000ffffffffffffffffffffffffffffdef703
:10261000feffddff52bd898b888b4783a56a8f9ca7
:10262000ddffdfffdfffdefffeffdcef59dff3ad95
:1026300099df9adff5b59befbbef31a60d8e0b86c8
:102640000c8ecc8dad8d35c7fae799dfd3be8e9d4c
:1026500052b69ae7bdf7def7fffffffffefffeff72
:10266000ffffffffffffffffffffffffffffffff7a
:10267000ffffffffffffffffffffffffffffffff6a
:10268000ffffffffffffffffffffffffffffffff5a
:10269000ffffffffffffffffffffffffffffffff4a
:1026a000ffffffffffffffffffffffffffffffff3a
:1026b000ffffffffffffffffffffffffffffffff2a
:1026c000ffffffffffffffffffffffffffffffff1a
:1026d000ffffffffdef7def7feff97de92bdd7e6d6
:1026e00075def2cdd3c5baff7aefbbf7bbef9bef38
:1026f000fdff3ae71adfee7ba5312421e318a21093
:1027000004212421e420821865296529c63957c689
:102710005be79cef7bef9befbcef5be7ddf75cefec
:1027200078ce8952e7390742a952f6bdbcf79bef34
:10273000bcf77ae77ae7dcf7dcf77bef98cefeffb1
:10274000fefffffffeffbef7ffffffffffffffffe4
:10275000feffbcff4da42783e9a3abb44ba435d641
:10276000deff7ff7dfffffffdef7fdf7fcf7f6c6c2
:102770002f8dee8c9ae7dae711a6cc8dc9754a86c3
:10278000ab8dae9d14c733bfee8dad8dad9530ae24
:1027900097dfb9e7fdfffeffffffffffdeffffff53
:1027a000ffffffffffffffffffffffffffffffff39
:1027b000ffffffffffffffffffffffffffffffff29
:1027c000ffffffffffffffffffffffffffffffff19
:1027d000ffffffffffffffffffffffffffffffff09
:1027e000fffffffffffffffffffffffffffffffff9
:1027f000ffffffffffffffffffffffffffffffffe9
:10280000ffffffffffffffffffffffffffffffffd8
:10281000ffffffffffffdeffd9de32adb3c575de80
:10282000b6e613d634cebaf7fcff7bef9bef5be73f
:102830009cef94b5884a853103212421e318ae73b7
:10284000fbde1be779ce4529e3200321c639d9d623
:102850009cef5be7bbef7be75be7bcf75ceff29cd1
:102860004529494ae3188631e739a63137c67bef57
:102870007bef9befbcf77be73ae7fdfffadefeff5d
:10288000deffffffffffbef7ffffdfffffffdef70b
:10289000bcf7fcffea93888babbcccb42a9c9af7bc
:1028a000fefffffffeffddf7feffdbef95c6b1a5e4
:1028b00032aed09d57cf72b6cd8d0b8e2a86c9858c
:1028c0004d9e4fb66b95ec950c8eed8d51a6b9e7ec
:1028d000dbf7fdfffdfffeffffffffffffffffff39
:1028e000ffffdfffffffffffffffffffffffffff18
:1028f000ffffffffffffffffffffffffffffffffe8
:10290000ffffffffffffffffffffffffffffffffd7
:10291000ffffffffffffffffffffffffffffffffc7
:10292000ffffffffffffffffffffffffffffffffb7
:10293000ffffffffffffffffffffffffffffffffa7
:10294000ffffffffffffffffffffffffffffffff97
:10295000ffffffffdef7feff98d615cef4cd75de44
:1029600075de95ded7de79ef9bef7be7ddf71bdfca
:102970000b63c6394529042104210002bad679ce59
:102980006d6baa527194929441088531ce7b5be7be
:102990005be79cef3ae7bcf77be77cef78ce284219
:1029a000252945290421e420e318a63107425be7e5
:1029b0005be7bcf79bef7befddf79cef9cef1be742
:1029c000ffffdeffdff7dfffdff7bff7fffffffff0
:1029d000fdff59efc98b2a9cabaccaac6db5f9ffb2
:1029e00098e779df59dfdbefdbefd2add5c6f5ce67
:1029f000d4be36cf55c7ae8d8d8d2b7d2e9ef5d78f
:102a0000efb62b96eb8dec956c85b3b6fcefdef74d
:102a1000def7ffffdeffdfffffffffffffffffff30
:102a2000ffffffffffffffffffffffffffffffffb6
:102a3000ffffffffffffffffffffffffffffffffa6
:102a4000ffffffffffffffffffffffffffffffff96
:102a5000ffffffffffffffffffffffffffffffff86
:102a6000ffffffffffffffffffffffffffffffff76
:102a7000ffffffffffffffffffffffffffffffff66
:102a8000ffffffffffffffffffffffffffffffff56
:102a9000ffffffffffffbdf7fdff56d635d617ef4f
:102aa00075de95de38e7bbf77bef7cef139da63133
:102ab000c739c739e4200421a21855ad7defc739c5
:102ac000c318653108428631c318c63995b59cefe5
:102ad000bdf75be7bbef5ae79cef7bef4c6b242124
:102ae000c4180002010001821045292421853133d8
:102af000a5bcf75ae77befbcf75be79cef9def1bac
:102b0000dfdef7def7ffffdef7bff7ffffbff7bd42
:102b1000f7fdff96d66b946a9caa9cca9c4884c613
:102b20006be76b086c096cb4be4f9dd5c6d9e73214
:102b3000b6f9e7d5c68e8d719e15bfd9e7daef528b
:102b4000b6cb8d097eeb7d0e96f6ce9cefffffbfd8
:102b5000f7ffffdfffdfffdfffdffffffffffffe0e
:102b6000fffefffeffffffffffffffffffffffff77
:102b7000ffffffffffffffffffffffffffffffff65
:102b8000ffffffffffffffffffffffdeffffffff76
:102b9000ffffffffffffffffffffffffffffffff45
:102ba000ffdfffffffffffffffffffffffffffff55
:102bb000ffffffffffffffffffffffffffffffff25
:102bc000ffffffffffffffffffffffffffffffff15
:102bd000ffffffffffdef7feff9cff32b5f4cd568f
:102be000de96de96e6f8e65ae77be7539d073a085d
:102bf000422942042145290421410818c69ef78a2a
:102c000052c31885314529e41804214c6bddf75b6c
:102c1000e7bcef9be79be79bef9befb9d6811044a6
:102c200029508c17c61ce7718ce320e3200421efa8
:102c30007b7be77ae79cef7be7ddf77befbdf75c1b
:102c4000efbdf7feffffffdeffdeffbef7ffffdd9c
:102c5000ef58d74e958994e88ce87c0a7d88648784
:102c600064055c476cae95ce9d73b6dae773be170c
:102c7000d7bbef17d7bcf7bcf7fcffd9e772ae8d17
:102c800085ac856b85ce9577d79cefdeffbef7fed2
:102c9000fffefffeffdeffdefffefffefffeffff8b
:102ca000fffff7fff7ffffffffffffffffffffff44
:102cb000ffffffffffffffffffffffffffffffff24
:102cc000ffffffffffffffffffffffdeffffffff35
:102cd000ffffffffffffffffffffffffffffffff04
:102ce000fffffffffffffffffffffffffffffffff4
:102cf000ffffffffffffffffffffffffffffffffe4
:102d0000fffffffffffffffeffffffffffffffdef5
:102d1000f7fffffffffffffeffbcff8f9c55deb6f6
:102d2000e634d6d6e6d8de7bef97cea529083a6af8
:102d30004a0842e839e418e4186210ef7b7defdbc3
:102d4000de34a514a5eb62c31869525cef1adfbd2f
:102d5000f79cef7be7bcef7bef9cefd19481108574
:102d6000318a5200022c63fbdeaa5ae32065314807
:102d70004ab8d69befbbefbbef5be79cef3ce77d30
:102d8000efffffffffffffbef7fdffbbef76be6c5f
:102d9000740964a974c97c866c856c655c8664253d
:102da0005c876ccc9d36c72f8dbbe7fcf7b2adf8c6
:102db000d6b9cebeeffff7fdf777d7b1b60d966b5c
:102dc00085ce9d71b699e7fcf7beffdfffffffffe1
:102dd000ffffffdef7fffffffffefffefffefffe30
:102de000fffffffffffffffffffffffffffffffff3
:102df000ffffffffffffffffffffffffffffffffe3
:102e0000fffffffffffffffffffeffffffffffffd3
:102e1000fffffffeffdfffdfffffffffffdfffff23
:102e2000ffffffffffffffffffffffffffffffffb2
:102e3000ffffffffffffffffffffffffffffffffa2
:102e4000ffffffffffffffffffffffbef7ffffffdb
:102e5000ffdfffdfffddf79bf73aef52bd71bd9556
:102e6000de75ded6e6b7de5aef5be74421694aec51
:102e70005a6a4ac731652924210421042186313048
:102e800084b294c7394010ca6299d67cf7b8d63656
:102e9000c698d65be73adf9befbcf74c6b0321c2c9
:102ea000184531e420252979ce4c6b61104429c6a0
:102eb00039d5b57ae759e79bef7bef7bef9df75c60
:102ec000efdef7bef7dff79cef54be296c686c8825
:102ed000648764c76ce86c665cc76c4564676caa01
:102ee0007c52b6d7e72f95b8cedef7ddf7d9de7a7c
:102ef000e756bedeeffce795b68e8d8c85cd8d92c4
:102f0000b6b9e7dcf7bdffffffbeffbdf7fefffd73
:102f1000f7fef7def7bef7def7fffffffffffffe6e
:102f2000fffefffeffffffffffffffffffffffffb3
:102f3000ffffffffffffffffffffffffffffffffa1
:102f4000ffffffffffffffffffffffffffffffff91
:102f5000ffffffdeffdeffdeffdfffffffffffff04
:102f6000ffffffdff7ffffffffffffffffffffff99
:102f7000ffffffffffffffffffffffffffffffff61
:102f8000fffffffffffef7ffffffff9eefffffdeec
:102f9000f7def7fffffeffdcffb3c572bd71c5b6fc
:102fa000e675de55ded8e63aef9bef4f84a6310892
:102fb000422942494ac73986314529a631653165da
:102fc0003124210421c95ad9de9cf79bf75bef5bc2
:102fd000ef5ae75ae73adf5be7bdf785312008b2e1
:102fe0009c494ae741b39c7df7494a4529a318c645
:102ff00039684a5be75ae7dcf77befbbf719e75a1a
:10300000efdcf7fdffbcef509d086c8874876c0502
:103010005c66640464456c47740874ec8cf6d6fcfa
:10302000f7fef7fbef4874b7cebef7defffeff9961
:10303000ef15d7d6cead95ae9dd0a5d6c6dbe7fdb4
:10304000effef7ffffddfffdffdbeffbefd9e758fa
:10305000d7b6c6d8d67befbdf7ffffffffffffff58
:10306000fffeffdeffffffffffffffffffffffff92
:10307000ffffffffffffffffffffffffffffffff60
:10308000ffffffffffffffffffffffffffffffff50
:10309000ffffffbdf7fefffeffdeffffffffffdfcd
:1030a000ffffffffffffffffffffffffffffffff30
:1030b000ffffffffffffffffffffffffffffffff20
:1030c000ffffffffffffffdef7fff799cebdef7cad
:1030d000effeff5be7dcff39ef72bd51bd31bd7222
:1030e000cd96e655de96ded8de5ae77befb1942822
:1030f0004228424842aa5a27428952a9528531a6fb
:1031000039274af29cd8d63ae7fdff5ae77beffc15
:10311000f77ae7bbef9befbcf79cef2c6300026de7
:10312000735cef7df71ce7ec62c320e4200529e81f
:1031300041652953a5bdf7bcf73ae79af779efb196
:10314000b557e7f5d6096c2974086c496c076468b3
:1031500074277c267ce693c9930b94b6e6bbfffeee
:10316000ff9be774be86742a7c19dffdffbcff1647
:10317000dfafa553b6f5d6daf7fcffbdf7defffeed
:10318000f7fdefdce737cff4c651ae0f9e8d958e7d
:1031900095f1ad57dfdcf7fdfffeffffffdfffff1f
:1031a000ffffffffffffffffffffffffffffffff2f
:1031b000ffffffffffffffffffffffffffffffff1f
:1031c000ffffffffffdfffffffffffffffffffff2f
:1031d000ffdeff1adfddf7feffdefffeffffffdf92
:1031e000ffffffffffffffffffffffffffffffffef
:1031f000ffffffffffffffffffffffffffffffffdf
:10320000ffffffffffffffdff7fff7bdf753a5f558
:10321000b57ae7fcf7bbf714ce92c551c50fbd30a8
:10322000bd55de55deb7e656cefcff3ae7ddf73b8f
:10323000e7b1940a5be639c539c5398431e641b155
:103240009c98d69cf7bbefdcf73adf9be7bcef9b83
:10325000e7bbef9be79be73adfddf758ce2429e396
:1032600020e320c739621005292529e420a739e881
:103270004186312c631be77cef9cf7bbf7fbff9487
:10328000cecc8c6a8469744a744f95d6c678dfb800
:10329000f76b9c668b0abc0ab40ba498fffaffb3c9
:1032a000c6a97c0464456c687c876bb1b5dbffd72d
:1032b000d67be7feefffff7defddf7fdff99ef73b4
:1032c000beef9d8d85ed954a75cc8dab856c8d31ae
:1032d000b6b8e7f9effdfffefffeffffffdfffdf00
:1032e000ffffffffffffffffffffffffffffffffee
:1032f000ffffffdef7fef7fef7fef7feffffffff23
:10330000ffffffffffbef7ffffffffffffffffff16
:10331000ffddf7b8d619d7fdf7fdf7fef7ffffff82
:10332000ffffffffffffffffffffffffffffffffad
:10333000ffffffffffffffffffffffffffffffff9d
:10334000ffffffffffbef7fffffffffef79ceff061
:10335000940b74509df2b590b5b1bd91c570c52f59
:10336000bdefb4b6e696def7e696ce9bef5ae77b66
:10337000ef9bf79bef7bef3ae719e7b8d677cef8ec
:10338000de5aefb8d67bef7ae77bef9befbbef9b84
:10339000e7dcefdcef9ae7fdf77be79cef54ad0746
:1033a0004224292429863145298631e841e8416aa9
:1033b000520742c952b8d6bcf73ae7bcf75aef2dcc
:1033c00084ef9475c657dffbf7fdf79ce7dcf7ba8f
:1033d000ff899389a3a8ab49b46dbd13df8c9524f5
:1033e00064025ca4744564456ce66ba77370b51504
:1033f000c6ddf7fef7ddefbbdf94b6ae8d6b8d8ad1
:103400008dea950b8ecb850c96ec8d6d8d57d7dba9
:10341000f7bceffdffddffdefffeffffffffffff5d
:10342000ffffffffffffffffffffffffffffffffac
:10343000ffbeef5de7fdf7fef7fef7feffffffffc4
:10344000ffffffffffffffffffdfffffffdfffffcc
:10345000fffefff9de35bedbeffdf7fef7fffffff6
:10346000ffffffdfffffffffffffffffffffffff8c
:10347000ffffffffffffffffffffffffffffffff5c
:10348000ffffffffffffffffffdef7ddf7fdf7dace
:10349000ef12aee96be973676309842eb5f1cd9045
:1034a000c5eeacf3c596de75d6b7d65ae7bbef7b53
:1034b000ef9befbbf7bbf79bf79bf7d4bd97d65ab3
:1034c000efd8de97d652a536c6bcef5ae77be7fdac
:1034d000f79be79be7dbef7ae7ddf79cef79ce0719
:1034e000420742e739c639e741484aaa52ab5a89ee
:1034f0005227420e7c5bef7bef9cf79cf71adf5b59
:10350000e7fefffef7fefffef7dff7fff7fdffd850
:10351000ee2893aab308ac67a4e694856c245463a0
:103520005c435ce45ba76ca253e14a4663a452f798
:10353000dedcf7d8e733c70e8ecb756c864b86e999
:1035400085ea95ca8dcc956b85b1ae98d79cefbfb7
:10355000ffdfffffffffffdffffffffffffffffebc
:10356000fffef7fefffefffeffdfffffffffffff97
:10357000ffdef79ce755b6dbe7dbefddf7ffffdfac
:10358000ffffffdeffffffffffffffdfffffffff8c
:10359000fffeff9ae7519dd7cefdeffff7feffdd5f
:1035a000f7fefffff7ffffffffffffffffffffff3c
:1035b000ffffffffffffffffffffffffffffffff1b
:1035c000ffffffffffdef7fef7fef7bce7dae7fbe2
:1035d000eff8e710ae67748453845b2353a773ed51
:1035e0009c70b50ead95d695d695cef7de39e7bb76
:1035f000f79bef9bef9bef7aeff8de51ad96d6bbd2
:10360000ffd7ded4c502218010cd7bd9d6bcf77b95
:10361000ef7bef9bf75bef5bef7be77be7dcefacf0
:103620006ba5312742474ac95aca5a684a484a884c
:103630004a6b6b97cebbefdcffbdff59d63defbfaa
:10364000f7ffffffffdff7fff7fff7dff7bdff35fe
:10365000de278308ac27aca6a40174c374c46443fa
:1036600054a04b636ca6748474645bf3bd36c6fed1
:10367000f71acfb3b62e862e860c7e2b860a86eae4
:10368000856985cc9571b637d7ddeffff7dff7dfba
:10369000ffffffbfffdfffffffffffffffffffff9a
:1036a000ffffffffffffffffffffffffffffffff2a
:1036b000fffef7ddefb6c62f95d6cefbf7bcefffca
:1036c000ffbef7ffffffffffffffffffffffffde74
:1036d000f7fefffcf7719db1a579dffef7def7fe7f
:1036e000fffeffbff7ffffffffffffffffffffff33
:1036f000ffffffffffffffffffffffffffffffffda
:10370000fffffffffffffffffffef7f9d631952b0d
:10371000740c8deb8c8b8d255ca353c45b645bc7f1
:103720006b2d9dab8c2a842d9dd4ced5cef7de5a41
:10373000ef3ae7dcff9bef9bf776ce11a5b7de19da
:10374000e77bf797deee83e220e218a2104c6b795c
:10375000cefadeb9d698ce16be53a5dcf77bef774e
:10376000ced9d6b1940e846c6bad734f84f29cf6b7
:10377000bd1adfdcf77defbdf77cef5beffefffef0
:10378000ff9deffef7bef7def77de7feffbcff1003
:10379000b5879307a426ac85a4427c20648164e5a8
:1037a0006ca253c4634c6c296c11ae99e738df7975
:1037b000df11a6cb95e98da985aa858b85ce95725b
:1037c000b616cfdae7fdf7ddf7ddf7feffffffde28
:1037d000fffefffeffdfffffffffffffffffffff1b
:1037e000ffffffffffffffffffffffffffffffffe9
:1037f000fffefffef7bae72f9d2e9572be78dfdc45
:10380000efffffdff7dfffffffdeffdeffffffff62
:10381000fffefffdf712b64d9592b6fcefdef7ff07
:10382000ffbef7dffffefffeffffffffffffffff13
:10383000ffffffffffffffffffffffffffffffff98
:10384000ffffffffffffffdfffbdf7fdffdbf7d14e
:10385000ad497c07742564e77486640454c45b43f3
:10386000534874ada5287c2874897c8fa5b5ce7685
:10387000d6f9e63aef9bf73ae715c611a536cef929
:10388000e67bf73aefb9d69194032124212421e372
:1038900018410804216108442994b55aefd8def98b
:1038a000de7befbcf7ddf7bdf77bef9ceffdff7b29
:1038b000ef5bef5befbff7fbdefadefdfffdf7fd31
:1038c000f7fefffeffbffffeffdbef78e7f1bd4530
:1038d0007b859347aca7b40394017c637424648410
:1038e0004b897455d7bbdf12ae33b6b2a5d5c6909f
:1038f0009d6e952ea60eae51b677d7bae7fcefbdfa
:10390000efbff7dfffbffffeffdcffbcf7feffffef
:10391000ffffffdef7ffffffffffffffffffffffe0
:10392000fffffffffffffffffffffffffffffffea8
:10393000fffefffeffdbf7f6d6c86b0b85ae9536b4
:10394000cffcefbdefbef7ffffffffffffffffbea6
:10395000f7def7feff36cf8d95cd9516c7fef7ff44
:10396000ff9ef7dffffefffefffffffffffffffff2
:10397000ffffffffffffffffffffffffffffffff57
:10398000ffffffffffdeffdefffffffdff56c62f3d
:10399000a510be8da5687405644664e55b634b4461
:1039a00053645ba563ea8c48744874aa844ea5717d
:1039b000b5f4cd96de39ef19e756ce97de32ad3647
:1039c000ceb8de9bf79cffd9def6bdca5a2421246f
:1039d00029a639aa52f29c7bef7bef7af7d4c57afd
:1039e000f739e7bbef7cefddf7dcf79bef7bef9c74
:1039f000f7bdff3bef58ce9deffefffeffbef7ff8a
:103a0000ffffffffffffffdbef30ae6574247cc3d9
:103a100083e59b07acc69ba58b268423532a6c7732
:103a2000cf97d710aeb1a578dffbeff8cebadfb9ec
:103a3000dffae7d9e7daefdbeffcefbbe7dceffd1e
:103a4000effef7ffffffffbdf7bdf7feffdeffdf75
:103a5000ffffffffffffffffffffffffffffffff76
:103a6000ffffffffffffffffffffffffffffffff66
:103a7000fffefffefffefffcff94c6a65bea7ccaca
:103a80007c53b6fbeffef7ffffdef7dfffdfffdf64
:103a9000ffdffffffffae76c95eb95ce95bbdfbe2e
:103aa000efffffdffffefffeffffffffffffffff58
:103ab000ffffffffffffffffffffffffffffffff16
:103ac000ffffffdfffdeffdeff9df774b572b5d3aa
:103ad000bd4b8c4a844763a76b86630453255b46c2
:103ae00063e45265638984897c276c2874cb94d104
:103af000bdb1c5ada492bdf7e655d636d619ef9344
:103b0000bd15ceb7deb8de5aef9bf73bef3be7f9ca
:103b1000de7bef5be75bef9bf7d8deb3bdd3c51968
:103b2000ef9af7fcff9cef7bef5be7fdfffdffbd2e
:103b3000f71be79dfffdfffeffdff7bff7dfff9eef
:103b4000f79cf7fcf7b4b668642354a36c01748245
:103b500083a59ba7a38bac056b6763b8df35bfcf8d
:103b6000954d85cf9db6cefdffdcef78c69ce797df
:103b7000c66f9d8e9dcd9dad95ad95cd95cd95cec8
:103b80009531a697d7ddeffff7dff7dff7fffffef1
:103b9000fffefffeffffffffffffffffffffffff37
:103ba000ffffffffffffffffffffffffffffffff25
:103bb000ffdeffdef7beffddff9aef4e95486c8912
:103bc00074286c8e9d58d7fdf7feffffffdfffffc7
:103bd000ffffffbff7fcef8d95eb958b8d52aefc91
:103be000effeffdffffefffeffffffffffffffff18
:103bf000ffffffffffffffffffffffffffffffffd5
:103c0000fffffffffffeffbdff78d6b4bdb4bd11bf
:103c1000a54d8c0863a862e862896b91adb5d61298
:103c2000c68fadafb5cfadad9d276c4774287c0d69
:103c3000a532ce6fbd50b551b5afa452b519ef390d
:103c4000ef92b5a752ab834e942d8c4e9497d65ad3
:103c5000ef19e7f8e6d4c511adb3bd93bdf8e69b07
:103c6000ffdbff59e75aeff9de53ad8d7368520f52
:103c700084b6bd5cefbeffbef7ffffbef7fefffbe5
:103c8000ffb3ce0a8dc364e25ce25cc474c37344c8
:103c900083a7a36abc499436ef79df109e0b8ee9a7
:103ca00085ac8d90959df7bdf797cefad6dfeffee8
:103cb000eff8e78fb66a85cb8deb8d0b960a96ea07
:103cc0008d897dcc8d51a6b9d7fdefbeeffffffeec
:103cd000ffbef7ffffffffffffffffffffffffff3d
:103ce000ffffffffffffffffffffffffffffffffe4
:103cf000ffffffdfffffffbef7feffdbef096c6892
:103d00006cc97c0a854d8dd5c6dcf7ffff9ef7deba
:103d1000ffffffdffffdef31aeaa8deb8d8d8d56de
:103d2000cffcf7ffffffffffffffffffffffffffde
:103d3000ffffffffffffffffffffffffffffffff93
:103d4000ffffffdfffddf798d653b54e8c875a4350
:103d500031e641e641a95ac95a874ae85a8a732f7f
:103d6000a532beafadeead2a8dc87487742774eb53
:103d700094b0b56fb5b2cdb2c5b3c5f1acb4c55a48
:103d8000f77aef14be8e9c92bdb3c572b50c8cd37e
:103d9000c534ceb6e617ef31b531ad52b5d4c572e4
:103da000b551adf4c572b552ad4b73ca622c6b2dd3
:103db0006b284a284a6d7354a55ae7b6ced0b5a8e9
:103dc0008c036ca36c8054e15cc25c8474a47b257e
:103dd0008b24934493078c96ef10a6cd85e97d2a1a
:103de0008e6b8dd0a5bdf7ffff53a5fcf7bdeffc93
:103df000efd2b66b8df3be96cf96cf71a66c85cc05
:103e0000950c96cb8daa85ed95f4c6fbeffdf7defc
:103e1000f7ffffdfffffffffffffffffffffffffda
:103e2000ffffffffffffffffffffffffffffffffa2
:103e3000fffffffffffeffdefffffffef758d78a01
:103e400074876c466c476cec8414b6bdf7deffdefd
:103e5000ffdeffffffdef7b4be6a85ca8dec95ceac
:103e60009d99e7fff7ffffffffffffffffffffff4a
:103e7000ffffffffffffffffffffffffffdfffde93
:103e8000f7bef7bef7fadeb19cc95a01296331e6e5
:103e90004186390942aa4a884ac952296329630bd3
:103ea0007c2974697447740985087da77468746dea
:103eb0009d56df11beefb451bd72c593c5f1ac93f1
:103ec000b518df59dff4cd52bd35d639f79aff9ad0
:103ed000ff17ef54de50bd30b531b552b573b5158f
:103ee000c635ce55d696def0a4895a495249526a53
:103ef00052cb5aaa52c952e84a6b7c487ce473639d
:103f00007ca26cc164c3648254c464246c647b442a
:103f1000932393438b4cb5cdb58c8dac7d0d860d25
:103f20008eb0b670b6feff5feff8bdfdf7daefb109
:103f3000b6cb950f9655cfb09d75b6dbe7fbe73551
:103f4000c771aeed9d6a85cb958c9531b6bbeffe02
:103f5000ffddf7fdf7ffffffffffffffffffffffa5
:103f6000ffffffffffffffffffffffffffffffff61
:103f7000ffffffffffdffffffffefffeffdef7f8a3
:103f8000d6e86be55b6564876c696c4f95bbefddcc
:103f9000f7ffffdffffff7f8cec9742b96aa85ee77
:103fa0009595befcfffffffffffeffffffffffdf5a
:103fb000f7ffffffffffffffffffffffffdef7ff42
:103fc000ffdff79eefae7b4008a218a641c741c7ae
:103fd00041a7390842894aeb52ca52c94aa742a6a8
:103fe00042485be96b6974286c486c07644974ed5e
:103ff0008cb1adaa73ab7b8b734b732b6b2b6beac2
:1040000062a952684a474a2a6b32ad72b551bd1057
:10401000ad30b572bd71bdd3cdb6de18df7aef9b82
:10402000f79cf77cf759d6a95ac95a8852884ac9c9
:1040300052a84ac8526b7c0a8523646064a06481dc
:104040006c83744374a474235c055c077c879ba712
:10405000b3859be593ecad0b9ea885ea85ab8dd32c
:10406000c636d7d4c6dcff16c67be7dadf50aeac67
:10407000958c8db2b6fbf756d76e958e9576d7fb9d
:10408000efdcefddf77ae7f7d613be70a592b53a0d
:10409000e7feffdef7ffffffffffffffffffffff72
:1040a000ffffffffffffffffffffffffffffffff20
:1040b000ffffffffffffffdefffeffffffdff7bd9c
:1040c000ef74bea763c453c453466c4974d2adfeab
:1040d000f79ef77ef7fef7dbe7ec7c697dc985eca0
:1040e00095b09d5be7fefffeffdeffffffdff7ff02
:1040f000ffffffffffdeffffffbef7bef7ffffbec4
:10410000f7ffff55ad00020421c741a641a741a713
:10411000418631694a8a52aa524942694aa94aa843
:104120004a4542c331275b0d95cc8c8b7c8c8448ef
:104130005b6963874a874aa852a952a952aa5aa919
:10414000528952895289528852ea628f9c73bd9378
:10415000bd92bdd3c5f9e6dcffbbf77ae77ae77b12
:10416000ef9cf778d62d738639c95a474ae952240d
:1041700032885b6d95435ca46ca364e36c415c2264
:1041800064036c868482630a8d14cf6fb5e482c6a3
:10419000abe6a3699c8a9dca95ca8dec8d91b6fa4f
:1041a000ef75c617d7bcf7d4add9e7b2b6ab8d4a19
:1041b000858e95fbefddeffbef51b6ed9d4a8dd37c
:1041c000befbeffff7fff7fdf7dcf7dbf739e71a88
:1041d000e77ceffeffffffffffffffffffffffff9b
:1041e000ffffffffffffffffffffffffffffffffdf
:1041f000ffffffffffffffffffdeffdfffffffdf30
:10420000f7fdf792a585532564856c666ce9633ae2
:10421000dfbef7ffffdeeffef7f1a5876c0a8eea3f
:10422000954c8d54beddf7fdfffeffffffdef7ff6f
:10423000fffffffeffffffffffffffffffffff9ef0
:10424000f73ce700026210c739c84187398739e86f
:1042500041c7410742e8418a52ab528a528a5269a9
:104260004a2742c539c5396329cc738b638742e934
:1042700052ea52ca4aa94aa94aa94a694a694a69f4
:1042800052aa5aeb62694a6952684a8852ac7b5317
:10429000b577d67bf77bef3adfbbefdbef9be73af7
:1042a000e7dade6952c841c739a531463a064b0bf9
:1042b00085087d6364c25ce35cc35c835c84646486
:1042c0006c4153a36bc87bed9cdaf7adacc8ab0770
:1042d000b468ac2badab95cc95ed9531a6fbeffd5d
:1042e000ffb4b53adf9be794be12bfc98dca8dad4e
:1042f0009594befdf7ffffbdefb9e7ce9d8a8d8b8c
:104300008d93b6fde7fff7fff7fef7fefffdfffd1c
:10431000ffddf7feffffffffffffffffffffffffd8
:10432000ffffffffffffffffffffffffffffffff9d
:10433000ffffffffffffffffffffff9ef7dfffbf56
:10434000f7feffdcef2d956453c35b866c486c2f42
:1043500095fcf79defbff79def57d7686c697dca55
:104360008d0d9e6c8d39dffeffffffffffdfffff2e
:10437000fffffffeffffffffffdfffbef79ef7ff20
:10438000ff6d6b0421663187318739e941a739c751
:1043900039e741a631c7396a52ab5a8a526a524943
:1043a0004a284ae741c641284a8952a952ca526955
:1043b0004aaa528a4aca4aaa4aaa4aaa52aa528a65
:1043c000528a528952aa52484aca5a484aca5aa9d3
:1043d00052d5b55be7fcefdbef79dfdaef79dfbbd6
:1043e000efb194e741284a063a6542496ca76c83cd
:1043f00064815cc064a05ca154a25c635c456444bd
:10440000530232a6526c7b8a7391bd8893e9b3c87c
:10441000ab48a46baded958d8d52aefbefddf7bdd6
:10442000f732a55ae734ae50a6ca8d098eea8def51
:104430009d9ae7def7ffffbef7fef778d7ad95ec64
:10444000958c8dd3b6beeffff7fff7def7def7fef4
:10445000fffefffeffffffffffffffffffffffff6e
:10446000ffffffffffffffffffffffffffffffff5c
:10447000ffffffffffffffdfffffffdfffbef7ffd5
:10448000fffefffdffb9efcd8c254b634b666cc67d
:104490006332b6fcf79fffffffdcf7ab7cc86cc94b
:1044a00085c985ca8533aefceffeffdfffffffff46
:1044b000ffffffffffffffbef7ffffdfffdfff385c
:1044c000c66631e4186631a739c841a839c841a782
:1044d00039c639c639c7392842694a8a4a8a52696f
:1044e0004a0842e841494a2842aa52894a8952aabe
:1044f0005269528a528a4a8a4a8a4a8a528a52aaf5
:10450000528952894aa952aa52694a8952a95289a2
:1045100052684ab8d69be77ae7bbef9aef7ae75a38
:10452000e7063a06420332e96b88744364036d6020
:104530005ce16ce16c425ca46cc774234b42322496
:1045400032a94a694aaa5aa8520a8ca893a8abc8a9
:10455000abeab48badae9511a6badffef7feff7bda
:10456000ef6e8c99e70d856b85ca8d0b96ad8df638
:10457000c6feffdeffbdf7dffffffffdef76cfcd0d
:1045800095cc8ded957adffef7fffffffffffffe75
:10459000ffdeffffffffffffffffffffffffffff4c
:1045a000ffffffffffffffffffffffffffffffff1b
:1045b000ffffffffffffffffffdfffffffdefffe4d
:1045c000fffeffddf7fdf77be7519d875b6353053a
:1045d00064a66352b6fcfffeffffffb7c6065c464b
:1045e00075e985eb85ae9578dffef7dfffffffff0e
:1045f000ffffffffffffffdef7ffffdfffbef771eb
:104600008c04214529c739e84108428631e839e759
:1046100039a639c639a631e7392842694aaa52aac9
:10462000528a52aa52aa52a952aa5289526952894e
:1046300052aa5a8a5aaa5aaa5a8a526952494a69a5
:104640004aaa52ea5aa952a952484a284ae741c6f8
:1046500039484af29cbdef9cef9befdcf739e771dc
:10466000a58963c6528874e77c6364a164e16ca188
:1046700064616423642674655be2318321ea5a89ac
:104680004a894ac952884aa852c76a6893a7b30799
:10469000b4ebb48dad73b6fbe7fdf7defffeffdbd9
:1046a000f78c84d3c6ea7ced95ac8dae9578d7feb9
:1046b000f79df7ddffbeffffffbff7fef7fcf7b288
:1046c000b6ad95ad8dd4c6fbefddf7ffffffffff65
:1046d000ffffffdfffffffffffffffffffffffff0a
:1046e000ffffffffffffffffffffffffffffffffda
:1046f000ffffffffffffffffffbef7fffffeffdd36
:10470000f7def7fffffeffdef79be70f954553a5aa
:104710005b645b845b10ae9be7fff7ddef0c85a667
:10472000644875cc8dcc8db3befdf7ffffffffff56
:10473000ffffffffffbef7ffffbef7ffff5ce7c312
:1047400018e418452986318631e739e741e739c64b
:1047500039c639c6390742c639c639e739694aaa5e
:10476000528952aa52694a694a694aaa528a528aa5
:1047700052aa52694a69528a52aa528952484a48f0
:104780004a694aa94aa952484a6952084a66318682
:104790003965312b6b9bef9befbbf7f6deafad4c72
:1047a00095256cc67c415c625cc3648264625c6417
:1047b00064476c875b013a6021a431294a0a420aa6
:1047c00042ac5a6a4a884a0963866aa9a3a8b38a8e
:1047d000c48aa4efb5d9e7dcefdeffdfffbdf7f653
:1047e000ceaf9d2b858c8d8d8d32ae79dffef7bee1
:1047f000f7ffffdefffeffbef7fffffef7dceffa7d
:10480000eff4c68d95cfa5faeffeffffffdfffffa8
:10481000ffffffffffffffffffffffffffffffffa8
:10482000ffffffffffffffffffffffffffffffff98
:10483000ffffffffffffffdeffffffdef7bdf7ff1c
:10484000ffffffffffbeefdef7fefffcf7d1ad6617
:104850005b635b835b234394bedde7feef95b607a6
:104860005ce8748b85ea8dee9dfbeffef7defffec4
:10487000fffeffffffffffffffbef7fffff7bd00db
:1048800002e4184529a739e741a631e639e639e6b9
:1048900039c6390842a739a739e739c739e7414846
:1048a0004a284a6a52aa528a52ab5aab52ab52ab0e
:1048b00052694aca52894a894a694a284a0842289a
:1048c00042694aaa52895289526a52e841c841e86b
:1048d00049e749e74959e779eff2bd8b8c26740225
:1048e00064c174605cc064a05ca2648364856cc6af
:1048f0005b233a4221a531e639e739e841a739c7b8
:1049000041c7392842284a054ae67a88ab0ac44c8e
:10491000bc8ba42c9d57df39df9ef7bef7ddf75423
:10492000b6cb7cea7cee9d14c7fbeffef7dff7ff0a
:10493000ffdfffbef7fdffdeffdfffbff7fffffc7e
:10494000efd8e791b62d8d78dffef7fffffffffe72
:10495000fffeffffffffffffffffffffffffffff68
:10496000ffffffffffffffdfffffffffffffffff77
:10497000ffdff7ffffdfffdfffdffffffffeffffd0
:10498000ffdfffffffdff7feffddf7dcf7fcf7b629
:10499000ce09740453435b655bd6c6feefbdefac36
:1049a0008446642875eb856a85f9e7fefffeffbd46
:1049b000ffdfffffffdfffffffdefffeffae73a3a2
:1049c00018e4202529c639c739a639c639c539c6dc
:1049d00039e739a6310842c739c739c739e739e756
:1049e00039e739074228422842494a494a494a494f
:1049f0004a28420842e741e741e739e741a639e75b
:104a000039c739c7390742e739284aa739e941e7a1
:104a100039c431ea6bf6d6d0ad677c236c82746101
:104a20006c406c606cc16c41644464a55ba54243fe
:104a300021e4184729a941a841a641e541e539e605
:104a400039c739c841ca41c649078bc8b308b48ab7
:104a5000b48b9cae949aefbdf7deffbfffffffadb6
:104a600084c97cb09d98dfdae7fdf7feffffffdf2a
:104a7000ffdfffffffdefffeffffffffffffffff88
:104a8000f7dcefb9e7b0adb5cedcf7def7ffffdf5f
:104a9000fffffffeffffffffffffffffffffffff27
:104aa000ffffffffffffffdfffffffffffffffff36
:104ab000ffdfffffffbef7ffffbef7bdf7ffffff02
:104ac000ffdeffdfffffff9ef7def7ffffbdefdd3d
:104ad000f7bbef91a5275b855b034336cffdff391d
:104ae000dfa763876caa7d2c96b4beddf7ddfffde2
:104af000ffffffdff7bff7ffffdef7ffff284ac327
:104b000018c4180421a639a6390642c539a9522766
:104b100042c639a739e841c739c739c739e739c764
:104b200039c739c739c639c639c739c739c739c787
:104b300039c739c639a639c7396529c739e739e7c9
:104b400039c639e7390842c6398639c841a739e735
:104b5000392119433a8874e4636364a16ca064c189
:104b60006c81646164246466740453e2310219e464
:104b7000184629a831c739a6398539a539c639c794
:104b800039c741c849c839265a479329bc28b4caed
:104b9000b4098cb1adbaeffeffbef7bff7fef7a9bf
:104ba00063076c98dffcf7fdfffeffdff7dfffff19
:104bb000fffffffffffffffffffffffeffffffff06
:104bc000fffdf7dcf716d754bedcf7feffffffff53
:104bd000fffffffeffffffffffffffffffffffffe6
:104be000ffffffffffffffdeffdeffffffffffff17
:104bf000ffffff9df7def7feffffffffffffffde7a
:104c0000f7ffffffffdff7ffffffffdff7dff7ff34
:104c1000ffdff7fef739d74b748553e663f7dedd28
:104c2000f715be6b7cc764cb8dd09dfdf7fdfffdf6
:104c3000ffffffffffffffdef7ffff7defc739c379
:104c40001804212521a631c539063ae5392a6368b9
:104c50004ac639c739c739c739c739c739c739c744
:104c600039c739c739c739c739c739c639c639c647
:104c700039c639c639a639c7390742e739c639c6f0
:104c800039e7390742c8416631e841094a6531844c
:104c900029233245536364a264a064c064e16c813b
:104ca00064636c8674876bc131a010c2180429e458
:104cb000204629c839063ae639e639c739c739a73f
:104cc00039a641a641084a245aa79b49bc28b4aa40
:104cd000acc77bed94dbeffefffeffbef75be78a20
:104ce00063909dfcefdeffdfffffffffffffffff95
:104cf000fffeffdef7dffffffffefffdfffdfffe14
:104d0000fffffffff7fcf7b8cebcf7feffdef7ffb3
:104d1000ffffffffffffffffffffffffffffffffa3
:104d2000fffffffffffffffffffefffeffdefffeb7
:104d3000ffbdf779ce3be7def7ffffffffffffdfa9
:104d4000ffffffdef7ffffdeffdeffbef7ffffff27
:104d5000ff7defffffbdeffef792a5c86bab8cdbcd
:104d6000f7feff329d68644a858e95fdf7ddf7fffb
:104d7000ff9ef7fffffefffef7def7fbdea631e446
:104d800020a3182529c639e639c431464ae85a46cf
:104d90004ae641e739c739a739c739c739e739e79b
:104da00039c739c739c739c739c739c639c639c606
:104db00039c639c639073a8531e741e739c7396617
:104dc000310421a3182531e849a639c118622143cd
:104dd000322343245ca36c8164e26c8064826c4463
:104de00074c66b2ea5c762a0184431e428a420e441
:104df000208531a531c639c639e639e639e739c7e4
:104e000039c741c741e6496462c7a308b48ab4eb15
:104e1000ac087cac849ae7bcf7defffeff57c629de
:104e20005b38dffdf7feff9ef7bff7ffffffffdefa
:104e3000f7ffffffffdfffdffffefffefffeffffcd
:104e4000ffdfffdff7feffbdf7def7feffffffde50
:104e5000f7ffffffffffffffffffffffffffffff6a
:104e6000ffffffffffdefffffffffffefffefffe76
:104e7000ffdef7b9d653a5bdf7ffffdfffffff3c0d
:104e8000e7def7fffffeffffffdef7fefffefffea0
:104e9000fffeffbdf7ffff9fefffff59df6b844c65
:104ea000849be7ddef0d85c87ccd9d58dffef7ffc5
:104eb000ffbff7fefffbf7dcf7bdf7fbdea7310412
:104ec000218310e520a731a631053a864a854a2577
:104ed00042053ae641c839c739c739c739c739c762
:104ee00039c739c739c739c739c739c639c639c6c5
:104ef00039c639c739c631e74165298631e420a36f
:104f0000180529c42082184431a4318442c34225a3
:104f10005c845ca25c815c615c615c826c03648427
:104f2000638b94b2bd6e94a120a220c4280531c425
:104f300020242984318739a739c639e539c631c6d5
:104f400031c739c8414339678bc7a329b46aacaab2
:104f50009ce7736e9dd6d6dcffdefffdff72a5af2a
:104f60008cfdf7fefffceffdeffef7feefbdefde81
:104f7000f7dfff9ef7defffefffefffffffffffff5
:104f8000ffdfffdfffdef7ffffffffdef7ffffdee4
:104f9000ffffffffffffffffffffffffffffffff21
:104fa000ffffffffffdfffdffffffffffffffffe52
:104fb000fffefffdf773a5f9d6dcf7fdf79bef16b3
:104fc000bebceffdffddf7feffdef7bcf7dcf7fc54
:104fd000f7fcf7fdf7ddf7ffffbeeffcf7faeff2a6
:104fe000ad54b6fcef59d748742b8db9e7bceffe32
:104ff000f7fdf7d6d679e7bbeffeff7defc73904a3
:10500000210521c5204629a531a74aa54a84424544
:1050100042c439e639c739c739c739c739c739c76b
:1050200039c739c739c739c739c739c739e739e740
:1050300039e739e739e7392842e8396631c32024ae
:105040002924290f8c72adca73a4426453245c6373
:105050005c4154a25ce364825c225ca15300014b7e
:10506000c14ae4524a84f09ca852e220c420052997
:10507000c520e420e42007314739a639e639063a4d
:10508000073ac739a7396241879327b48ac48bace2
:10509000298c8984aea58c8c18dffdf7bbefcd8cf5
:1050a00099e7fdff9aefdae7f7ced7ce9be7fdf75a
:1050b0009def9ef7dffffefffefffffffffffffffd
:1050c000fffffffffeffffffbef7ffffffffffff3a
:1050d000ffffdfffffffffffffffffffffffffff00
:1050e000ffffffffffffffffdfffffffffffdef719
:1050f000def7ddf7fef7f7ce309516cf16cf36d7b1
:1051000052b6d9e798dfb5c6b2a5b1a56f9d2d8d72
:105110002d95cd84cd84909d32aef6ced6c633b6d5
:1051200070954c7435befef7d5c6ea6b58d7fae7d2
:10513000b8dfd1a58f9df7d6dcef9eefffffe739f3
:105140002421e420e420e318884aa64a8442a44aa1
:1051500065428431c741a739c739c739c739c7390b
:10516000c739c739c739a739a739c639c639c63982
:10517000c739c739c83967318731c4208218032934
:105180002a6b72b50fa50453a23a83534364836c10
:105190008264836c6364025c85744253e252245bd4
:1051a000e2524353c45b865be54a6019c110e320b9
:1051b0000521e520e5206518a52025298631e73958
:1051c000073aa6396539245a258b47bc8ac4abac4b
:1051d000698c8da52b952874f1adfbef37d728642a
:1051e000b3b654b611ae509dd6cefbf7fcf7dcf744
:1051f000feffffffdfffffffffffffffffffffffe0
:10520000ffffffffffffffffbef7ffffffffdfff17
:10521000ffffffffffffffffffffffffffffffff9e
:10522000ffffffffffffdfffbfffffffdfffffff0e
:10523000ffffdef7fdf7b8df6b7434c7ea7cea8462
:10524000486c486ce763476c686c066406640564e8
:10525000c45b0664486c4664476ce763d1a536cfef
:10526000af9d91a5dad698c6fcf73195b6be54cf5e
:105270008b95ad95ce9d59dffeffffffdfff0c63e1
:10528000c218e320e320a110cb73233a8342a44a3f
:1052900045428531c841c739c839c739c739c739c7
:1052a000c739c739c739c839c739c739c739c739fd
:1052b000c739a739a8394831c520a42082180d84e0
:1052c0004c8c4773414a424b045c8464c36c826ccf
:1052d000616ca15ba67c6ca56dad098cc562635a3f
:1052e000c352845b824b4464e45b4453022a4221f0
:1052f000e318c420e520a620a520c520e5204629e6
:1053000045290329c120a572859b05b427b4099cb2
:10531000aa944b95677c476caa7cd5c64e8d265cbb
:105320008d8db09dee9d37dfbaf7fcffdcfffdfff2
:10533000fefffefffff7fffffffffefffefffeff8a
:10534000ffffffffffffdeffffffdfffffffffffae
:10535000dfffffffffffffffffffffffffffffff7d
:10536000ffffffffffffdeffbeffffffffffdef7d8
:10537000ddf7fcf7dbefb3c6897c0564866c656cf2
:105380004664c8742664866c676cc5534243a14b5f
:10539000235c055c0864e45ba97410a6b8df37d70a
:1053a000919dbbeffcf7b9ce39d799d792a60d8e58
:1053b0008985cb9571bedcf7ffffdfffdef74c6b15
:1053c00061104429e218a752a54a8342a342854aa4
:1053d000e539484ac739c741c741c739a739e84104
:1053e0000842c839e839a741e841c739c741e84907
:1053f0008639e7412421a310e318c6396e8ce65a9a
:105400002563035b025b2354a464846c0264e26b37
:10541000658c09ad4cbdedcceec450cd8dac267382
:10542000c24a214b025ce36cc56c4564c55b444bce
:10543000e129c0180429e520e62006298320e4207c
:10544000c418e3204241668b659ba5b308b446832c
:105450008773897c456c866c486c2d8d0c7d0a7d2c
:105460006b8dd2beb9e7fdf7feffdfffbfffbeffca
:10547000feffddf7feffdfffffffffffffffffff88
:10548000ffffffffffffffffffffffffffffffff2c
:10549000ffffffffffffffffffffffffffffffff1c
:1054a000ffffffffffffdeffdef7deffbef7bdef12
:1054b0009be7f4b5cb732a74296c276c666ca774d0
:1054c000a76ce45b876c2564e55ba553a453246457
:1054d000456c8874ab7caf9d77d7d9e777dfb7e7aa
:1054e00090a5fbefbcef7ce796be35c78c852b966d
:1054f000ea95ce9ddbeffef7fff79def7bef12a560
:10550000e749a31804212863a552c34aa342a54a28
:10551000c43985312842084a6631a7390842a7397b
:105520008631c739e739e74186310842c7396631e4
:105530004531c3200321e32006426a6b4442c45232
:10554000e352e573425b82538153825b2574e99495
:105550006cb58ebd6fc5f0c4d0bcf1bc32bd91bd81
:10556000cc948463e04a02542464856ca56ca56cd9
:10557000e45ba33a000111032125218318a420052f
:1055800029e520a3204349e57a859b24a3259b0692
:105590007b8129aa7c666c4564686c696c4b8de9db
:1055a0007c10a678dffcf7ffffbff7fffffefffdd3
:1055b000ff9bef7be7bdefdfffffffffffffffff7d
:1055c000ffffffffffffffffffffffffffffffffeb
:1055d000ffffffffffffffffffffffffffffffffdb
:1055e000fffffffffffffffef7feffffff5ce794fb
:1055f000ad6f84af8c319d71a5d2ad4e95c65b4623
:1056000064456446644764266c6453486c0b8506a5
:10561000644874d0a599dfddf7fdf7fcf773bef39e
:10562000ce92beb3ad5cdffdefd5becd95aa8de9c0
:105630008daa8d12ae9eefbff7dff7feffd7de9388
:10564000bdf08b26290100010ea5e452a24a824238
:10565000854a4329242104212529a739e84187398e
:105660008631e7390742e741e74186316529462916
:10567000c420e420e3208531454aa64aa44aa34237
:10568000a563024b803a066cc15a8573aa946eb525
:1056900070b530b551b593c5b2cd14d614d6d3cdaf
:1056a000b2bdd2bd4fa52a7c034b224b4464625c41
:1056b000a15c046d856cc55b0342a01003214531dc
:1056c000a420c51883208451e57a86a385abc9ab95
:1056d0000873600001c85b255c255c2664276ccce0
:1056e0009d51bedbf7ddf7feff9ff7dff7ddf79992
:1056f000e733b691a59be7bdefdfffffffffffff9d
:10570000ffffffffffffffffffffffffffffffffa9
:10571000ffffffffffffffffffffffffffffffff99
:10572000ffffffffffffffffffdef79defbdeffe77
:10573000f7fef7fdf7fdf7fcf7fcf7dcf759df0d97
:105740008d676c6564866c065c286c6974d3bef8e2
:10575000e78653e863ee8cfceffdf7fffffef7747e
:10576000be4c95b5dfb9e7dde7dadf51aecc95aadf
:105770008dcb952fa698dffef7ffffbdf77aef548c
:10578000ce72bd95bd895a6329c86b2c95613aa329
:105790004a444223210421c41804212429c318c3e4
:1057a0002025292429e4200429e4202529c418e4fb
:1057b00020e420232906426a6b83424553855b849b
:1057c0005b224ba45b2353245be78becac8fbd9136
:1057d000bd13ce18ef7af73aefb9f7baf7baffdb95
:1057e000ff9af79af7dbff39e791ad8763c13a0279
:1057f0005cc364615c2264857c077483424119a1a7
:10580000182529a418e428e5592793e8abe7b3c97c
:10581000ab0652c108ac74c76c255ca86ce5636c20
:105820009d78e79fffdfffbdf7fdeffceff5c6ae0c
:105830009d6d9db9e7dcefdfffffffffffffffff7f
:10584000ffffffffffffffffffffffffffffffff68
:10585000ffffffffffffffffffffffffffffffff58
:10586000ffffffffffffffffffffffffffffffff48
:10587000ffdef7fefffefffefffeffdef79ce713f5
:10588000ae0764a774e87ccd9dea74696c74c7ceda
:105890009d444ba65b67534c7433b6bae7fcef37b5
:1058a000d78d95ad9535c7fadff4becd958a8dceef
:1058b00095f4bef8dff9ef93beee946d8c95d60f9c
:1058c000ad71bdb3c551b5e662c7636c95a65b63a8
:1058d0003a65420321e4208218c2180321232124bf
:1058e00029c320a318e4208318e42866396639a662
:1058f000418c730d84075ba552434ba45ba453c535
:1059000063845ba24a055b4b8c51bdd3cdd8e69b2b
:10591000ffbcff5bef7cefddf7deefbeef5bdf7b15
:10592000e7bcf77aef7bef7bef9aeff7d6ea7304e9
:105930004b0243a35b05744263e36be563a75b60c3
:105940002101190321a118455a889be8b3e7b3c97f
:10595000a30229a0080d85c874255c6764686c8b58
:105960007c5bef9fff9ef7fcf7b7cfce95ac95ac75
:105970009555d7fbeffeff9ff7fffffffffffffff0
:10598000ffffffffffffffffffffffffffffffff27
:10599000ffffffffffffffffffffffffffffffff17
:1059a000ffffffffffffffffffffffbff79ef7ffb8
:1059b000ffffffffffdfffffffbef7ffffddf75831
:1059c000dfab840764476cc65bc874a76c255c2595
:1059d00064c453424ba55b8553a55b66532a6c8a0e
:1059e0007427644764ea74ca74ca74497d2d9e762c
:1059f000cf74b6ed84276c8774e8732f9d96d6d24a
:105a0000c5b2c571c591bd8fb5296ceb846974634e
:105a10003a4229e2206018232901196229a431277a
:105a20004ae641c2208218a220a6410f9474bd32da
:105a3000ad6d848442624246638453a45b43532326
:105a4000534563097c90b513c639ef9bf7bcf7bc8f
:105a5000f7dcefdcefdce7bbdfbbdfdce7dbe7db62
:105a6000e79ae75ae77be77bef7befbcf739e77113
:105a7000ada54a634a466b867b4153a453065c49f5
:105a800074e552000119000121067388a3a7ab0930
:105a9000b468934010463a4f95cea5a974065c06ab
:105aa0005c4f95bdf7bef7fbf773b6ab852d968bb4
:105ab0008512bffaeffcf7ffffdfffffffffffffdd
:105ac000ffffffffffffffffffffffffffffffffe6
:105ad000ffffffffffffffffffffffffffffffffd6
:105ae000ffffffffffffffffffffffffffffffffc6
:105af000ffffffffffdfffdffffffffffffffffdf8
:105b0000f7dbef53be6a7c6974c65b06644664c803
:105b10007482538253a3536353c463c45ba45b4333
:105b20004ba55307642664255ca66c465cc353a84a
:105b30006c8653a65b476c25648774297496cebc2b
:105b4000f715ce50bd50c5d2cd70bd097c08748efe
:105b5000a590ad51ad11a511a5c75aa64ae752456a
:105b600042e75a8e9431ad93bdf4c5d3c514ce6cc3
:105b700094055bc44a244bc6636453655b24536538
:105b800063a7732da58fb5b4de97ef35d714cfd3a8
:105b9000c692be71b651b651ae71aed2be71b635b7
:105ba000cff9e7b9e77ae79be77bef9be7bcf79b89
:105bb000eff8deb7d630a5c65a845a2253c453c470
:105bc00053a45b0774a86b634a457b85a328b4295b
:105bd000ac6462c01014ae99e7fbff90a5676ce55a
:105be0005b6f8dfcf798dfad958c8ded8dac8d7175
:105bf000aeb9e7fdffffffbef7feffffffffffffb0
:105c0000ffffffffffffffffffffffffffffffffa4
:105c1000ffffffffffffffffffffffffffffffff94
:105c2000fffffffffffffffffffffffffffffffe85
:105c3000ffdeffffffffffdfffdff7bfffbef7fd68
:105c4000fffbf7baef12b68a7c75d734cfaa7c4433
:105c50004bc55b466ca4538353a45ba453624bc3f4
:105c60005be45b676c6664045c235c245cc34b840c
:105c70004bc55b624b025c866ce75b12b6ddf7bf1f
:105c8000ffb5cd71c571cdb3cd93c5eda425630d21
:105c90009db0b5b2bd30ade75ac552ca736863480e
:105ca00063ee9cf2bdd1bdf2c512c64ead05636276
:105cb0004a03538453c5534343a55b255b4663ccda
:105cc0009c6eb52dad6fb5d0bdcfb552ae52ae52b4
:105cd000ae52ae72b672b652ae11a6cfa5af9d8fc0
:105ce0009d2f95b2a596c6f8d67ae79be79ae779f5
:105cf000e799ef79e717dfb5ce0763613a2343a44d
:105d000053825384634563666b457b849b07ac0970
:105d1000a4c66a69639bdffdf7bcff17d7c55b05a7
:105d20005c51a6f5c6ac95cb8ded8d8d8d51aeb980
:105d3000e7feffbfff9ffffffffdffffffffffff2e
:105d4000ffffffffffffffffffffffffffffffff63
:105d5000ffffffffffffffffffffffffffffffff53
:105d6000ffffffffffffffffffffffffffffffff43
:105d7000ffffffffffffffffffffffffffdff7ff5b
:105d8000fffffffeff3be7d4b50c7c94cef9ef5547
:105d9000d7286c244b84536353224ba453634b8307
:105da00053634bc3538353a353c353634b8353a4d2
:105db0005ba35b8253a353886c71b6faf7fbff9b1e
:105dc000ff53bd74c574cd52c551cd10b5898390b4
:105dd000bdb0bd4dad4563a773676b444a855aeeb0
:105de000acb1c5d1c512c6b1b50a7c2353445b65bd
:105df0005b8453c353e45b835b035be88bafc54faa
:105e0000b590bd8fb56ead72bed3c6d5ceb5c63713
:105e1000d799e7bae7faefdbefdbeffcefbbe79ae6
:105e2000e7daeffbefbaef7ae79befbcef9bef9b74
:105e3000ef7bef7bef7befbcf7ddf7f3b56b7c41de
:105e400032634b8353435b4473668ba8a3e79b2663
:105e500094235bcc84f7cefeffbefff6d6e5632429
:105e60005c32b7ed8d0a86c97dec85f09d58d7dd93
:105e7000f7bfffdfffffffddfffefffeffffffffbe
:105e8000ffffffffffffffffffffffffffffffff22
:105e9000ffffffffffffffffffffffffffffffff12
:105ea000ffffffffffffffffffffffffffffffff02
:105eb000ffffffffffffffffffffffffffffffde13
:105ec000ffffffbefffeffddf7d7d68d842e8d7658
:105ed000d792b6865ba663e86b2d956553a65b8566
:105ee00053a55364538453a4538453644b434b824c
:105ef00053825383530664886c476ccb8472be36de
:105f0000dfd2bd50ad51b5b2cd92cd92c5efb470d8
:105f1000bd6fb5466b824aa352224ac66a0fb5b21c
:105f2000c5b2c5aea4a97b8352e45a244bc65b65b7
:105f30004b64536353c152e7834db54fbd2fb5ae8c
:105f4000a4ea83e97b2c954c954b8d2b950c952dd4
:105f5000a54fadf2c517e79af79af75ae79befbb43
:105f6000efbae7bbefbbef9bef9bef9bef9bef9b8a
:105f7000ef7bef7bef7bef9cef9cf75ae79ae7f51f
:105f8000c6a6530243e252247b458b049348aca738
:105f90009ca6848b9532aefbf79bf7b7efe042c52a
:105fa000746e9e8c85cc8dee95f1957be7fef7ffa8
:105fb000ffdff7def7fef7fef7def7bdf7def7fff0
:105fc000ffffffffffffffffffffffffffffffffe1
:105fd000ffffffffffffffffffffffffffffffffd1
:105fe000ffffffffffffffffffffffffffffffffc1
:105ff000fffffffffffffffffffffffeffffffffb2
:10600000ffbfffdfffdfffbdf7fdfffdf7b6c6cd2a
:1060100084096cab84e44af9ef77df2c8de3428589
:106020005b85538553a55b234ba5538553c65b8581
:1060300053a55bc45ba8744764476c2664476c2710
:106040006c47744c9d11be6fb5b2c592cd10bdd2d8
:10605000cdea83624ac352634a0a84d2cdf3cd713a
:10606000bd897b0763a873a252c2522453445303d1
:1060700043444be7730cad8fc56b9ca98b076b2812
:10608000736873266bc773497c4c9d6dadcebdaff5
:10609000bd4fbd70c530bd51bd96e6bbf7bbf77bac
:1060a000ef9befbcefbbef9be7bbef9bef9bef9b47
:1060b000ef9bef9bef7bef7bef7cefddffb8d6ba7a
:1060c000df31a6286c035be372048be5ab48ace9d7
:1060d000a4eaa5ea9d6d95fbefbbf799e7a55b499f
:1060e00085c8744b85ed9dcf9ddadffcffdcfffd9d
:1060f000fffdf7fcefbbdf1bd779c69defbef7ffb7
:10610000ffffffffffffffffffffffffffffffff9f
:10611000ffffffffffffffffffffffffffffffff8f
:10612000ffffffffffffffffffffffffffffffff7f
:10613000ffffffffffffffffffffffffffdeffff90
:10614000ff9ff7bfffdffffeffdcf7baef74be8be8
:106150007c51b6b1be4974c75b664b855b645364c2
:1061600053a453634b8353c55b63538453875bae24
:10617000846b7c0564077de87408644664a76ce45e
:106180005b456c256ca9848fb5d1c551c5b3d5cb02
:106190008b64528352266390b512ce90b54b8c0619
:1061a00063265b6242866b866ba24aa25a824a854c
:1061b00063eb8c2c9d298c0663476b4573e8838bbe
:1061c0009c4ead8fb5afbd6fb5f2c5d1c5d1c5126f
:1061d000d6b2d571c592c5b2bdb2bd55c65ae7dcbf
:1061e000f79cef7be7bcefbcef9be79bef9bef9b44
:1061f000ef9bef9bef9bef9bef7befbcff5ae738ea
:10620000cfd19d8e9d4884c58b449ba5aba89b3266
:10621000cecfbea98d6d8dfcef9bef2d95e563650f
:106220006c476c496cd0a5dae7bcef9cf7fdffb971
:10623000e7d3be0f9e8d8df1a558dfbdf7deffffc2
:10624000ffffffffffffffffffffffffffffffff5e
:10625000ffffffffffffffffffffffffffffffff4e
:10626000ffffffffffffffffffffffffffffffff3e
:10627000ffffffffffffffffffffffffffffffff2e
:10628000ffbfffbff7feffdbefd2ad0864286468f5
:106290006ca8744b8da97c276cc65b6553845343f3
:1062a0004b835325648453a45b444b287437d7fc39
:1062b000f7b5c68974aa9529852864886c886ca767
:1062c0006c866c666c276c4984f1c5b3cd0d9ca7b8
:1062d0006aefac2fad6fad90b52fad6763866303ea
:1062e0004bc563845b8563a66b666ba152278c4ca0
:1062f000ad48846663a76b676b476b456ba77bcb29
:1063000094aa8c69840c95cb946eadb0adb0b5d128
:10631000bd12ced6e679f759ef59ef79e77ae77be8
:10632000dfbce7ddef9ce77be7bbefbbe7bbef9ba9
:10633000e79befbbefbbefbce79ce77aeffcff749a
:10634000be11a68e95ca94437b85a3c5ab478b949b
:10635000d690b6ab95af9d9ae77adf49740764474c
:1063600064aa74f5c6faefdaefdbef12b60d954dbd
:106370008dcd95cc8db1b6d9e7fbf7feffffffffc2
:10638000ffffffffffffffffffffffffffffffff1d
:10639000ffffffffffffffffffffffffffffffff0d
:1063a000fffffffffffffffffffffffffffffffffd
:1063b000ffffffffffffffffffffffdef7ffffff16
:1063c000ffbef7feffdbef4f95286c865ca764a845
:1063d0006c27642b8d2fb632d74fb6e763444b63df
:1063e0004b26640664c65be763875b70a5faefd94a
:1063f000ef8c844c8d6c8dafae876c2b7dac8d6b30
:106400008d09854774687c4ea58fb550bd30b5f4b5
:10641000d5b2c5d1bd2b8c4b8c644aa342855b267b
:106420006c8353c45b234bc34a0453e5638463c545
:1064300073077c86638763a873066ba773055b4944
:106440007ccd9d8c8d8b854a854a85298567742beb
:106450009510b6f1bd12c614ced4c596c639dfbbb1
:10646000e79be77be79bef9bef9befbbe7bbe7bbc4
:10647000efbbefbbefbbe7bce7bcefbbf775c6d626
:10648000ce93be6e9d2884858b45930293678b6c5b
:106490008c55d7f6e78f9dfaef99e70a6c2a6cccfa
:1064a0007c4a6c53b60e95cd840d8d6d958e9d30c6
:1064b000ae35cfd9dffcefdef7dfffffffffffffd9
:1064c000ffffffffffffffffffffffffffffffffdc
:1064d000ffffffffffffffffffffffffffffffffcc
:1064e000ffffffffffffffffffffffffffffffffbc
:1064f000ffffffffffffffffffffffffffffffffac
:10650000ffbdeffcf753b6e663a77486646764aa21
:1065100074f5c66f9dcc8c8563024bc663a453256e
:10652000644664634bd2beab7c875b37d7fbf7b363
:10653000c6286cad956b85cb8d897daa850c96b0f0
:10654000b670b60faeaea5cb8c0d9dd1c570bd504b
:10655000bdf3cd0ead676b265b6763086c4974a60f
:1065600063c663034b234bc55b67748a74086c6511
:106570005b655b8663666345632563255b455b8975
:10658000740e9e8b858a850d9e8c8daca58c9d6c22
:106590009d6da5f0b5b4d637e7baf77aef7aef7a02
:1065a000e79befbbef9bef9befbbf79bef9bef9b5b
:1065b000ef9bef9bef9befbcefbcef7cf716c67a2f
:1065c000e7d9ef11b6498c05834593048b067bc749
:1065d0005a295bcf8c92ad71a50b742e8df0a5f36b
:1065e000be8e9577dffbefdbefbbe7fbe7fceffd54
:1065f000f7fdfffdffddf7fefffffffeffffffffe3
:10660000ffffffffffffffffffffffffffffffff9a
:10661000ffffffffffffffffffffffffffffffff8a
:10662000ffffffffffffffffffffffffffffffff7a
:10663000ffffffffffffffffffffffdffffffffe8b
:10664000ffddf738dfc763866ca46c2674697c981d
:10665000dffcef3195f6c64d8d2b7d656c856c03a7
:106660005ca14b045c877465534553e96ba8634692
:1066700053486cc86c0b8e897dea85c985a985abaa
:10668000958d954d958fa52d9d4ea50da54eadcd06
:10669000acca8b2252624a665b45530453623a0588
:1066a00053a442e44aea7c4a85287d4c7c875bc738
:1066b0005b865b255ba76bc66bc563e663e6632bf6
:1066c00085ac8d8c952faecfadd0b54ebd6ebdf0e7
:1066d000bd51c631beafa56f9d12b6f9ee7bf79bdb
:1066e000f79bef9befbbef9bef9bef9bef9bef9b32
:1066f000ef9bef9bef9bef9befbcef1def9adebc98
:10670000ff35c62b842673468b2693268be772882b
:106710005aab526a4aca5a295b0c748e8416cfb39c
:10672000be30ae93bef6cedbeffceffff7dff7bf78
:10673000ffbfffbfffdefffeffbdf7feffffffff56
:10674000ffffffffffffffffffffffffffffffff59
:10675000ffffffffffffffffffffffffffffffff49
:10676000ffffffffffffffffffffffffffffffff39
:10677000ffffffffffffffffffffffbeffffffff6a
:10678000f7fbe70c85476c4774c563b2b5fcffddca
:10679000fffdffbae7d4c6e97486646664e353c6b6
:1067a0006cc77446642243e6638453a65b655365f5
:1067b000538453c453887dc87d287e4986e985ec7f
:1067c000958d95cfad30b66d9d6c9d0c9d8a8c835b
:1067d0004ae45ac4524242c44aa3428342a34ac230
:1067e00029842908538b95c995ab95c95ba742ab02
:1067f000630e950c8d0d8d2a7cc873e97c698548e4
:106800007df0b693b6b1ad50adb0c5b0bd4ead4e96
:10681000adf0bdd4ded5d6d5de95d6b6d6d7dedb87
:10682000f79bf77aef9af77aef7aef9bf77aefdb3d
:10683000f77bef9bf77bf7bcf79be7fae6b3a4abdc
:1068400062a6392552488be68a4793478b866a8a27
:106850005a8b4a6a4a8952aa5289426b63d3adf76e
:10686000d674beafa58d954a852d9e99dffbeffeb0
:10687000ffffffbfffbfffdfffdfffffffffffffe8
:10688000ffffffffffffffffffffffffffffffff18
:10689000ffffffffffffffffffffffffffffffff08
:1068a000fffffffffffffffffffffffffffffffff8
:1068b000ffffffffffffffffffffffffffdfffdd2a
:1068c000eff7cec863244b2d9557dffdffffff7f09
:1068d000efddefcfa52464c67466644664c87425f2
:1068e0005c466c476ca553a55b634b624b8353843a
:1068f00053a874aa8d0b8e0a86e97509860a8e6ada
:1069000085cda5efad8ea5efad0b8d4563866bc82c
:1069100073a3524663a44aa44a6442e3318129e442
:1069200031a631a74acda5298d6c8d284ba942a946
:106930004ae74aa4424f9553be46638a746c8d8cd5
:106940008d0b7d73b616d7b5d6f2c590b570b591df
:10695000c550c570c595e675de96deb6d6d7de762f
:10696000cef8de7aef18e739e77aef5aef9aeff7c9
:10697000de96cef8e6d8e63ae7f5b5084aa849a883
:10698000418539455a2793069306930683465a89cb
:1069900052ab528a4a8952a952894ac952a94ad14c
:1069a000947ae7bbef74be11a68e95709575be9b69
:1069b000e7fef7dfffdfffffffffffffffffffff48
:1069c000ffffffffffffffffffffffffffffffffd7
:1069d000ffffffffffffffffffffffffffffffffc7
:1069e000ffffffffffffffffffffffffffffffffb7
:1069f000ffffffffffffffffffffffbff7dfffdd31
:106a0000f7f0940b74d6cefcf7fef7bcefdff71c63
:106a1000df6d7c876cc474e253476c486c71b6f7c9
:106a2000e7d3be086c07648453e45b2985c77cab5d
:106a300095cb8d0b8e2c8eca850c860b8e8a850984
:106a40007dc87c8d9d0fae6d9daa7c445b824a46bd
:106a500063c873444a654aa2316229c531063ae6e1
:106a6000398629063ab0a5044bcc84a94aaa4a6ab9
:106a70004ac95285420b7433b68c84c54aea6b4fbf
:106a80008d6f952e8df1b574ce74d6b6d654ceb228
:106a9000cd55eeb3dd72d555e675deb6d696d697f2
:106aa000d696d6b7d6b7debbffd8def8e6b7ded6c9
:106ab000deb6ded7de19ef53b5642967416841c8f9
:106ac0004984398562279347a3e692a56ae5492858
:106ad00042694a894a8952a952894a894a894a8a15
:106ae000521084fbdefef7ddefdde739d714b61573
:106af000b67be7feffdef7bdeffff7ffffffffff0f
:106b0000ffffffffffffffffffffffffffffffff95
:106b1000ffffffffffffffffffffffffffffffff85
:106b2000ffffffffffffffffffffffffffffffff75
:106b3000ffffffffffffffffffffffffffffff5c08
:106b4000e7d5bddcf7fdfffffffff7fcf7b6ce4b47
:106b5000746974676c676c086c6a74d5c6f6cecac3
:106b60006b07538963096c64538b952e9e2d9e0b86
:106b700096ca85cb85cb8dec8d6b854d8d69740662
:106b8000646774476c4453244b086caa84255b06e5
:106b90005b4863e85a2221e2206429e739e739e7b4
:106ba00039c7396529cf94033a8b632842494a6a29
:106bb00052a952e85228530f958e84864ae95229e9
:106bc000530c6ccd84b0ad94ce74ceb6ce75ce558c
:106bd000d614d6b6ee75def3cdb6deb6de96d69713
:106be000de76d655d675d635ce96de56d6b6de5579
:106bf000ce75d679f773b5a539a53988418841a7ef
:106c000041a439277b479b47a30693665aa439c6fc
:106c100031083a684a88528952aa528952ab5a4975
:106c20004aab5ad39c5deffff7fff7fdf7fdf7dda9
:106c3000ef9cefbceffef7fffffff7ffffffffff4b
:106c4000ffffffffffffffffffffffffffffffff54
:106c5000ffffffffffffffffffffffffffffffff44
:106c6000ffffffffffffffffffffffffffffffff34
:106c7000ffffffffffffffffffffffffffdfffdf64
:106c8000ffdfff9ef7ffff7cefddf7d6cea7636740
:106c900074466c8a74ee8cf8ce9ae7f4b5f1941ac7
:106ca000df7be7fceffae7454bc97c8a7d0b8e89d9
:106cb0007dcb85ed95ae9531ae77df38d70e952932
:106cc0006c4453e142e663034ba242455b2a7ce6f7
:106cd000528229022124290429a3184529a6310713
:106ce00042a731e7392b63a531484aa639a639e7cf
:106cf00041c639263aa74a1095ac6b674aa9528912
:106d00004acd6bc64a4b7c90adb5d6b7ded7deb662
:106d1000de54ceb6de95d674d654d6b6e696e65692
:106d2000d6d7e675d617efd3c596deb8de76de96f3
:106d3000de38ef96de0a6ba11803216631e841e7e1
:106d400041c339277be592069b27932752a639e753
:106d500031e7310742284a494a6a4a8952895269c9
:106d6000528952ca5a75b5ddf7def7ffffdef7de4e
:106d7000f7def7feffffffdff7dff7ffffffffffa5
:106d8000ffffffffffffffffffffffffffffffff13
:106d9000ffffffffffffffffffffffffffffffff03
:106da000fffffffffffffffffffffffffffffffff3
:106db000ffffffffffffffffffffffdef7ffffdf2c
:106dc000ffdfffdfff9ef7feff3adf8d840a746e60
:106dd0009d14cfd9e7fdf7fdf7fef7def7def7de0e
:106de000ffffffdef7fcefb4be4c850a8ee9852b72
:106df00096ec95d09d38d7dcf7ddf7fcf7b6cec41e
:106e0000426453266c224b234ba2426342065345f5
:106e100042e1186429c320a3182529c320c639c616
:106e200039a631284208426529e839a539a53985ae
:106e300039c639063a463a8f8cca5aca5aaa528a71
:106e400052894a4a632863696bb2b536e676e6b67c
:106e5000e696de34ce95deb6e695e675de55de7650
:106e6000deb6de95d612c633ce74d697de56ded8a1
:106e7000e69bfff1a4e12084316531c110a5310604
:106e80003a454a888b269b0693e57ac741c739085d
:106e90003ac731a739a639e8410842a952ca5a89e6
:106ea00052684a8852ac73d9d6dcf7dfffffffff88
:106eb000ffffffffffffffffffffffffffffffffe2
:106ec000ffffffffffffffffffffffffffffffffd2
:106ed000ffffffffffffffffffffffffffffffffc2
:106ee000ffffffffffffffffffffffffffffffffb2
:106ef000ffffffffffffffffffffffffffdfffffc2
:106f0000ffffffdff7fffffeff1adfd9d6dcf7fd3b
:106f1000fffdffddf7ddf7feffddf7fefffeffff04
:106f2000ffdef7fefffcef57cfcf9d8a85eb8d2864
:106f30007d2fa6faeffcefddf7ddf7109d8442c34d
:106f400042234b6453a55bc24a0453844ac131c3f4
:106f500031c4392329a2180421e420e32004214468
:106f600029073aa631c7390842e739c639064285aa
:106f700031a7390742664a4a63c739494a8952cb21
:106f80005aa952884ae95a4a6bd09c72c597e615ad
:106f9000d696e6b7ee96e696e634de75de96de75b4
:106fa000d674ce16df0a7c0e9df5de96ded7e6f8a7
:106fb000eeb7de4a6b053ae53102218642864a0584
:106fc00042865a278b069b2693c572a641c639076f
:106fd0003aa631a739e74128422842684a28422880
:106fe00042694a684a484af2a4defffefffffffffb
:106ff000ffffffffffffffdfffdeffffffffffffe2
:10700000fffffffffffffffffffffffefffefffe93
:10701000ffffffffffffffffffffffffffffffff80
:10702000ffffffffffffffffffffffffffffffff70
:10703000ffffffffffffffffffffffbff7fffffea9
:10704000f7def7ffffbef7bef7dff7dff7dff7ff8b
:10705000ffbfffbfffbffffffffeffdeffdef7fe4c
:10706000ffdefffeffbbe777d7b3b6ee95c974e648
:107070005b296cd5cedbef34be485b276309740710
:107080006c434b6353234b6563e452a44a844aa286
:1070900029874a0221e320e320e320e420c42004de
:1070a000218529073ac731c639c531083ae739e79a
:1070b00039e841a63125422642c741c741a73907d1
:1070c00042494a694a8952ea62e9628e94254ad065
:1070d000ac56de56de56de92bdb2c5b2c5d2c5d3c1
:1070e000bd33c6f1b56663ab8cf4d696de35d6b744
:1070f000e615ce0542095b4221874aa863a64ae30a
:10710000390773068be69a06938462c641e6410707
:107110003aa6310842aa5aca5aa94a4942eb5aeb3e
:107120005a2942494ae8418b521ce7fefffeffff05
:10713000fffffffffffffffffffeffffffffffff60
:10714000fffffffffffffffffffffffefffefffe52
:10715000ffffffffffffffffffffffffffffffff3f
:10716000ffffffffffffffffffffffffffffffff2f
:10717000ffffffffffffffffffffffdfffffffff3f
:10718000fffffffffffeffdef7feffffffdff7df82
:10719000f7fffffffffffffffffefffdffbbf779dc
:1071a000ef58e794ce72bed3c6f8dfb8e7afa5e3d9
:1071b00042c65b6453c65be442675305648453a6ce
:1071c000634663a452486bcd94e752844aa44a8430
:1071d0004a6442c33122210321c420e520e5200472
:1071e00021e320242185298952063ac639e739c787
:1071f00039e741e741c639e741e741a7398631e838
:1072000041a739c739e741274a8852274a0a63e626
:1072100049d1acd4cd56de96e655e636de95e6b5d8
:10722000de95d64fa5655be76bd4d6b6de96def667
:10723000e6ed9c6763c44a8332a75ba75be6520016
:107240000131e782e592059b068bc359c539e639c2
:10725000e639ea5aee7b2b63e739c839e739c63994
:10726000aa52cb5a494aa631694a75addef7deff0c
:10727000deffdefffffffffffeffffffffffbef7aa
:10728000ffffffffffffffffffffffffdff7fff73e
:10729000ffffffffdeffffffffffffffffffffff1f
:1072a000ffffffffffffffffffffffffffffffffee
:1072b000ffffffffffffffffffffffffffffdffffe
:1072c000dff7fffffffffefffef7bdeffdf7feff5d
:1072d000fdffdbef79e758df74c60f95c96b675b7d
:1072e000e44a2453076c286ce65bc97491b614cf4a
:1072f000086c2974e86b623a254be8636453c34217
:10730000465ba96bef9c92b572ad464a202125429f
:1073100045424542674a0321e420c420c520a41801
:107320000421c218e218c4314b63884aa6310742cf
:10733000c739c739c639a639c639a739e841c73967
:10734000a739e839a631084ae73907422842484aae
:10735000a541685a4f9ce9728fa4d4cd16d696de0b
:10736000d6e695d6ac8c445b856311b696d696d698
:1073700074d64663255b865b8553a5536553c44a23
:10738000a241c67a2693259326830452e439c85233
:107390006b6b4b63a852053ae539a9522842e7398d
:1073a000694acb5aaa52c739c739ce7b1bdfffffc8
:1073b000deffdeffffffffffffffdef7ffffffff48
:1073c000ffffdef7ffffffffdff7ffffffffbef767
:1073d000def7dff7ffffffffdfffffffffffffff2e
:1073e000ffffffffffffffffffffffffffffffffad
:1073f000ffffffffffffffffffffffffdfffffffbd
:10740000fffffffffffffefffef7feff79e737df1d
:1074100090a5c86b4453645b64538453e55b424b53
:10742000a34ba34b4564876c2664097d2b85ca7cde
:10743000cc842a7cf1b50e95054b86530653065332
:10744000ef947bef37c6f6bdcb62a220c21823298a
:10745000c218232165310842c418c4202629c5203a
:10746000c418c2186129854a696347420319a631c5
:10747000c739c739e739e739e739c739c739a739cc
:10748000c739a7398631a739c739e74129420842a8
:10749000e741c541909cac834752ed8bea6a32b517
:1074a00077d6b2ada6636353845b6b8496d696d6cb
:1074b000d1bd255b855ba874e55b4243855b834a50
:1074c000e349898bc582468bc462234a68632c7466
:1074d000e5312742e95a674a884ac95a2842484a48
:1074e000aa52aa52494ae739e7398a5295b5def7d6
:1074f0009df7bef7bef79df7ffffffff9df73cef3f
:107500005cef9df7b9d63ce7dfffbef7dfffffff7b
:10751000fff7dff7dfffffffffffffffffffffffcb
:10752000ffffffffffffffffffffffffffffffff6b
:10753000ffffffffffffffffffffffffffffffff5b
:10754000ffffbef79deffefffade708c4963075325
:107550002653855b845363538353834b824be45b95
:10756000045c86646664255c676c6874c97c0fa6dd
:10757000f8e7b7e794beb5c6a9638863496b39e7f6
:10758000ddf7bef7dff7f4a4cd6a0529e420a318e0
:107590002529c320e320c7396529c31805290521fa
:1075a000c31822218342e452a54aa4314429e73971
:1075b000c7398631a631c639c639e739a639a63961
:1075c0000842c739c7398631c639a631a839e839e2
:1075d000e741c641274a32ad6439a220c220e428df
:1075e0006431c64a4353414b84532a7435c671ad46
:1075f0004b8c455b6353656cc34bc353a763a12995
:10760000855a477b467ba6834984e86b296ca9632e
:10761000063a4842aa52ca5aca5a694aca5aaa5289
:10762000ca5aeb5a694aa631e739aa5234a5def79d
:10763000ffffffffdeff9ef779ce718cce83ea62fb
:10764000a95a484a07420f849def9ef7def7def7fe
:10765000beeffff7ffffffffdfffffffffffffffb3
:10766000ffffffffffffffffffffffffffffffff2a
:10767000ffffffffffffffffffffffffffffffff1a
:10768000fffffffffffffeffddf7ddf73adfb3ade2
:10769000aa6b2653c763855b0343244b4453a55b06
:1076a000066447642764686c687450b6b2c64c8d33
:1076b0002864696c6a6c909db2ad31a58f949bf77c
:1076c000fdffbef7bff739cec949a4200429c42065
:1076d000c420e42003212429474a2321a218e420be
:1076e0004429033ac352a24a4342053ac2184529e3
:1076f000c739c739e7410742e739c7390742c639b1
:107700004529a6318531e739e739c639a739c7395f
:10771000ca62a95a274aa5396531e3288218052982
:1077200003210653c45ba353a55be96be4396229cb
:1077300044428663066c466cc4538453075340210d
:10774000a552877bc67be573066c486cc663a44272
:10775000e4310742284acb5acb5a694aaa52ca5a3c
:10776000aa52494ae741c7390842c739aa52718c1f
:1077700075add6bdef7b694ae739e7418539c6412a
:107780008539ea6a0f8c44316d7334ad75ad7def88
:10779000def7beefffffdfffffffffffffffffff93
:1077a000ffffffffffffffffffffffffffffffffe9
:1077b000ffffffffffffffffffffffffffffdffff9
:1077c000ffffffff9defdef7ffffdef7dff7def7de
:1077d000ddf7dcef7adf58df37d7d6c654be33b6d5
:1077e000f5ce15cf35cf14c7aa7ca65b855be663c3
:1077f000686c4864496c37d77ae7bcff19e78f9407
:10780000fdfffdffddf77cefcb620429a218e42029
:10781000c3200421a118c118c431874a6429432117
:10782000e439a44aa24a8142844a65420321e32002
:107830000421042124298631c739084286312429ac
:1078400003218531a631c639a63985396439022923
:10785000cd8395c5ad83a6414431e320c42046299c
:107860000221665b82538353a65b096c6221011976
:1078700082290653e44ac763865b4753c329c33151
:107880002763245be46b256ca45b6553234b012abf
:1078900021218531c741c639694aaa5a494ae74177
:1078a000c6390742e7398631a739e741e739e73971
:1078b000e739e73986310842e741a739e641a5397a
:1078c0000f8cd6c5d2ac4018ea6a85390b6bfade4c
:1078d000ffffffffffffdfffffffdef7ffffffff01
:1078e000ffffffffffffffffffffffffffffffffa8
:1078f000ffffffffffffffffffffffffdeffffffb9
:10790000dfffffffffffffffffffffffdff7ffffcf
:10791000ffffbef7def7fefffefffeffddf7dcf741
:10792000fcf7b9e7b0a5a65b27642664a76c67647b
:1079300089746a7432b6faeffcf7bbefbcf75ae70a
:10794000d0949beffcffdcf737c660080429c32006
:107950002531a318242903210119043a6642043a67
:107960008342c34a8142a34aa552654a8531032115
:1079700004210421c320c320c420c420c320e42048
:107980008631e8392842453165392431f0b4f0b404
:107990006c83b1ac509ca541c6410329c42005218c
:1079a000c431a563414b8453e8632a74e118222152
:1079b0002221a64a023206534542e53967428542f2
:1079c000255b4774a253e35b0343875b054ba00829
:1079d000032166316639a639a639a639c739e74188
:1079e000e741c639c639e739e739c739a6316529cc
:1079f0008531c739e739e841c8410842a639c6414f
:107a0000485a6c7b686233bdb5cda96aa8622b6bfe
:107a100054ad9defffffffffffffffffffffffffe5
:107a2000ffffffffffffffffffffffffffffffff66
:107a3000ffffffffffffffffffffffffffffffff56
:107a4000ffffffffdfffffffffffffffffffdeff87
:107a5000ffffffffdfffdfffffffdfffffffdef7bf
:107a6000bbef8d84c863686cc874c76c445486646b
:107a7000286cf1addaeffbf7bbefd6c694add0942e
:107a8000ec7b496392ad52a5d094a84a8218e428b1
:107a9000e420c420a3182421e118c4298542a44a63
:107aa000c34aa242a24ac452a44a644a4429821048
:107ab000c3200429c320e420c420c420c4200521fd
:107ac0002529c839a73986392852aa622c9c92cd1b
:107ad000ed9b202020188120032924310529c3187b
:107ae000864a635b614b85536b74e96b22192321d2
:107af0000321a4316229e431a53187390111c1295b
:107b0000c76ba353814be4536974c54a842103199d
:107b1000c520852047396739e849a739c739c739aa
:107b2000e739c639e739c7392529e420032103217c
:107b3000e31824214529c3188318c4202429a2202e
:107b4000c2282018a5492fa4ea7a12bd53bd264a9f
:107b50004f8cbdf7deffbef7ffffdfffffffffff2c
:107b6000ffffffffffffffffffffffffffffffff25
:107b7000ffffffffffffffffffffffffffffffff15
:107b8000fffffffffffffffffffffffffefffeff07
:107b9000def7ffffdefffefffefffdfffeffbae7a1
:107ba0008b74a96c2d96cb8d6b85a96c686c6874f1
:107bb000ce9db2be93be94c695c696c6b6ce12b63c
:107bc0006fa54a7c297cb0ad90a5ca6be539e31856
:107bd000c518a618c618052102218229a442a44a64
:107be0006342a34ac44aa44a4442a231c218e420d0
:107bf000e420c420a420c420e420c420e420a3184e
:107c000044294431653924314c7bd5cdd0ace45185
:107c10004249a9820fb48eb4cb938020c4200321a3
:107c2000253ac542044b096ceb6b473ae318042133
:107c300003210321c639a6314321e21862210753eb
:107c4000475b255b09748b84eb736a6bc420e5206a
:107c50000629e620c520c4182421842984298429e2
:107c6000a431a4312321e32004210529c418e520ef
:107c70000629a520c528e428e330a22864414a83c8
:107c80000ca4cebc2dac476a844990a4ea6ac641d4
:107c9000dadedef7ffffdff7ffffdfffffffffffab
:107ca000ffffffffffffffffffffffffffffffffe4
:107cb000ffffffffffffffffffffffffffffdffff4
:107cc000fffffffffffffffffffffffffeffdeffe6
:107cd000fefffeffbeff5bef77ce92a52f954a74a5
:107ce0000a7dcb8deb8dca85e874e974aa7c4d952d
:107cf0004974c763497429740974c96ba86b065326
:107d00006663c76bc66ba7638763a7630753a32923
:107d10002221e218e218e2182121053a6442a44a1d
:107d2000a44aa34a6242e231822921212321e3208d
:107d3000c418c420e5200521e420c420e42005293e
:107d4000a3208218c328e33020188c8bafac446288
:107d5000c99baec4ebb34bb46cace772e328c2185a
:107d6000253aa442e44ac86ba64ae0102219021937
:107d70008429e5392221e1184221a329475b475b89
:107d80000553c76b8a84e973286363292429032177
:107d9000e318e21822218229c231c231033a233a80
:107da0006542e752c85aa531c318e420e4202529ca
:107db000e52005298218a1208441cc8b50c550c5ef
:107dc0004fcd70d530cdf0bc43410a73ad832b6be2
:107dd0000f841be7ffffffffffffffffffffffff1a
:107de000ffffffffffffffffffffffffffffffffa3
:107df000ffffffffffffffffffffffffdff7ffffbb
:107e0000ffffdfffdfffffffffffbef7bdf7ddf77f
:107e1000ddf7bcf75be7f5bd309d709d2c8d4b8d7c
:107e20002d9e0c960b968ea60d9eac952e950d8dc7
:107e3000cc8cec8c2d95eb8c497c297ce86be76b2a
:107e4000e66ba563845b44534453c6638663655bfa
:107e5000a663655b0453433aa229e439864a844aff
:107e600042426342844a24428331c1180221e3180a
:107e7000c420e420e420c420c418c420a420e420aa
:107e8000e428e328c32865416c83e551255a4ba4b7
:107e90008bb46bbcaccc4abc2ab489930229c11800
:107ea000443ac54a000132a021c129854a864aa622
:107eb0004ac33161218229c229a12903326663e8bc
:107ec00073aa8caa8ca76b686b444262298329a38e
:107ed00031033aa44ac44aa34a8242a34a844a4785
:107ee000634863243a0119c218e320c3180529a482
:107ef00020c420c3282339097b10bd0fb54dcd8e7a
:107f0000d5abbc2ecd50cdcb9b6b8bb5cd719469d1
:107f10005217c67defffffbef7ffffffffffffff1a
:107f2000ffffffffffffffffffffffffffffffff61
:107f3000ffffffffffffffffffffffffffffffff51
:107f4000ffdfffbef7ffffffff1be7f7bd74ad329a
:107f5000a552a532a552a550a56f9d2d8dcd9deea4
:107f60009ded950d96ac8dad9571b610ae2f9d6cb7
:107f700084ed94ec94297c0874e773a76b866365a1
:107f800063445ba56b487c4874c663a663845b83cb
:107f9000538353835ba45b2453223a023220216033
:107fa000218129c331043a25422642e639222103a0
:107fb00021e320e420c420c420e4200529e420c4d7
:107fc00020a31804298220cb6a2f9ced938b938ddc
:107fd000b46cb46cc42bbc2abc8cbc0ba4843945d7
:107fe0004a644284426342c452265ba44a6342a468
:107ff0004aa44ac552a44a84428342a442297c69c5
:10800000844984087c087c834a4342654aa54aa483
:108010004a82426142a242e44ae552c54a053a22f6
:1080200021e21824210421e4200521e520a418e5fb
:1080300028043124392fa493d571d5b1dd2cd58ee8
:10804000e56ed5edc4aeb46a83e2300329a21854bc
:10805000adffffffffbef7ffffffffffffffffffcb
:10806000ffffffffffffffffffffffffffffffff20
:10807000ffffffffffffffffffffffffffffffff10
:10808000ffffffffffbef79df7bef7fffffdfffd00
:10809000fffcff9aef17df70a52d950ea6ed9ded65
:1080a0009dac95ce9d51b6afa5ed8c2e9dad94cdda
:1080b000948c8cac94097c26636663676b4663671b
:1080c0006b876b876b4563455ba76b2974c984e934
:1080d000840a850a8588746453823ac34aa44ae6ae
:1080e00052a74a674ae639a5310642674a674a06f7
:1080f0004265310429e420e420c420c4180521c4c9
:1081000018e4200429e42004290b6b0a734cac8c7e
:10811000b4acbc30d50fd5acc4abb48ba48339653b
:10812000524442c44aa34a6242a34aa34a8242a397
:108130004ac44a6242a342a34a0453655b0453c83b
:1081400073866ba76b6563e45a6242e452a442a350
:1081500042455b497ce97344420119c21825214616
:1081600029e5208410a518c518c418e420e32003cd
:1081700029e228ed9392d50fd570e50ddd6ee54e21
:10818000dd2ed5cebc6eac433981182421d2949d0e
:10819000f7ffffdef7ffffffffffffffffffffff20
:1081a000ffffffffffffffffffffffffffffffffdf
:1081b000ffffffffffffffffffffffffffffffffcf
:1081c000ffffffffffffffdef7bef7bef7b9d65692
:1081d000c615be92ad51a54fa5aea58c956b8dacc5
:1081e0009d50b610b60d95cd94cd948c8cce94ce7a
:1081f0009cad94cd94ac94a97327638873276b6866
:108200006b476b276b27638873c973265b455345a0
:108210005345536653a75b65532453445b834264c1
:1082200042e4316429e318c2182221422142292361
:1082300021e320c320c320e420e420c420c418c4c8
:10824000186629c418e420e420032964394aa4ab41
:10825000b4ecc4eecceecccbbc0bb58aa4a3418667
:1082600052634a6342834aa452634aa34aa34a41df
:108270003a6342834aa44aa34a04530453e552830f
:1082800042265b834a6242a24a655b897c897c8a7a
:108290007c286c0553023262210321e418c418c4ff
:1082a00018c420e5200529e420c320c32043294029
:1082b00010c76aaeac4fcd4fd54ddd4ee54fd55012
:1082c000d5cfbc49832239a018642991945cefff73
:1082d000ffbef7fffffffffffffffffffffffffff7
:1082e000ffffffffffffffffffffffffffffffff9e
:1082f000ffffffffffffffffffffffffffdfffffae
:10830000ffffffdeffdef7fffffffffffffeff7c4b
:10831000eff9de19dfd8de74c6f0adefa52fae5150
:10832000b6d0adb1ad0f9d6d8cae944d8c6d942ccf
:108330008cae94ae9ccd9cad94a973276b686b47b3
:108340006b0763686b8973686b686b486347638806
:108350006b6863475b465b465b66636663876b6718
:1083600063e75a664ac43102210121e1200121e27a
:1083700020e320e428e428e420e4200429052983dc
:1083800010c418c418e4182529821823292b9ccb63
:10839000ac8ecdeec4cdc4ccbc4aa4ea936339eb19
:1083a00083ac946a84876b2763676b4a84ab8c09c0
:1083b0007c4663a873ac940a7c065b265b265be56f
:1083c00052c55247630553c76328746453845b6482
:1083d0005b2453a34283424442253ac4394329e2f1
:1083e0002003210329a220c3202429e42803296093
:1083f00018ab83ceb4efbcadbccdc4edc4eeb44974
:1084000083255a401842296a73d09c1adf9df79d34
:10841000f7bef7deffdffffffffffffffffffffffe
:10842000ffffffffffffffffffffffffffffffff5c
:10843000ffffffffffffffffffffffffffffffff4c
:10844000fffffffffffffffffffefffeffffffff3e
:10845000ffdef77bef36c6d2b56fa56d9532ae94d1
:10846000beb6ce19df5bef9cf7bcf73ae77aef14a4
:10847000c6cf9c2fa550adee9ceea40ea50e9d0e72
:108480009dad94ad94ce9cad94cd94ee9cae94eb0a
:1084900083476b476367634763476b27632763477c
:1084a00063476b887369730863c85a6752833102e4
:1084b00021a218c320e320e320e3200429c420e400
:1084c00020a41826290521c420e4208118a76aad1c
:1084d000ac0ebd2fcdeec40bacaeb4a9720552ae3e
:1084e0009c6b8cec94cd9c6c8cea7b876b476b6ba4
:1084f0008ccd942b84ea7b0e9d0e9d2a7c87638312
:108500004ac96bed94ed8c2974865384538453646b
:10851000536453655b0453a34a6342634225424656
:108520004ac5410229c220c428c420c520e42882ab
:1085300020a96a2fa40d9cab934983255a000129d9
:10854000000129e441c85a8e9430a5f09c11a5572a
:10855000cebdffbeffffffffffdfffffffffffffff
:10856000ffffffffffffffffffffffffffffffff1b
:10857000ffffffffffffffffffffffffffffffff0b
:10858000fffffffffffefffefffffffffffffffffd
:10859000fffffffefffefffdffbcf7bbefbcf7fddb
:1085a000f7fefffefffffffffffffffeffbdf7fe31
:1085b000ffbcf739e795cef1bd6fad4fa52fa54fa5
:1085c000a52ea50e9ded94cc94ac94cc94cc94cdda
:1085d00094cd94cd94ac944a8c097ca773866b4758
:1085e0006b476b686b686b486b486b486b486baa52
:1085f00073696b085ba75206424429e320c3202419
:10860000290421e320c320e420e420e520e52083a1
:10861000202b73cfb46db46db4afb4ea7a4120cce3
:108620007befa4ad94ac94ad94ad94ee9ccd94aea0
:1086300094ef9cef9cef9c0fa50f9dee9c2fa5ed5a
:1086400094ad942a7ce9730e95ed940d8d8b84097d
:1086500074086ca663855b497c4d9d4ea58c8c6d22
:108660008c6d8c4d8c2c84ec7bcc738b6b4a5be9d2
:108670005ae95ae95a29634a6b8a73ab7bcb7b0c64
:10868000846d8cef9c30a550a530a530a530a51188
:10869000a57beffeffbef7ffffffffffffffffff22
:1086a000ffffffffffffffffffffffffffffffffda
:1086b000ffffffffffffffffffffffffffffffffca
:1086c000fffffffffffefffeffffffffffffffffbc
:1086d000fffffffffffffffeffddf7ddf7fdfffe02
:1086e000f7feffffffdfffdff7deffbef77df737a7
:1086f000c6f6c5d4bdf3bd13bed2bd71ad10a50f76
:10870000a50fa52fa52fa52fa52fa50f9d0e9dce9b
:1087100094ce94cd94cd94cd94cd94cd94cd94cd50
:10872000948c8c2a840a7c0a7c0a7cea7bca7b882b
:108730006ba96b686b28632963296be85a464aa5c5
:108740003984312329c218a218a218c318e32004bf
:1087500029a2204439696a4862e2300231c86a11ac
:10876000a531a5ee9c2fa50fa50f9d30a530a54fd7
:10877000a591ad50a50f9d50a550a52fa52ea52fb5
:10878000a570adee9c2f9d2f9d70a52f9d4f9d4fe9
:108790009d4e9d4e9d4f9d2e9dee94ef9450a53085
:1087a000a5109df09cf09cf09c119d329d329d2e59
:1087b0009d2e9d0e9d2e9d2e9d4e9d4ea52e9d1156
:1087c000a531a551a552ad92b5f4bd76ceb7d67bf5
:1087d000effefffefffefffffffffffffffeffffbd
:1087e000ffffffffffffffffffffffffffffffff99
:1087f000ffffffffffffffffffffffffffffffff89
:10880000ffffffffffffffffffffffffffffffff78
:10881000ffdfffdfffffffffffdeffffffffffffc9
:10882000ffffffffffdfffdfffdfffdeffbef7fe23
:10883000ff7cefd9de56c615bef4bdd4b5b3b5b4d2
:10884000b5d4bdd4bdd4bdd3b593b572ad51ad5182
:10885000ad31a510a5109d109d10a530a530a52ff8
:10886000a52fa54fa54fa54ea52ea50e9d0e9d4e3d
:10887000a50d9dac948c8c4b840a7cc97bca736912
:108880006b496b2963c75a464ae53983316331e244
:1088900020a118a220c3200329064acb7b0fa530b4
:1088a000a52fa50e9d4fa50f9d30a530a50f9d4f5f
:1088b000a570ad2fa570add2b570ad0e9d6fad9208
:1088c000b592b5b3bd96d676ceb7d6b6d659e79a99
:1088d000ef7ae77ae7dbeffcf7dcf7dcf7fcfffc8d
:1088e000fffcffdcffdcffddffddffddf7bceffea3
:1088f000fffdf7fdf7fdf7fdf7fdf7ddf7dcf7fd11
:10890000fffdfffdfffdfffdfffdfffdfffdfffe86
:10891000ffdeffbdf7ffffffffdef7fffffffffffb
:10892000ffffffffffffffffffffffffffffffff57
:10893000ffffffffffffffffffffffffffffffff47
:10894000ffffffffffffffffffffffffffffffff37
:10895000ffffffffffffffffffdfffffffffffff47
:10896000fffffffffffffffffffffffffffeffbd5a
:10897000f7defffefffffffffffefffefffefffe35
:10898000fffefffefffefffefffefffdffddffdd42
:10899000fffdfffdffbcf75be7b8d615be93ad51f9
:1089a000a551a551a530a50f9d0f9d2f9d2fa50e5b
:1089b0009d4fa54fa52fa52e9d2ea50e9ded9c0e7e
:1089c000a52fa52fa52fa52fa50fa510a530a5d1a3
:1089d0009cf19ccf940e9d70a5309dcf9430a52e18
:1089e0009d2e9d4ea54ea50d9d4fa52f9d70a5704a
:1089f000ad91ad50a530a5309dce9430a575cedba0
:108a0000ffbbf77bef36ce94b5d5bdd5bdd5b5b49c
:108a1000b5f6bd37c658cedad67cefddf7fdfffee2
:108a2000fffefffefffefffefffefffeffdef7ff85
:108a3000fffffffffffffffffffffffffffffffe47
:108a4000fffefffefffefffefffefffefffeffde5e
:108a5000ffdeffdfffffffffffdfffffffdeffffa8
:108a6000ffffffffffffffffffffffffffffffff16
:108a7000ffffffffffffffffffffffffffffffff06
:108a8000fffffffffffffffffffffffffffffffff6
:108a9000ffffffffffffffffffffffffffffffffe6
:108aa000fffffffffffffffffffffffefffefffed9
:108ab000ffffffffffffffffffffffffffdeffffe7
:108ac000ffffffffffffffffffffffffffffffffb6
:108ad000fffffffeffdeffdeffdeffbdf79df7bd00
:108ae000f7bdf7bcf7dcf7dcf7bbf75ae7f9deb701
:108af000ceb3b5109d109d30a50f9dee9c4fa50fd8
:108b0000a52fa52fa52fa52fa50fa50f9d0fa5124a
:108b1000a531a54fa52e9d2e9db2add4b553ad2f39
:108b2000a50e9d0e9d4fa550a550a5309d34bedbd2
:108b3000f779ef55c672ad52a532a5119d32a51237
:108b40009d73ad1ae79df7deff9df7bdf7bdf7bd3d
:108b5000f7bdf7bef79ef77def9defbef7fefffe78
:108b6000fffeffdeffffffffffffffffffffffff37
:108b7000ffffffffffffffffffffffffffffffff05
:108b8000ffffffffffffffffffffffdfffdfffff35
:108b9000ffffffdfffffffffffffffffffdeffff26
:108ba000ffffffffffffffffffffffffffffffffd5
:108bb000ffffffffffffffffffffffffffffffffc5
:108bc000fffffffffffffffffffffffffffffffeb6
:108bd000fffefffeffffffffffffffffffffffffa7
:108be000fffffffffffffffefffefffefffeffff99
:108bf000ffffffffffffffffffffffffffdfffffa5
:108c0000ffffffffffffffffffdfffdfffdfffdff4
:108c1000f7dfffffffffffffffffffffffffffff8c
:108c2000fffffffffffefffefffefffefffefffe5a
:108c3000fffefffeffddf79bf73ae715bed09c3144
:108c4000a510a5cf9cae94cf9cf09c10a531a59407
:108c5000b597d618df19dfbceffeffdef7bef7ddf4
:108c6000f7bcf77bef5ae75be73be7b9d67be7fd5d
:108c7000fffefffeffddf7ddf7ddf7bdf7bdf79c7b
:108c8000efbdf7ffffffffdefffffffffffffffe70
:108c9000fffeffdeffffffffffffffffffdeffff27
:108ca000ffffffffffffffffffffffffffffffdff4
:108cb000ffffffffffffffffffffffffffffffdfe4
:108cc000f7dfffffffffffffffffffffffffffffdc
:108cd000ffffffbef7def7ffffffffffffffffff16
:108ce000ffffffffffffffffffffffffffffffff94
:108cf000ffffffffffffffffffffffffffffffff84
:108d0000fffffffffffffffffffffffffffffffe74
:108d1000fffefffefffeffffffffffffffffffff66
:108d2000ffffffffffffffffffffffffffffffff53
:108d3000ffffffffffffffffffffffffffffffff43
:108d4000ffffffffffffffffffffffffffffffff33
:108d5000ffffffffffdef7bef7def7dfffdeffdf1f
:108d6000f7dfffffffffffffffdeffdfffdfffff9c
:108d7000ffdfffdefffefffeffdeffbdf79cef5cc7
:108d8000ef9cefbcf7dcf7fdfffdfffdfffdfffef5
:108d9000fffeffdeffdfffdff7dff7ffffffff9ed6
:108da000f7dfffdeffdef7dfffffffbef7def7ffd7
:108db000ffbef7def7ffffffffffffdeffdfffff76
:108dc000ffdef79ef7ffffffffdfffdeffffff9de8
:108dd000f7defffefffefffeffffffffffffffdfef
:108de000ffdfffffffffffffffffffdffffffffed4
:108df000fffefffefffefffefffefffeffffffff89
:108e0000ffffffffffffffdfffdfffffffffffffb2
:108e1000ffffffffffffffffffffffdfffffffff82
:108e2000ffffffffffffffffffffffffffffffff52
:108e3000ffffffffffffffffffffffffffffffff42
:108e4000ffffffffffffffffffffffffffffffff32
:108e5000ffffffffffffffffffffffffffffffff22
:108e6000ffffffffffffffffffffffffffffffff12
:108e7000fffffffffffefffeffffffffffdfffff24
:108e8000ffffffffffffffffffffffffffffffde13
:108e9000f7ffffffffffffffffffffffffffffffea
:108ea000fffffffffffeffffffffffffffffffffd3
:108eb000ffffffffffffffffffdeffdeffffffdf24
:108ec000fffffffffffefffefffefffeffffffffb6
:108ed000fffffffeffdefffffffffffff7ffffffcc
:108ee000ffffffffffffffdfffffffffffffffffb2
:108ef000ffffffffffffffdff7ffffffffffffdfca
:108f0000f7ffffffffdfffdfffdfffffffdefffffa
:108f1000fffefffefffefffeffffffffffffffff65
:108f2000ffffffffffffffffffdfffffffffffff71
:108f3000ffffffffffffffffffffffffffffffde62
:108f4000fffefffffffffffefffefffeffffffff35
:108f5000ffffffffffffffdef7ffffffffdfffff6a
:108f6000ffffffffffffffffffffffffffffffff11
:108f7000ffffffffffffffffffffffffffffffff01
:108f8000fffffffffffffffffffffffffffffffff1
:108f9000ffffffffffffffffffffffffffffffffe1
:108fa000ffffffffffffffffffffffffffffffffd1
:108fb000ffffffffffffffffffffffffffffffffc1
:108fc000ffffffffffffffffffffffffffffffffb1
:108fd000ffffffffffffffffffffffffffffffffa1
:108fe000ffffffffffffffffffffffffffffffff91
:108ff000ffffffffffffffffffffffffffffffff81
:10900000ffffffffffffffffffffffffffffffff70
:10901000ffffffffffffffffffffffffffffffff60
:10902000ffffffffffffffffffffffffffffffff50
:10903000ffffffffffffffffffffffffffffffff40
:10904000ffffffffffffffffffffffffffffffff30
:10905000ffffffffffffffffffffffffffffffff20
:10906000ffffffffffffffffffffffffffffffff10
:10907000ffffffffffffffffffffffffffffffff00
:10908000fffffffffffffffffffffffffffffffff0
:10909000ffffffffffffffffffffffffffffffffe0
:1090a000ffffffffffffffffffffffffffffffffd0
:1090b000ffffffffffffffffffffffffffffffffc0
:1090c000ffffffffffffffffffffffffffffffffb0
:1090d000ffffffffffffffffffffffffffffffffa0
:1090e000ffffffffffffffffffffffffffffffff90
:1090f000ffffffffffffffffffffffffffffffff80
:10910000ffffffffffffffffffffffffffffffff6f
:10911000ffffffffffffffffffffffffffffffff5f
:10912000ffffffffffffffffffffffffffffffff4f
:10913000ffffffffffffffffffffffffffffffff3f
:10914000ffffffffffffffffffffffffffffffff2f
:10915000ffffffffffffffffffffffffffffffff1f
:10916000ffffffffffffffffffffffffffffffff0f
:10917000ffffffffffffffffffffffffffffffffff
:10918000ffffffffffffffffffffffffffffffffef
:10919000ffffffffffffffffffffffffffffffffdf
:1091a000ffffffffffffffffffffffffffffffffcf
:1091b000ffffffffffffffffffffffffffffffffbf
:1091c000ffffffffffffffffffffffffffffffffaf
:1091d000ffffffffffffffffffffffffffffffff9f
:1091e000ffffffffffffffffffffffffffffffff8f
:1091f000ffffffffffffffffffffffffffffffff7f
:10920000ffffffffffffffffffffffffffffffff6e
:10921000ffffffffffffffffffffffffffffffff5e
:10922000ffffffffffffffffffffffffffffffff4e
:10923000ffffffffffffffffffffffffffffffff3e
:10924000ffffffffffffffffffffffffffffffff2e
:10925000ffffffffffffffffffffffffffffffff1e
:10926000ffffffffffffffffffffffffffffffff0e
:10927000fffffffffffffffffffffffffffffffffe
:10928000ffffffffffffffffffffffffffffffffee
:10929000ffffffffffffffffffffffffffffffffde
:1092a000ffffffffffffffffffffffffffffffffce
:1092b000ffffffffffffffffffffffffffffffffbe
:1092c000ffffffffffffffffffffffffffffffffae
:1092d000ffffffffffffffffffffffffffffffff9e
:1092e000ffffffffffffffffffffffffffffffff8e
:1092f000ffffffffffffffffffffffffffffffff7e
:10930000ffffffffffffffffffffffffffffffff6d
:10931000ffffffffffffffffffffffffffffffff5d
:10932000ffffffffffffffffffffffffffffffff4d
:10933000ffffffffffffffffffffffffffffffff3d
:10934000ffffffffffffffffffffffffffffffff2d
:10935000ffffffffffffffffffffffffffffffff1d
:10936000ffffffffffffffffffffffffffffffff0d
:10937000fffffffffffffffffffffffffffffffffd
:10938000ffffffffffffffffffffffffffffffffed
:10939000ffffffffffffffffffffffffffffffffdd
:1093a000ffffffffffffffffffffffffffffffffcd
:1093b000ffffffffffffffffffffffffffffffffbd
:1093c000ffffffffffffffffffffffffffffffffad
:1093d000ffffffffffffffffffffffffffffffff9d
:1093e000ffffffffffffffffffffffffffffffff8d
:1093f000ffffffffffffffffffffffffffffffff7d
:10940000ffffffffffffffffffffffffffffffff6c
:10941000ffffffffffffffffffffffffffffffff5c
:10942000ffffffffffffffffffffffffffffffff4c
:10943000ffffffffffffffffffffffffffffffff3c
:10944000ffffffffffffffffffffffffffffffff2c
:10945000ffffffffffffffffffffffffffffffff1c
:10946000ffffffffffffffffffffffffffffffff0c
:10947000fffffffffffffffffffffffffffffffffc
:10948000ffffffffffffffffffffffffffffffffec
:10949000ffffffffffffffffffffffffffffffffdc
:1094a000ffffffffffffffffffffffffffffffffcc
:1094b000ffffffffffffffffffffffffffffffffbc
:1094c000ffffffffffffffffffffffffffffffffac
:1094d000ffffffffffffffffffffffffffffffff9c
:1094e000ffffffffffffffffffffffffffffffff8c
:1094f000ffffffffffffffffffffffffffffffff7c
:10950000ffffffffffffffffffffffffffffffff6b
:10951000ffffffffffffffffffffffffffffffff5b
:10952000ffffffffffffffffffffffffffffffff4b
:10953000ffffffffffffffffffffffffffffffff3b
:10954000ffffffffffffffffffffffffffffffff2b
:10955000ffffffffffffffffffffffffffffffff1b
:10956000ffffffffffffffffffffffffffffffff0b
:10957000fffffffffffffffffffffffffffffffffb
:10958000ffffffffffffffffffffffffffffffffeb
:10959000ffffffffffffffffffffffffffffffffdb
:1095a000ffffffffffffffffffffffffffffffffcb
:1095b000ffffffffffffffffffffffffffffffffbb
:1095c000ffffffffffffffffffffffffffffffffab
:1095d000ffffffffffffffffffffffffffffffff9b
:1095e000ffffffffffffffffffffffffffffffff8b
:1095f000ffffffffffffffffffffffffffffffff7b
:10960000ffffffffffffffffffffffffffffffff6a
:10961000ffffffffffffffffffffffffffffffff5a
:10962000ffffffffffffffffffffffffffffffff4a
:10963000ffffffffffffffffffffffffffffffff3a
:10964000ffffffffffffffffffffffffffffffff2a
:10965000ffffffffffffffffffffffffffffffff1a
:10966000ffffffffffffffffffffffffffffffff0a
:10967000fffffffffffffffffffffffffffffffffa
:10968000ffffffffffffffffffffffffffffffffea
:10969000ffffffffffffffffffffffffffffffffda
:1096a000ffffffffffffffffffffffffffffffffca
:1096b000ffffffffffffffffffffffffffffffffba
:1096c000ffffffffffffffffffffffffffffffffaa
:1096d000ffffffffffffffffffffffffffffffff9a
:1096e000ffffffffffffffffffffffffffffffff8a
:1096f000ffffffffffffffffffffffffffffffff7a
:10970000ffffffffffffffffffffffffffffffff69
:10971000ffffffffffffffffffffffffffffffff59
:10972000ffffffffffffffffffffffffffffffff49
:10973000ffffffffffffffffffffffffffffffff39
:10974000ffffffffffffffffffffffffffffffff29
:10975000ffffffffffffffffffffffffffffffff19
:10976000ffffffffffffffffffffffffffffffff09
:10977000fffffffffffffffffffffffffffffffff9
:10978000ffffffffffffffffffffffffffffffffe9
:10979000ffffffffffffffffffffffffffffffffd9
:1097a000ffffffffffffffffffffffffffffffffc9
:1097b000ffffffffffffffffffffffffffffffffb9
:1097c000ffffffffffffffffffffffffffffffffa9
:1097d000ffffffffffffffffffffffffffffffff99
:1097e000ffffffffffffffffffffffffffffffff89
:1097f000ffffffffffffffffffffffffffffffff79
:10980000ffffffffffffffffffffffffffffffff68
:10981000ffffffffffffffffffffffffffffffff58
:10982000ffffffffffffffffffffffffffffffff48
:10983000ffffffffffffffffffffffffffffffff38
:10984000ffffffffffffffffffffffffffffffff28
:10985000ffffffffffffffffffffffffffffffff18
:10986000ffffffffffffffffffffffffffffffff08
:10987000fffffffffffffffffffffffffffffffff8
:10988000ffffffffffffffffffffffffffffffffe8
:10989000ffffffffffffffffffffffffffffffffd8
:1098a000ffffffffffffffffffffffffffffffffc8
:1098b000ffffffffffffffffffffffffffffffffb8
:1098c000ffffffffffffffffffffffffffffffffa8
:1098d000ffffffffffffffffffffffffffffffff98
:1098e000ffffffffffffffffffffffffffffffff88
:1098f000ffffffffffffffffffffffffffffffff78
:10990000ffffffffffffffffffffffffffffffff67
:10991000ffffffffffffffffffffffffffffffff57
:10992000ffffffffffffffffffffffffffffffff47
:10993000ffffffffffffffffffffffffffffffff37
:10994000ffffffffffffffffffffffffffffffff27
:10995000ffffffffffffffffffffffffffffffff17
:10996000ffffffffffffffffffffffffffffff0006
:10997000640502201400000000000000ec830420b5
:109980002400000000000000607f0420c0000000f0
:10999000000000004c8404200c00000000000000c7
:1099a0006883042058000000000000003883042071
:1099b000300000000000000020800420a000000013
:1099c00000000000d81b0520020000000400000079
:1099d00001000100a87704205801000000000000e9
:1099e0007c82042048000000000000006484042001
:1099f0000800000000000000da1b05200100000044
:109a00000100000001000000c08304202c000000c1
:109a10000000000084840420040000000000000016
:109a20008884042004000000000000002c82042030
:109a30005000000000000000941a05206c00000097
:109a400001000000a01a05209c1a0520a01a05207c
:109a50000000000025000000a862042000040000af
:109a600000000000000000000000000000000000f6
:109a700000000000000000000000000000000000e6
:109a80008d60040c000000000000000000000000d9
:109a9000000000008d42040c0000000000000000e7
:109aa00000000000000000000000000000000000b6
:109ab000a06204200804000000000000b01b052084
:109ac0002000000001000000010000000300000071
:109ad0000000000000000000000000000000000086
:109ae000000000006c8404206c8404200800000046
:109af000000000008c84042004000000000000002e
:109b0000001b0520600000000100000001000000b3
:109b10000300000000000000000000000000000042
:109b20000000000000000000bd44040c0000000024
:109b300000000000000000004d60040c8b52040c7b
:109b40000000000000000000000000000000000015
:109b50000000000000000000000000000000000005
:109b6000000000000000000000000000d41b0520e1
:109b700004000000010000000100000090840420a7
:109b80000400000000000000588404200c000000c5
:109b90000000000000000000b80300000100000009
:109ba000f0ff112031fc030cfd12040cb518040c5d
:109bb0006560040c6960040c6d60040c000000001a
:109bc000000000000000000000000000ef2f040c67
:109bd0006160040c00000000ef2f040cef2f040c58
:109be000ef2f040cef2f040cef2f040cef2f040cbd
:109bf000ef2f040cef2f040cef2f040cef2f040cad
:109c0000ef2f040cef2f040cef2f040cef2f040c9c
:109c1000ef2f040cef2f040cef2f040c8558040ccd
:109c20008558040c8558040c8558040cef2f040c3f
:109c3000d55b040cf15b040cef2f040cef2f040c2c
:109c4000ef2f040cef2f040cef2f040cef2f040c5c
:109c5000ef2f040cef2f040cef2f040cef2f040c4c
:109c6000ef2f040cef2f040cef2f040cef2f040c3c
:109c7000ef2f040cef2f040cef2f040c4549040cbc
:109c8000f948040cad48040c6148040cef2f040c97
:109c9000ef2f040cef2f040cef2f040cef2f040c0c
:109ca000ef2f040cef2f040cef2f040cef2f040cfc
:109cb000ef2f040cef2f040cef2f040cf1d5030c45
:109cc000f1d5030cf1d5030cf1d5030cf1d5030c40
:109cd000f1d5030cf1d5030cef2f040cef2f040c7e
:109ce000ef2f040cef2f040cef2f040cef2f040cbc
:109cf000ef2f040cef2f040cef2f040cef2f040cac
:109d0000ef2f040cef2f040cef2f040cef2f040c9b
:109d1000ef2f040cef2f040cef2f040cef2f040c8b
:109d2000ef2f040cef2f040cef2f040cef2f040c7b
:109d3000ef2f040cef2f040cef2f040cef2f040c6b
:109d4000ef2f040cef2f040c4dd9030c4dd9030c4d
:109d50004dd9030c4dd9030c4dd9030c4dd9030c2f
:109d60004dd9030cef2f040cef2f040cef2f040c34
:109d7000ef2f040cef2f040cef2f040cef2f040c2b
:109d8000ef2f040cef2f040cef2f040cef2f040c1b
:109d9000ef2f040cef2f040cef2f040cef2f040c0b
:109da000ef2f040cef2f040cef2f040cef2f040cfb
:109db000ef2f040cef2f040cef2f040cef2f040ceb
:109dc000ef2f040cef2f040cef2f040cef2f040cdb
:109dd000ef2f040cef2f040cef2f040cef2f040ccb
:109de000ef2f040cef2f040cef2f040cef2f040cbb
:109df000ef2f040cef2f040cef2f040cef2f040cab
:109e0000ef2f040cef2f040cef2f040cef2f040c9a
:109e1000ef2f040cef2f040cef2f040cef2f040c8a
:109e2000ef2f040cef2f040cef2f040cef2f040c7a
:109e3000ef2f040cef2f040cef2f040cef2f040c6a
:109e4000ef2f040cef2f040cef2f040cef2f040c5a
:109e5000ef2f040cef2f040cef2f040cef2f040c4a
:109e6000ef2f040cef2f040cef2f040cef2f040c3a
:109e7000ef2f040cef2f040cef2f040cef2f040c2a
:109e8000ef2f040cef2f040cef2f040cef2f040c1a
:109e9000ef2f040cef2f040cef2f040cef2f040c0a
:109ea000ef2f040cef2f040cef2f040cef2f040cfa
:109eb000ef2f040cef2f040cef2f040cef2f040cea
:109ec000ef2f040cef2f040cef2f040cef2f040cda
:109ed000ef2f040cef2f040cef2f040cef2f040cca
:109ee000ef2f040cef2f040cef2f040cef2f040cba
:109ef000ef2f040cef2f040cef2f040cef2f040caa
:109f00000000000000000000ef2f040cef2f040cf5
:109f1000ef2f040cef2f040cef2f040cef2f040c89
:109f2000ef2f040cef2f040cef2f040cef2f040c79
:109f3000ef2f040c7930040cef2f040cef2f040cde
:109f4000ef2f040cef2f040cef2f040cef2f040c59
:109f5000ef2f040cef2f040c0000000000000000a5
:109f60006666666666666666666666666666666691
:020000040000fa
:020000040c00ee
:109f7000f40002f403ea7203f50d43ef8102fbf3f0
:109f8000f7130a0af41ce6fd27f8e0f2e107f7c030
:109f900000f5010313f704cbfef20afeef06f11100
:109fa000fe1cf6ffedf8910e0600f90a0bfa05f615
:109fb000f4b801f8ffe10e0e0a1dfc163def05fd99
:109fc000f5fe0df71603cd17fce1f3000609e3e5f6
:109fd0001008edbac50007f3ff08fef1f01805ff01
:109fe0000c14fc0fff07dc1a03f90cfd050c130c15
:109ff000f9000efa0f011ef68e1ce6fcf302fafdc4
:10a00000fefcf2e70c1e2916ff1dfa0b21010911b7
:10a010000409050af71ffbf3e3010512ff0418f01a
:10a02000fbf60308040408fcfe050c0608fafffd15
:10a03000e10307f103eaf6060c04fffbbe05c400ca
:10a04000ce61fefef630010510923306f9ea01cc2e
:10a05000fdfd0efdfa0809d739fec802fc0003ec2d
:10a06000001217fe17f7161103f0f64e04ec0a085b
:10a070000bfffd06f9fded03fbfafc07810209ff6a
:10a0800001062200f2f9f80611ea05090a26fbe3a7
:10a09000030601dc0a0e0c0cfcb90007fafd05e210
:10a0a00009d103fcfe054dd700fe0ffe1302f90790
:10a0b000f1f30afbec0112e1eeffd105e02105020c
:10a0c000f70c04f110ee20f1e0fdfa0f100d0f0671
:10a0d000fdff0425fe07010a01f9000303fc1d0230
:10a0e000f8f8fbf9f205ef130b031603ff12f6f96c
:10a0f00008f2010406ee01db17fef8050106f90e71
:10a10000f30804fe12faf93000fb08f9be0326f446
:10a1100028fbfd000d0b040b01f50aea3d05ff02cb
:10a12000ef03fa0be706f9ff23080c07d3fd300d08
:10a13000170402e6f600fc04ffed0cdd0cf7dcf87a
:10a14000e1070119fb060e03050807fd0d03ed04e9
:10a1500001d6fb0703fb0100e10301f70102040242
:10a16000edf8fb002fd00c09edeeffe302f8fafa50
:10a17000fb0104f0f7d601f7fe04000b0afe09f913
:10a18000fb1d01fef100ff02faff0701f407fc16b8
:10a1900081f5fd010004d7f6fefbf707f503021a6f
:10a1a000f617f5fc02fd0d0808ff0303010ff60288
:10a1b000a210da0eece2ffe9dfd0cefd0df401ece7
:10a1c0001c1adde5f6c832dcfec9eaf900f9cafd61
:10a1d000fd087fffb9f3d62ce5e61502e80306f784
:10a1e000ebadc52f070df1fefe21f520fd1915d1b0
:10a1f000c525f711ecfb21290dfdd50ec9eb0f028a
:10a20000f81817f8f22efe1a23320dfe0105f62873
:10a21000041efaf9d63b17f51005150df9f7dbfd0d
:10a220000f06f91002eadef02f192ff109d40d0cf8
:10a23000e20e110314d1d808ed17d0dbfbe8fcf3d4
:10a240002ce410e8e852e010f91a1946fcd523f284
:10a25000f9e7e9e03d2efd00f9feeee5010500e33a
:10a260002f0a28d3df221389fbc904e7f9ea150b6b
:10a27000b2dce1e3b90908ecebd80bdcc29af305d8
:10a28000e533ddf200f01fdbf6052fee073656044e
:10a29000bcd4ffeb1c22f4e3ec00efdaf6d401d2dd
:10a2a000830b160e69d201f104e10cfc06de2b08cb
:10a2b000fcfe020be2100c04f5f8150ffce6fdefb6
:10a2c000d304f181ecffeef2fefc39e9cfcafcf7d2
:10a2d000f8473ff9edfd01062ef71af00c03ecfeee
:10a2e000eeeb1df9effb03e93afbe5cc0b1316f49b
:10a2f000ee011af4f90912fa0d0ce70805120bf237
:10a3000009d32d06060d23fd0afdfae60714fefd0e
:10a31000d6fcf611040f1ff8f6f40d150800120311
:10a3200000f10005e813f5e50df501f5f906f7f282
:10a33000ea0b08f021100e1edd81270904fd14d957
:10a34000f8d6060bf0f1ed1bd50efff8e9ef0a0782
:10a35000f3e619d1e3fe06089718c4f80d0acb07f7
:10a36000072116fdfd00f12bdfe5dff50d01f3ef11
:10a3700006ef1de40bc52d0a05f903e41d0ffe10c1
:10a380000cfd2405fb1cf7fbfae4f5f2040be308d3
:10a39000e8fdf5d802d4e3f4f605de01d4eb0c0eab
:10a3a00028eaf701ff03e6ccf80bd004f7ef00e84a
:10a3b000e72a0514eb0503dee7e7f8fe001a0f1a9b
:10a3c000e4f50e051106fc06e702fe0a160813e185
:10a3d000fd14f4ebf9f1e3fa1ce700cf07180607c8
:10a3e0003404f11709f104cd3bcdece4e7f3dcf4e0
:10a3f00014f109dde6a4bf054d35e4140d1920ec78
:10a40000260ab3c9431fecc3fe3d1e0225d6be1269
:10a4100043ff6ed10bc50a3c25e919f7e7e4ff03ba
:10a42000f2f5df02dce631f42207cc02bd1bea1ba9
:10a43000f6ebe3e6e624cb0de4124a420bf840deed
:10a44000bb4c2ce10007f2022914fcf83de453ee6a
:10a45000040621efe406b512fef02fa80adc1f2047
:10a460000bf30c1301f60a133cff14f709fcea087e
:10a47000cf81fbf3dd0b1d24400900e2d4fa0ae68c
:10a48000fc2de4dddddffbe008ceeb14d615f73b59
:10a49000d41ad21ff7f1de0e25deea1623271c920e
:10a4a00031ce5004012becfad552db23b113100648
:10a4b000cbe83ddcf7ed000e191a1fe1a70b891858
:10a4c0001bf51206f008ec1208811c2006ed2eceba
:10a4d000103d2f08dd08186d131abb8c0feafcde47
:10a4e000fefa25d21010401407fae5b4fde1dd4a6a
:10a4f00046db0b216e192f28f9158613dc1cf91089
:10a50000e422f5f0c6fddde90dfa1dfdf938e09e07
:10a51000fc1f0d200ef3a12fe6be03181d2104f928
:10a520000a05ff1002ddb31105e42703160d477d70
:10a53000d7e9ec0db5f600fb17f4f1dcdcf9403699
:10a54000f6f9fb2afdf00ef817fb0e5d2d12b2f89e
:10a550001c1a27e1dbfee80609051702fafffd3d9c
:10a560002226020b99fed0030ff302b8ffdd2ecd99
:10a57000dbe7f9f401e0a102e8f91202baf3fcbf4b
:10a580001627003c0fd6000fd605130105f5ecb9d0
:10a59000fabe0bc8f3ebdd1fe9cbdf3b110041e84e
:10a5a0000907fc00fa05fdf3e611e8f0ff16f5fbdc
:10a5b000df12040106f904eb0000f9f121fafac6f2
:10a5c000c1f512060e7f2b0cf4fffef4defef0ec5c
:10a5d000ff08f5ece2ee161003ce02ce4a0910e3b6
:10a5e000f94cfffc03fbcd25fb060905fef6f4e85c
:10a5f000e9092b07e70b0bbed435fbec0020042444
:10a60000df030611cbf2fae8f0f5cde33c08cfef1b
:10a61000002c2bf9a7f703f0edf2f8e0fe060af3a1
:10a62000edf9eff5f902090efefe13df2dedf3dc77
:10a63000031ce706ebfaf3fcfe0df4e9f3fef70e5c
:10a6400003fdeffc160a1af5f8f2f6f8fdf6f4f938
:10a65000060637db041db1240d0801e4051318ffbd
:10a660001408f9c503ff2f0e01e6f513fbe621fee2
:10a67000f7f4f10d010cfdf8f7f612030f0b23e9c7
:10a68000f1e61016ef0202abcf0f0b1060fafc06da
:10a69000ebf909f2ed00f30a0001fffdf8ed7f1b75
:10a6a000fe01021afc040af107f7130218fa0dfd65
:10a6b00002fc00fdf2fe0505050df3e8fcfbebfbdb
:10a6c000f3e1fa0f03e6fefa1700eef702051d1696
:10a6d000f4ec04fffcfe15041d1f031405f702f83b
:10a6e0001201ecff010914e80719f0eaf603e2f49d
:10a6f000e6e014f01ceb8104daddd3f5ca00f3ebdd
:10a70000c2fb04f61c6a0f0c2e0cf8f402c404fb06
:10a71000f3f211d8fdeefb02d32f080d0de99506db
:10a72000032acbfc0c00e4f3fde531e2f9f0f80c70
:10a73000dedefeeaf9dffc040406ecfa050401d0d3
:10a74000eafc0102fcd6d21302f2f30afa0ef2f28c
:10a75000f11715d0e005fafd00e20105beeb0dd7bb
:10a76000051c010b11ffeb8d0703cb0d24e7d8f57a
:10a77000dffcd914f90900ebc0fca7eb0004f90bce
:10a78000eaf70bfc52e130dfff0823f113ff0cf472
:10a79000fe0ff5db06bbf5f5ec02fe17f7f80ef938
:10a7a0001502feeaebeb09015f01fcf4c8dac1d93e
:10a7b000e2d0dfdd04fddd10f61c15f1041bf927e6
:10a7c000f8ed0bf3f5e0f4f81ef181f902e60dd592
:10a7d0000a09fb08f4fc100ed5c9484afece05f361
:10a7e000fd35120e11e936a5f80516f5effef7094d
:10a7f000f5150f051f21faf60f0ee701033df5fed3
:10a80000fe0108edf7ffadffff1103f60412ff2173
:10a8100007ff09dc0f041412f5ebfe020afb01012d
:10a82000e3d10902f2ff10eefaf3e5e1f9070718a8
:10a83000def40401fb0714dc2536e102e8ef09161b
:10a840000ae01109e1e50603f0fa04f100faf9fa69
:10a85000011523e1eb09f10724f20311fc140f01a8
:10a86000e90dfdfc00feee05effe11f6020ee3e43d
:10a87000f1e904fcebf103d8fdeff1331875ce04d8
:10a88000961d060af9ec04f7eb810c0604ea41fd7b
:10a89000181edffcfca21557090b17a5f6170316a7
:10a8a00033dae8f3cc05f1d0020ad7ffd4fdbf17a5
:10a8b000b7d7aae526ebb024f663b1ec5411ed034b
:10a8c00005e9e212fcff19fd0411e80106e83a0768
:10a8d000fa8356cc0ae61c2facfcb4f305fc180f27
:10a8e000e11b1108b61406f8d6de0036e4ebf903d6
:10a8f000ccff03f50b13e3f43b01ed321302f70534
:10a90000f2620af5f013120d3e29092507faf8152f
:10a91000290bc1fcf4f5c133ee08e31af3f7da4171
:10a920001829f2fbfcf2e7f7fe1c140120fed0040c
:10a93000981f0c1df5211c199f29ed0df9f41ea778
:10a940000f0161272f32e82c5dfaea160de82aef95
:10a95000ea813183c612f0cede42062718e8bb1c1e
:10a960000c0bea12f6e116da2798d3f2f7a2fafef8
:10a97000f4fb0efada8606faec17a323ef03123d76
:10a9800004f7030ae8ccf5c9fc0e0bdaaa0cfde7c4
:10a99000cef8dbf6fbdbf501f704d6c388e900c28d
:10a9a0001711e3ce030afe1ec500f2ff0ed0eeef34
:10a9b000f31fb016d7fdd5ffecde1f8d05fdf12d81
:10a9c00007f436244710feea32fbd1ef0f09e0d935
:10a9d00013f310ebcdb8e914d502f0f705c914fd57
:10a9e0005afcdabceed0ecf7f4f206cdd503d2d5a2
:10a9f000f9e828dd0010a3fdc809e6edba1ecbfd7d
:10aa0000f210253b054c5013073dfb2f04d141ddcf
:10aa1000ff1f1dd8e8f40512818fa7f80bd70fd6ba
:10aa2000fb0210f8fcfb56f831b4d6cddddedf407a
:10aa30000caafbf0ec6622231418e5313514e1ea88
:10aa4000e12acdf4b8d2c9d9ebf111eb03000fec38
:10aa5000f5e01cfd0f10e40fccbaf91159ec0128f8
:10aa6000ff1b0ef9e81b15340cead4073ff0fcf588
:10aa7000c3f1e028f4fdf2da2e441221e40c28eab6
:10aa8000f40504faa2d3e2ec15091dfd1d0ccb0f51
:10aa9000070f00fc9edf11e7da0ecb27f9f9000162
:10aaa00032300cf5d627d7cb45d816a001f4f2d614
:10aab00023e42600cb25c4ef066bdfdfe808fda00a
:10aac000f6e833f46a23189d1f0d0be674cfeb12e2
:10aad000d8a4f80e02fa001507f0edf412f6da0f1a
:10aae000ef03e2040908191140eccfffb1f112e1c4
:10aaf000ebe4e5f5f302a723f10bff31f9030906b7
:10ab0000cded0d050de8f706040ef40a05091eee5d
:10ab1000de1404e8db060ad01b0417dae909f9dcc5
:10ab2000daf8daf90bfb071ef80ef3eff40bf91164
:10ab3000fe81f31106e5071a16ed1add06152ce95c
:10ab4000000bf1f31df4fedf02f1edfdee07f51b46
:10ab5000eeee0d08049e07f017740ff9f3fb0c0ad4
:10ab600010e909edfd1aec15dd220c19db002300bc
:10ab7000d2f78c8c9bc5f1f3db14f5e5ef0607e407
:10ab80000e092202e5fc011af801c4de0aebe1fe1f
:10ab900008050dc7eecccd0500fa06ea06e203abc8
:10aba000f00f0807f429f83bf608f5f91290f6fbc8
:10abb0001219f5091e0801052f0cfc01e5fe08f924
:10abc0000614fcfef3f3150b7f34d51e040bf3e7dc
:10abd000070309f803fc0ef304f2f1f40b05b410bb
:10abe0001de31750fdf7e2e520ff23081106ff12d1
:10abf0001de8132724ff08efd8e710cb4616feee1a
:10ac00000d1b1319deef1106d0fbf7fefe2814f41e
:10ac1000efc3f9e4fa17f6f4ffe009070e1afbf5a3
:10ac2000ebf514c1dc3228d6010d1407de0c0f162b
:10ac3000cd0704fcfbfaff0df7f400d6eed90afab3
:10ac40000900f209050903f70d2fff0201020404b0
:10ac5000e4f1eb000c32081efff5df2606f9ff0fca
:10ac6000abdf09197f084304fcfbf5f4070125eb72
:10ac700006051724000706f80b122005f70507093b
:10ac8000e5fcfdd4fa03f601fce615f106f7010e2a
:10ac9000fb782c03f906ff042a011bf901f8fff8e1
:10aca0000a0701f812c30009130601f40e0bfd0098
:10acb000111101fb0606f600ed0a06f0fe040af487
:10acc000fb010d0cfff40204050f02e80d0106fa6a
:10acd000f1fc0cfbfb000e05f70611fc0af809f06d
:10ace000f9ef03ff05fc0afd0a0af9f4f806fcf483
:10acf000e4eee9e30c07220e13e9cddbd005d90819
:10ad0000b82805f226382100f6da0bf6f6e7fed56c
:10ad10000b31fdfe07fde78e37f207f6feee1af760
:10ad2000fcee04ea06fe26e5f3fc14d8fbef001265
:10ad30000eea02050e0dddf9fbfef0f9efe414e476
:10ad4000f90024fe132906f9031503f5ddf30525a3
:10ad500009070b81f619d10a01defc01220400006b
:10ad6000fcf506f903052eebf8fb08f90a09d60de8
:10ad7000e8e3040ce4fd4834c229e70e0bee23f6a9
:10ad80001925010efc051d040ff90efd12090b0a11
:10ad9000f825fbd409020d1115fc12f8fef400eaa7
:10ada000f4f7fbeb00f80cdf1d1808080518f21d7e
:10adb000f35718f5fd0f4512e3225453d2062641ee
:10adc000d5e21ed8067f03f51c07dbc91e0cfab2bc
:10add000eeb6252ec8eb24c3e1ead1e80b2cfe1a0f
:10ade000041f94f5fbfd240004fbff05050803f593
:10adf000f0e52afdff05f80dfed507f92f17f854e9
:10ae0000f6fae8fc15d498010cc9f2f25211ef15cc
:10ae1000e0eeeff5d01829e816031005ece9e1e7bc
:10ae20001ef2f00111f80df50018d20117fce02513
:10ae3000fd29f7e921e30615edf20eee0ceb0b020e
:10ae400001fe07ec0ff73cde0afd12efd5f209ec2c
:10ae5000f2f2fd2dd7f80fefe20df807072ddce930
:10ae600020fe29140b02f3040205f920eaec26ed7a
:10ae70001cf9ec0bf7f213f7fb0bf00004fee7fafa
:10ae800019f00af3f61706f90e58ebeb08f509eb83
:10ae9000f9e1fff906ff07eb19f7053401e7f800c0
:10aea0000ee6ff00df1415d6fe0c0c8100f4eef662
:10aeb000f0c0fffe18fde9f4081ff9fe1222ed05af
:10aec000fdf30d05ff0ef404fe13f90700adf10dbf
:10aed0000406e812f9150ffdf0e902f7f6f406f69c
:10aee000f724fefe01f8290501ef06e8f803ff0646
:10aef000fd07fcfd04ff0df7e30509f60c08f0fe65
:10af0000fc04f907fcfaed0a0ef6fefe04f8fa0559
:10af1000fdf909fa05fb040feff6fbfb04fe06f64c
:10af2000fcfffbf505fef103f307f1fe06f9e41d56
:10af3000ef17e8b8f6f100fe0605f8ffea01131274
:10af4000f6f4f7f311eb20060005f50e06f9ee090d
:10af5000040b19bd06d0d510faf704020bef11d17e
:10af6000e804f71917f4ea05fddcf40900ef02e242
:10af70000a0601f9120b1909fdf8f8fdea0a07f8ab
:10af800003050ee50708e2d018e07f0319f8f9f091
:10af9000fff210fc1000f5d902fdf4101ce9f10bd2
:10afa000f2f60a0dfff7f7e7180519f60dff0f1275
:10afb00002f708ee140bee0702f7f7fd4efef40a57
:10afc00005fe180eedf0fe00080cf9f01d1c02073e
:10afd000fdd8f908fc0804120ef80d05fa0cff0064
:10afe0001c0a11dc0d17edd708fb0fe5f1f5ec0d90
:10aff000e4f9f70ddedaf5d70be7e6f51af60b21e3
:10b000000304eb2bf70bf09d05e711e6232113e179
:10b01000e30718fef50c0afc13f408e09d1207fa8a
:10b020001bf31929ecfae3ea060d24eb50e7befa0c
:10b03000bf02461ceff70dfefad82b19f31d702e38
:10b04000d808ddc9eafc0a06090514f7f7e3d3f0ce
:10b0500008bcff0501fe050339dfaa0b08fb071a30
:10b06000f409181adaea0af2b935094f0bfae6fcc4
:10b07000f1040edf001dfde9230a013711ecc9fbc5
:10b080000cdaf20af5fdf114100f02f3f50f042e9d
:10b090007fc80a0d1001d5c309dee9fd3bfcfd1692
:10b0a000e914f302f6e50a07170403090522edfc8b
:10b0b00002f5f5fff1eb0cfbeb09f8fde4fbfa0ef2
:10b0c000f115fa060b0f1afffe9a47031be9ef036f
:10b0d00000fbfa020204060709e6f008140d00f46a
:10b0e000f3fef607111f1be2021bf1f408f7ff093c
:10b0f000f4dc0403f4030bfef5fbf4fde97ff90433
:10b10000fef4f5fbf800f9010cf9f4fa03b603f6c6
:10b11000fe05120b070debfb01e1fe0203e9000047
:10b1200003ecfe00effcf30a05fc05030bfc02092f
:10b1300001020cf60800f801f506f2fae900fafe41
:10b1400001000a07f8f9130606f3fffc08f30c02e6
:10b15000fefbffe7fa0a050802030c02fe0202fcee
:10b1600004020cf50302fe070a110afe08fa06f8ab
:10b17000d6c4edc40dfc440d1d29eed68ce8ab09f8
:10b18000aed529bf237c3c0d3af4e70ae1b5f5d3ef
:10b19000e1510eb6d5f8f2c052f1d8d7f8fc40f71d
:10b1a000120941fbf7033a050ac963bffd03f20523
:10b1b0001bed10ab7f2b221e05131e431c12d2dc8d
:10b1c0000e5ae4f8ead6d9fdfba317f01e19c3c244
:10b1d000130beec8f038c60beccccbefdb280d1808
:10b1e0002fe7e585ee0c052305f573191107c1441a
:10b1f000ca3ed516eef11ef8de32230d13fa37f9ea
:10b20000d30a0adf10e5461705f01f1e19030719b8
:10b21000f71ff8f0d13bf2f743f8f41d1203f208e0
:10b220002158fe0dfde5fbd0a4ade5bee5dff4bb86
:10b23000850c149acc49de0cc048b443c928bef230
:10b240008413531d4e555e0c047f3401f0e442bf5d
:10b2500003b724bc87fbe12cd1f3dee916d0ff193c
:10b26000e6b2075fa821f6f01ab7e2ddd5abee9e95
:10b27000c8b221c6d7161b59f838cf2633b9e7a272
:10b2800067f0b4eb37d7d4eb079f31ca22badc089a
:10b29000f0c12507c20d31fec9f1d3ee003310e134
:10b2a000f1ebd40222044753c3e8dee31c11301c47
:10b2b000e629c2efe2f0d5bf15214ee30e07042fb9
:10b2c0001e243a1be2f0eef0360f3d03f407f4edd6
:10b2d00028efff3aeac1bcfd2bd6dff70831ff2e7d
:10b2e000111beecbe2a4c8f286eabdb5e6f519c2a1
:10b2f00081b5d6b9cde5f30826f3fbe2d8df91e3bb
:10b300001bae391ef1020707dcb9b5ccebd10fef4c
:10b31000da0500f2dec0e6f21307fab5fabd13aba8
:10b32000da1612f7ea076314fe2ed1f8ebb9f60627
:10b33000f70f09265614f5d1c429da09d20bfdfb03
:10b3400010eddcedf40df0ed172607e21621f3aa5f
:10b35000f81413160c0003180e22fff6ef7ef3df2d
:10b36000f8eeec00ee050cf5fffc1507392efc0697
:10b3700002fad5ecea072900ecf91ee402f4ed2804
:10b380000018f8d3ea1125f2dae2e12af633e3fbfa
:10b3900008f0090aeed10212dfd1eb04ee175420b7
:10b3a000e513fa04d2dde0db00f600e10c3fcf1438
:10b3b000e1b420ac12bfc2fa3efee7c63b01057ff6
:10b3c000daee0abaf2e4b7d1d02be71516aa56384e
:10b3d000ec41faed1bfc5202fcc77af7e6f377cc9e
:10b3e000151e0ee12bf9f82b0d1526fcf5ead8f207
:10b3f000b92ffd60dae8d018cd1aa63e160ee6daaf
:10b40000f0ef3515fd16180defd8cb0012100c26f5
:10b410002e0fee3a2bfe190b03000ffb1809fce66a
:10b42000fbb010ece412490ae609eae80b0d100241
:10b4300013c111e0d115ee14df07d301fb1acc0cb8
:10b4400024e812e80808d81f0afcf80401ff0ff5e9
:10b45000e21a3f47eb31db0b30f5dc54fc31faeffd
:10b46000c0eefcf90fcf0216de3a24f910ef67e7c1
:10b47000b2bcefaeb4d6f507ebc7e30410f7fcfca3
:10b48000e4eb1bfed60d0ffee20ff2810902e30b87
:10b49000f416efcda7f205f30010e6ecfceefcc8c5
:10b4a000f04508f6fdfd31f0f44fe3f809f003c66e
:10b4b000fe0f06fce0ea0bd9bd1312f810f005f5fb
:10b4c00022dd14f22a062c063914f9f603fc06bf15
:10b4d000eaf4ebfe0401f7f9ef0addf5e418edfdff
:10b4e000f6fee5f7eb0a19ffe6f8e7f91901e3d7ed
:10b4f0000edde507eaf436ef05f8f5f7fae7011394
:10b50000fe08fca5f800e3f8d7fce801f453eee7e9
:10b51000faebf3fd1d03f107ece0ebf90019f7e995
:10b52000faf7e30efdeb05e7fcdff017134dda1930
:10b530001611f9bff10b815e8fd591c230a3080eb1
:10b54000f51951d7f9d71827d2d82fab1e019c3443
:10b55000bd3e13deb5c3132e480529fc13f20011be
:10b56000140411f70c0a330710dbf7350ce01d2427
:10b57000cbf25c1f0503ebe3f3edc6252306d7a64c
:10b58000de1ae6156212421707fff322ec09eefffe
:10b59000ff4a0cf50f12e0d045ef35310d19ff1bb6
:10b5a0005ee1c5e5f0131ef3eb24fdead20b641a4d
:10b5b000affdee1d21ff091604ddf4aecce94324f6
:10b5c000ed291ef111eaddcbfce60a37f731c4f7ad
:10b5d000070c1ff10aeee8e207de161003da1eaad6
:10b5e00002e5d20ed00900f4f7fb10280002e50bab
:10b5f000b1f2f7eaf1130b26360b061b0b0f4deddc
:10b600000d0a2e0cce18fb290b1a01b719f40308ea
:10b6100013105acc9101fee72e260a0528f5d0ea30
:10b62000010e1711f7bef1be26f7eaf322cfcdfec9
:10b6300005143daaebe426dbe50af12afa02ecfb4d
:10b64000063cec00e91fdedaf0f5f7eae0dc810207
:10b65000f707f9ebfdcddee1dc00e6f6c2f01c01f8
:10b660002e13e5c3fb101108eaf8f20e04ff11d403
:10b67000c905b91fe0ed01e502fff8b708f3340c86
:10b68000f1fc5df40710fa0d47d51022f40cc7dd6c
:10b6900005251fede712cdf0ffbc0c0ef8d300ed31
:10b6a00047281202cbcfe3e608e8e4ecf2f9d3e254
:10b6b000f3012c4421e5efe5fef2e223f3f8e1f893
:10b6c0000204ee0cf1f8ecea0e2125170bf860faf3
:10b6d000e6f200040070e414060022f1fa10ef0d07
:10b6e000dfbff8c619f4f0bafc0ddd0bfb02dd027a
:10b6f0000efee9f8e509d315db40020006f6e5fc8d
:10b70000eef6e8f1101408fed12381f015da1210dc
:10b71000fb0625fdf3152226ea0bf40103f107f5dc
:10b72000f7f7051cfee7fdfb10f20ef40601d00250
:10b730000204fd20d008e4fd0709fcfeb8f1fe027a
:10b74000efffd8f80b05f30c1de003f8fcc805fc6f
:10b75000e70be6090214eb0bf419e60afe01020fef
:10b76000022c06f8ed0fdd01fdffee0f14e6f2e509
:10b7700098dcf01ea2d81404e4d1f2a9f20403105c
:10b78000f80dddf1f313feeefbc7f60ee63eb30453
:10b7900027022309c81bf1fce2fd04fee7dde8fafd
:10b7a0005bcde0ffe7e479eef2f924f6130f2b0806
:10b7b000c8090736ef051bffbba00debf6e739f311
:10b7c000e110fd7fa5eb2e15f50023dcef10c00a7c
:10b7d000ef0100e90501f200080e0afbfdebf9e1bb
:10b7e000d2022604f2f10ffa2ffe0c01eb11feed4e
:10b7f000cce42a05db161c02f80af4ea05fb13f96f
:10b8000004b8f8120007f304de0d0c15f00e0cf767
:10b810002319fbe40c0efedaecfd100400192800dd
:10b82000e3290e13b61006f9f0e5080d1604e6d963
:10b83000f7f814ebf9fdf301ee0808e91e0414fa19
:10b84000f819f70a08ec1a06fb9981fef6f003f5e1
:10b85000fa0ff206fa03080ddaff15f802140206d1
:10b8600007e4fcfb15ff16c5f62208e4fe05000bf5
:10b87000ff11f812fefbfe00f10903fe233302fb69
:10b88000f5fbed170afae503fdfdfef2fef4ffe518
:10b89000041b08f6fe051303fc0900f7fd02fefb7e
:10b8a0000aecfb010ae813f90cfc01f50601e814a7
:10b8b000f7f6f9fb0cf90df912f4f9fcebf1f706c8
:10b8c00006ff0910f5fe07081bf9fef4f2f601fe6b
:10b8d000000603f301fffff911040403050d01f253
:10b8e00006020700050afc06f30ef8fbfafbfd0250
:10b8f0008fe9b40db6f1471e34d622e006042cecd5
:10b900009ae3d713f3fd75e5e713d41304cf49e6a3
:10b910003ed82322383a1bc6040221b127ed231159
:10b920002544d8171717cc3a173e39edddbc33d074
:10b93000ca1b233c2ed7a2090081eb0e19345efcf2
:10b94000a204241a070f042ce1f50103dd381e3d83
:10b9500010f70aeffb195112210129e9ef0425fa2a
:10b96000efd31ed40ffe25df0434db012a3ce8eec2
:10b9700033510c03121c301bcb20f516272fdff39d
:10b980002dc3fc14fd2e072afef904d1efff3afa6d
:10b99000f5e8f818ec1113aa17ede0ec1ac60cea5a
:10b9a000d11ef5f007e40f29042dfef6dd39df186e
:10b9b000ed1827ef181dc3f9cc2df3fc08223bf539
:10b9c000eec61de5dfb92318b60ad902e4e6fd6a22
:10b9d000202035d7c2e7fc1deb1681dee5111ffaea
:10b9e000013a611d000c13640cd0ff0309e101252d
:10b9f0000f51f905090c57161d1303011c2b1b9d34
:10ba00001b0e25fef349faeb0ae504e1023ff80ab2
:10ba1000f0f92b132802dd1fddfddced2d050138cb
:10ba20002ad8f5f20cff9edd01e99df30bfa18fc14
:10ba3000fcd2e4fb02051026e5e3cefd0e070fe67f
:10ba400002f20cf007e0d30df41eee15f7fb01f740
:10ba50000b11d9f2fdffdb01e8f1050bff12021b10
:10ba60002e1c08dbf8091ad31fec16e5fa0609e5c7
:10ba7000f4f2fbfbffdc058116eb0efafe3d011f25
:10ba8000ef0df306e900051cfe08f9e4fce201f500
:10ba9000a40c10f300f30305fa12faf3f30af8eb1f
:10baa000f00308f6fff7f9f0c9081d07fd04fdfcd7
:10bab000c4092ff703031d0c0b07f2c202f30a019e
:10bac000f208fd01e60b05f9fafff60008fe880909
:10bad00021feef071102f616cd0403fafaeffd017d
:10bae000f4fd010e0f0b0af4fb26f80608f3f2f939
:10baf000040ffd02ec400ee80705021f05fcd9ff0c
:10bb0000f9ef050803050001fb110901fa0711f31c
:10bb1000fb0c00ff000ce3ee04f0fa05190a00fd2f
:10bb2000fc09e906fbec040002dbf9ecffeff5fa97
:10bb3000e7eefaf3e2f400f001f0f6dff6f4ea04df
:10bb400008fc04fd040afffa012ccef4e9050bff02
:10bb500016fd00010f10f8f9f9f9ff0dfae1fff3f6
:10bb600019fbed05000326ff08fd02d6ecf3effdff
:10bb700006fd0b09050cfdf2fe110c050ae20df89d
:10bb8000f2000132f9fb00fdfbfe0af7fdecfefbc3
:10bb9000fa21e505f30af808eaf207060101f607bb
:10bba000e20001ffff93f3fd04fd01810405f80aa3
:10bbb000fffd04f7f9f80dfafdfefeff010405f79d
:10bbc00008f50102f6f508020105fdf8fd0a060e6a
:10bbd000dbfcfdfc0306fd10fcfb04fc05fbf8fc94
:10bbe000f80204fefd02fffdfffffd00010301015d
:10bbf0000a0316ece9e9e30ae20ee20afef7380e60
:10bc0000f7110de3e406f0fff8ea110414f2bb03a8
:10bc100005ed0d34f5e7620105efe9fb01f31b12b9
:10bc2000e12ffe69f0fde7f402070ee60817f94080
:10bc3000eceb00fbed0efff0d81435f5ec00edef6a
:10bc4000f81701d4dc01f6d7da0a7f01d2d8fcfd5f
:10bc5000f2e20c17190302d3f8f0f4fd0401eee050
:10bc600009fd00ee08e40207080410f60b1705efc3
:10bc700012eaffe8fdfde3fe0e1617041eeafcecd7
:10bc8000122025e8e6f0f905ed0bf0e3f8160dfebd
:10bc9000fdf3f0ff04e6060ae5f5f80203fcfb00fd
:10bca00006151314120d1603ed0cf7fdfceff2242c
:10bcb000e9eae2eefee42df2fa12d905eaf9c4fb54
:10bcc00028540be807e0f600e40b14090ce2f1c875
:10bcd000f62006f8defd0ce1fbb8b6e00add1bf449
:10bce000fd08fdf602f0100b0cfffddbfafafcfd7f
:10bcf000eae2fb0206fc0c03f404fd0fe10fe6d6ba
:10bd0000fae120fcfa19f80efd280af7e204e8c56a
:10bd1000f9060102ff00eafaff8107eb14f60005bd
:10bd2000f3f707f30603bbec03f605f52afbfde684
:10bd3000fdecfafb010c13263d06d0fe000c16fdaf
:10bd40000aeeefefec200008fefe0f0ee117fff702
:10bd5000fc2304fc28ee070839fae0f8fe0903fb8f
:10bd6000030c01fae901f3faf8011dfffc010a15c1
:10bd70000e14fe03fad0f6372429eaf6f8f20fdea5
:10bd80000afceefc0c0f01570cff01084ccf00f22f
:10bd90000de610f60a05fefa150601ffc9fc0defc7
:10bda0002010d21401f1f3f9c8ffe7fbe4fc05fc15
:10bdb000dbfa970efe0ae70ef1191219fff70502da
:10bdc000c6fb1019f902e30b09010e06fd00e6049b
:10bdd000f3f3f2fcd213f5f0f6f803f1fafd0af2f0
:10bde000d405f3070cf1fe0b13b7fae9f9ecfffbee
:10bdf00013d002fbfe12f50b09fbf0ebf7f5dffaaf
:10be000000f8fef3f3f6f8fefceef805f804f3f99b
:10be1000ec00fbfdf0daf702fdf5fc047ffa0212fc
:10be2000070305f4fafdf602f11f0101e7fb0cf22e
:10be3000d51c360011a362e9e8de51ece3fdfead4e
:10be400028f52e3cd4f7e8fe16d3d1e6ac1610b494
:10be5000071d0115ee0cf7c3f018fe35cbf9d81706
:10be60000b0f1ce336432431ebefd00828fcf9fd1f
:10be7000eafbd11d35b826f9167f0f0c2e140df6ee
:10be800010f7460e4a238e1ef8d8d8fa0a27acc9f6
:10be9000041b03cff6e9130bf4d825edd2f811e01b
:10bea0001725f50a0e1bf9ee00de090cfa2b0deb37
:10beb000edfc08f601f611b3f605efe8044ad9e8ff
:10bec000ecf2e8e4114b392e031ad41354f72a1478
:10bed0000afff314dd1de40dc9f215effb130cf09e
:10bee000fd03fd0909040ee068f9e8170ff8f6e212
:10bef000ee02fc05ef04f704fe02f2f9040209f277
:10bf000003a707fc03fd0a020281581a05f9fef295
:10bf1000f8310715fc01fd0ff30309e5f911fffbeb
:10bf2000f8ec04fc22cd3df6050e063104f80104c0
:10bf3000f91201064100f8f9090506fd1ceff802a7
:10bf4000040002f9f9f8ef0ff70af00ff718f8fefe
:10bf5000f80d13f70bf6f005051dfbf90230f9fc9f
:10bf6000fdff0403fff8fbf70bfe21fd02f221fcad
:10bf70000dfd00fa07fe0418f90ef1fdfdfcfd00b1
:10bf8000f8f4fbfa06fbf4fff9ff010af2f9f600f8
:10bf900000f70f040807ff030004f9f70402f4f6a2
:10bfa000050604fffb05faff050ceafd0706f6008f
:10bfb000a914c2dd0fcca811df32a40306ecf37f75
:10bfc000d4110d8deeea011ea022f21bfdfb141a06
:10bfd000070c22c8d5f22b3108d314f305f9180049
:10bfe0001107f0ecfff9f6fdd90246fd110ef60837
:10bff00015f919f2f4fad614ebfad7ccfd02f7bb17
:10c0000014f5000ff8eb51e6fef40d120be7f40cfb
:10c01000e6fbfcfcfe0c04f4ef02ecfa02070d0751
:10c02000fbf2fefdf60b19c3f5feed0c18de05065e
:10c03000f2fd01fd010804df01e5ed0614fce4203a
:10c040001aea16fadacbd20fe9ec150ae3e6ffeab0
:10c05000010d13d3f90ceff819d7e1e10c0bf70b35
:10c060000c0d10fdfef1ea0a09f206eb191800eebc
:10c07000080505fc07ef4bfceecf18fe01f8e8e5dc
:10c080003d2d060bfeaf150bed109cfcfffbf68162
:10c09000070602e9f5f1021fadc22b25fbf5ef12f1
:10c0a000fcb8e9eff70f07d9ebfff2970306fce6c0
:10c0b000efbd0302090a15ec112adbea381e02d88b
:10c0c000f504fef8004cf8fbf809fa05fab2e0bef8
:10c0d000fefe08fffbdbfe0c02bc07faf8e40508d5
:10c0e000ef350204fd09f0e9fbf0fb09ef0b020755
:10c0f000f61309ebed001ff12df50aff0d3ff40ad1
:10c10000dffcfb09e422d0f9ff03e5f039faf4f291
:10c110000bff12f1ed0605fef4f309faf411faf043
:10c120000002daff0403fbe125e9f6f204f6e11868
:10c13000d9f204f5e50dfaf8f7f9e6d0fa090afca8
:10c14000e6f409fc0ef423f3f9961130e9fe4cfff6
:10c15000ca06db07f45ce7f4d10addbae9f2fe02b5
:10c160006115f304fcfe3925f61b0d13eff801f8f9
:10c17000ebf2dd060405fd110bfbda0920f7c3fd28
:10c180002306057f160ff7f0e7ee19ec0524faf207
:10c1900001d123fdf40a020004f80501fc1204f6a3
:10c1a000fbfcf8ec26fff8fd080cea151506041f49
:10c1b00000100af808f3180213ecfcf11efc11ed54
:10c1c00017e7ee290a0f06110c14f9070af80cfdff
:10c1d00006eceffef5000a08000403fcfdfc073640
:10c1e000ff1f0befedf5fdf71d1a09feff10f0e044
:10c1f00004281c0303a88492460b94faf50ff4d785
:10c200001b0de417cf19e31b201d1c10c7e6edec36
:10c21000feeb3300bf0abb160c080617e512f3ea63
:10c22000f2d9dee9faeb18e6944af4ec26e0dd0eea
:10c230002e0198b5f706fbf8047f409cf905d8f06d
:10c240003a05fff602ea15e10313f7def1eccb1a2b
:10c25000f9eef10107f2fd22d6f7dffa13e5080f38
:10c260004d121a00040c18fc05b604fce8ffe0bcf3
:10c270000c8ef415e000f7ff2b09fb301ffb94f147
:10c28000250cff04defde8510ef1ec11fe040a015d
:10c29000f9feb5f80deaf445eaf5ed26f9f7085b85
:10c2a000d3391feef8e906f80bfefff408f516fd8a
:10c2b0000688aa00d8fcfbdf27f10bf10f14220a35
:10c2c0000de5c72b601118c4de1cde14f2e0e2eab3
:10c2d00004ef33227f12e9e003fd1202d0f9fc23c0
:10c2e000011cdd04fbf1f523d3acfaf505d3e8f22c
:10c2f000f612eae9f82811ed060114bc03f7ef087d
:10c30000122213ee1f06f6ecf1daf0efdb1f052820
:10c310000717e904f803d6fc02f6ecf2121104ff49
:10c32000f00938e10003fbfa3503f1f707250beebe
:10c33000f9f9d815f510de0ae620162c01f028e8e8
:10c3400023e62de2f80be62ef5b4f8d010f400fc4d
:10c35000fb09d7ee052329f6f3fa21f01beff8bc11
:10c36000caf505f902f401f60b3e00cbf6e91cf71d
:10c37000c208b54cdcfed3de20de00a3de2192f045
:10c380000d09a1eccc1b1be6edd32ffb1533eaf214
:10c3900054d175c43710d15104cec7f120e401e364
:10c3a0002d040415e92fe3f23b124411b3e66c2a85
:10c3b0002f25d2191847601012dd0a3ffee87fb220
:10c3c000a41c1e3fdf1cf1cee4fcfb19aafc42a317
:10c3d0002dfc17e31721f80821fe351b2c0d181a28
:10c3e000e5fd3500e628ec0717fd21fb1515052aac
:10c3f0003f30f81807511a102301cb2fe0fcbced99
:10c4000034e1310ec319ee34f81cf92ef6fa382e49
:10c41000f3dcdbd3170bc5d713e20bdafdf61806f6
:10c42000fd07fb26fafe05d751edf2d4f149f10bd9
:10c43000f60506fb07fd210e05c9e3f8e2062cc848
:10c44000de810f1c10a81505a5e3f50904c4f9e069
:10c450000dd30bedf3f909ba640bd20c0209fdf60a
:10c46000fdfa0cfb0a050e0d02fee708f5f5fdf5d9
:10c47000f1bc1d0720def5fcf70ffc00c50304fb33
:10c48000f0ff2aef112f2e090302fe01f810f90226
:10c49000fff4ffeef2f703f5f9dafdf93cec050bda
:10c4a000fc0ef90df805542cf9fff1fdf8f60a021f
:10c4b000fcff07fbf80112b4ac240bf80507010bd5
:10c4c000f6faf6051001c4faf70ade024becfbf3ac
:10c4d000030c0703f5f202f9fd0302c5ff0ff9f69d
:10c4e00001fceafa01f8f7f0e40802f513fff9f8a5
:10c4f000ce2381e69cd1e5efead8d610fa06df1804
:10c50000fae82cdf11f19c012d0d1183ff02bbf223
:10c51000ecbf67e626c7240009dbd6faf30917f853
:10c520000550a1f60ae105f8e32224e614f3eb8aac
:10c53000ed03e7e0ef19040db10223ce0501e5009c
:10c54000ddf726f80bf9001324d9d07beeeb0dfcb8
:10c55000ebecfa2607ff36ae0500f2051afdebfb01
:10c560001e101bf506fd15f53902f6f3fa07f3d197
:10c570002ffc19f945052cec0e0de024e914ecd440
:10c580001b0927c3ccf4fcfb98df15f9fb122ef531
:10c59000e8f6b2fc20fbf1eaeb13fd091bdbfef829
:10c5a000f2f40be40535ec0be2dce011fc3d1df987
:10c5b000bf180eea010ce20b01960af205fed181ca
:10c5c000e8f0270303190004f4030cea08ea08db87
:10c5d000efeefa12f001e410f4f7f30e0acbfa10c2
:10c5e000f9eef2f7f1f8610005e569f3fb09f0ed0a
:10c5f000fa16fb02f9f9051206fd06ff0508e5f536
:10c60000f908f5fc02e8fd11ff16f20eb20ff3f87f
:10c61000faf608c905f5fad8f22605000a040e0d47
:10c62000f9f1071507040f0b02f810fef80efbf4e2
:10c6300001f7280fe3031f06fcf7c30c0d07f9ed04
:10c64000ddf307d5f808c919080cf41601032afa16
:10c65000060b06df4a02ee11d103121000e70ff3ba
:10c66000070623f3df0ff733e7040104f10ffd0f93
:10c670001f3b4ec83200ee63db58d16625c125dd75
:10c680001b0c2b2d7f270a15ef01080725a0efe3d0
:10c69000bfcf254fc3f406f8fe2eed11263fee0c5a
:10c6a000110ace12ee00f9fbf00de10d3025fae48f
:10c6b000d905551107bca6ebdb1503fb1311e50edd
:10c6c000c9000111440cdefa12edf4013afd090a29
:10c6d000f5110423ba00fafc22fd1fabbff753bbd0
:10c6e000fc17d80afe000320e21d060af2eefbf05a
:10c6f00007d5cbfe100df4010f0a22f905f0190d34
:10c70000d90e17e00ef7e4df100d0717ecfdd0e7a8
:10c7100016070701cff104f809d3140714010fef2e
:10c7200022d81be327fcdf15e1fcccf8e0ef32f563
:10c73000fedc0018c42a1db0c7a21ad9043aef18ab
:10c74000220d20b6cdf3ecb4e6c9f9b7c07b0800e2
:10c75000f220f1a9314019f501d7e608bfe71a9a8e
:10c76000a4ecf6fe09f1d2e23bf1080d9cacc7f552
:10c7700050edc02af9202b17247f05450f05cbc8a3
:10c78000f90ae3abe9ef1fe3f40dfcf8e2e239f953
:10c790002ee213ffcd00d1eaf801051e2217cc17b7
:10c7a000e90313eaffc90df110cc17e22e1e0806ab
:10c7b000ef0d27f329072f1504e3dcc3f1e73efb58
:10c7c0001e25fcd4f21a2803fd09fa11e7f41c1502
:10c7d000ea01180e043e381a002e1912eff7feccab
:10c7e000f9e9d347071202ccfbeef7ed18fffa0f79
:10c7f000b7512105f00c81f20eda042d0bece9f9aa
:10c80000c71fe1c0d61301eabaeeeff11d480018c8
:10c81000fc2b211a11e927e7ecca0cf4fafe65d8c3
:10c8200001f923fae5f501f9240f0be6fd1300e207
:10c83000ee12ee2a1c4ef701fd01390e0cf9feeb4b
:10c840000909ec00da27fe31f7d5ef2615000beccd
:10c85000ffeb0210c91afef9012a0c15430d0af16b
:10c86000dbf5f913f7faf0f5fcfc15f90b350ae0e6
:10c87000fcf955d211f820af081a0c1513f4fee29a
:10c880000af8edf9bcda0f03e905e4fcfaf1021548
:10c8900008e8fe28da490cf3f50208f60209020757
:10c8a000d1ed0ae5fb14ed26f330f7fd240a111c47
:10c8b000ddfceae2f90615fdf9fed2e294f7fae8aa
:10c8c000217f3397f40f03f43a6cb0f706fa089b14
:10c8d00003df1dcff60ee3dafc0aff09f6ca350cba
:10c8e00011f8fdfddd103d150ce7401d0dfe03faae
:10c8f000fb1311eb0403230e0ef6fd16f7070a23b4
:10c9000005fe1101e9da02fdf00dfbe4e9e400e1c6
:10c91000ece0fcf4fd230609f0b5f7f8e109f9f7be
:10c920000dd0efe70806f30601f70606e901f20766
:10c930000b19c9f0f7e7330503feec0408c91c0026
:10c94000fe17fe030cf62bf6f9effce6eafb240ad1
:10c95000010b00c7cee1fc0f2a04f836f8f3e3de42
:10c9600022fcfbfad6ea061005f7260efd06ea0cb5
:10c97000eff3f3f7f7f8f5fd06efb8fffd04dcee93
:10c980004c1cfc130ed211fefef20a070ada04c296
:10c99000fb0b07090505f37f06bd0205fcfe24e03d
:10c9a000faf0fffc0521261c06f6151700eefb0d1c
:10c9b000081300f8e31408fbf804ff04b0e2f2e502
:10c9c000fbf9020108acf8ff02ff0812f20e00efbb
:10c9d00004f503c20806fa09fe0800020a00010471
:10c9e00005ce0003feffc306fdfe080202f7fdf4bc
:10c9f000ff02f90a02fb08204309eb05fd1c0203b4
:10ca00000bfdfefbe50df5fc0004fc0bb4fef5018f
:10ca1000000303ff0806fc01340d0902fd01f5ffc8
:10ca20000906fff4f8f7c2e2fdf3f303fdf2f104a7
:10ca3000151e2f04f32334dd0a68ea02f21b117f6e
:10ca4000e6280599fe4f0bc060ff02da0c3e0bc8ca
:10ca50000efb230e22074203f7bf0212ed1270f8fd
:10ca6000fa18f107ff251b3425ff2608ecf0f4c661
:10ca70001ef3d5faeaff160b01ef313513fb061151
:10ca80004a1a2704e8b7df1e02c8e6fc510aea1575
:10ca9000f0f9f61dcf41f6faf4e706d8f61f03e9e0
:10caa000d0bcf0fefaff0f4cf4fc18ff0f31eb1d69
:10cab00003dfbbf11de91852071b2f051ee610dc32
:10cac00028f508c7da0a0c0d0df00ff9f7ed33263b
:10cad00008d8f8f2f104f72a4b0f1338f8150cffb9
:10cae0001b27200821ebfe609e330a0bde04580e44
:10caf000b7f985b797ecfbf1ebe5150a09f1ede91c
:10cb000010054d0ef8eccbefd40a0cb20bebe3fca6
:10cb1000eefa36ec04db0bd6110af0e21bdbfbe885
:10cb2000033ce50204fc0de4e322f40c11b2cebe9a
:10cb3000fa14e3f70be4cf07baf918e70bffc400c8
:10cb40000ff3f100132f14f318fada3a22e70b214e
:10cb500006f5eb1bf8fd0dede408f403f206f1fc1d
:10cb60000d0701f200fc05f54f21eeff2605ffee53
:10cb7000110f030142f71fec0efdf814f80e0de73c
:10cb80004a010881f0e70a06b1f008e9f736edf945
:10cb9000fcefe114f9f8f0f3fa08e207fbf814e708
:10cba00004fb19c70331deeef4e5fe00ed4210eea2
:10cbb000f2f009fff6cf073008e5190203b20120b1
:10cbc000f50efb07d6010c04fe09fdf7e5f41afb90
:10cbd0004c0509e8f8edff03000efaec250300ec24
:10cbe00030fd0502fbf114eed00e1500000bbcfb6e
:10cbf000be0581e30005130d0cf1fdf7fff2d4fd36
:10cc000027fdfbefe5000bf7faf4f9f6fff9820dcb
:10cc10000ae8e30c0dfbf80b0401e0f808e9f30067
:10cc2000d7fe100ef70c06f708aafcf705f1f9fd80
:10cc3000121f01fbeada0aec0a0c051e00f7e302f8
:10cc400008ec070b0000fd03f91b02f6fd050700c9
:10cc5000f408ffff0410eaee04f3f401ed0c0704fe
:10cc6000f20fe80203f106fd03d3f7ef0dfcf3fe2c
:10cc700006c1cc26e8f811e1fe0125d918080b07fa
:10cc8000f009933b300525ffffef0cfbe003dbfed3
:10cc9000041214187f0400fc001bf002f0fa0a28aa
:10cca00022340400fc09e31efaf220ddedf714d073
:10ccb000fd0be502081a0feafad810f20f261c0a3b
:10ccc000f01a0d120d12fd12f6eceffeb0230f1349
:10ccd00010f6050315070bfa1cf511fef60fff0cf5
:10cce000050124d8fd0bfd0317fafefa011fe5f537
:10ccf0000d0cfc0a071d07fe120c0227f11202fca4
:10cd000026f425efec1af31dfbe203f904fcf80608
:10cd1000f212e2f4ff102aebf7040ff901e60df22c
:10cd2000edf705fc0df6f30f181e0ae8fa15f801e9
:10cd3000f5f7ffecff009df700e54002cd01e2fcb6
:10cd4000473806d5044beb0a11ec8df1f504ffebe7
:10cd5000041605f2fd14fba7d7f1e703f905140942
:10cd6000001711f609ea1a24fcffe3fdfdf4051093
:10cd70000a43f704e401080cfc0eed001b1102e26b
:10cd8000fc08fa05e0c42000060000fafef9f2c62d
:10cd9000f702fb81fc02e706fef0fd0eeeeefd0958
:10cda0000496fbf3f8fdd0eafff4f7ff070b17f248
:10cdb000eceb0ffffefd03074645d702ec05050b24
:10cdc000e9fd14fff9ea39f6f2f50614ba0a02ff92
:10cdd000040f14daecf4000ceb06f313fbfa09234e
:10cde0000607f70aedfe00ed19ea01faecfc100166
:10cdf0001efc020cf800f6fe00f2fd1105e6feff37
:10ce000023f9faf205fcfdfa02efe1eb0f20fffe39
:10ce1000fdf3041204fb02fc0708f71a01eb02fc05
:10ce2000fd01f3048115f313fafcf3fc0bff020a76
:10ce30000bfef9edf7010adaff0315fafaf208e141
:10ce4000f401050901f5f0fcff07f303fd15fe08e9
:10ce500005d09c1eeffc0507020a0d0aff09ff071b
:10ce6000fc040505f613f0fc0801fc12fb0ef90c9e
:10ce7000fef900f5fffef40001eafeff0410fb01dd
:10ce80000d160502ec00fc06ff00f8f2fd04fe039f
:10ce90000cf60d04f6fb10f2fc080504fefdf1fa99
:10cea000fef2fb0306fe0901fbf8fe0e000f04056f
:10ceb0001ff00504d0f5e453cef1dfe11507030cb4
:10cec000060ad3ea26f3120306fbfaf2c3f4e700dc
:10ced000de16e7e823fd0d07fdf8e5f4f4d9fb0abb
:10cee000fcfae9fffe0706f5b7030c15bee707e7f6
:10cef000d7fda91e060ef029f712e676150d1fd1f3
:10cf000081f90505fa0628fd0e040726fa04121415
:10cf10008903f6fff50b0bd5fbf32edb0b2310f982
:10cf2000cbf1e6f9ff18090e132300fefd2113ffd4
:10cf3000fd10040aff1202fc0003f3cef70520f8ef
:10cf400013060de40bf4e501eef4f7faeffaef0344
:10cf50000d1bcef5050a2aea041028fbadf6f6d51e
:10cf6000fdfecef8f50cf10707ee0e0be4e6020429
:10cf7000c7a9d795bde6ed24dd0002b608ec2bd499
:10cf80000afa2203a0f3dbf5e0bd089cf3d4c30b3f
:10cf90002bff22b4c7f486f1e50aced5f2d9d48f9f
:10cfa000271af817eaef02f40f5200ee12ca400ee9
:10cfb000d6eb0e1cfcdbe007c719170b1ef7440b62
:10cfc000f8cafd1db3e6ffee4a2be62745e7f4f36a
:10cfd000f2f90e02de06f7da0af10100dde59f172d
:10cfe000ee0aeadefdf702e7f4e5d3e637ffe3fdfc
:10cff0000b03c9e1270923e207f327da0d03e0ea6f
:10d00000f2e8f0a5d8faf920df04fce60a4b21e7a4
:10d0100006f213e9f514db03fad2ff02091b02f949
:10d020000110fdf6d0f631ce06da1b7f033df42267
:10d03000e0cefad41ae5d7da081bc81bdf12f531a7
:10d040001a11c9edf71ddae9008b0bfffed203d8e8
:10d05000dec2562c0a94fa0a1aeae6ee06dff50b4f
:10d060001c10a7d91fbafef70914e915f1e021d069
:10d070005136ceeada19e2e0dd1555fa00f6190567
:10d08000b9ee0c1dd6e7d5160909bbdf0859f7fa2a
:10d09000fad000bf24f9f928da0ac80512e001ea3b
:10d0a00006e9fefae9101dedf5e317250720d2ccbd
:10d0b00030eb21e881effd0de7f40d25cec3cb4920
:10d0c000c9bfe6ebe7e808dabfeaf4e1c4113febd9
:10d0d000f114f6420ce7180c1af60801ff1014655b
:10d0e000fe1313e0f3e7dbdad7e807ffd4e1f1d36f
:10d0f0000010e0f5daba1ae31511fe06dedfadf72f
:10d10000a27f0720c73929f1e01153cd1c1af5b9c8
:10d110001406ff01dfed2532e0dd66be0feb1cb922
:10d12000c8d7c506f322e0ec05f5cbc110cedf1160
:10d13000098104d91e09c3dfeb120f13fce0fe01c5
:10d140001df3fbebd3e501ebfb164232e594aa0895
:10d1500005d7d1bf0d2135efecd2ec0902d9f0e9aa
:10d160003134f5eff5f971dc0ce66712da11e51de3
:10d17000dee717e000eacafe6842ee0aff4c1c3107
:10d18000f9bb1be6f8e544fe2eec0e1de8fbcde7ef
:10d1900009121dfbf31d0414f4eb211afef4faf13d
:10d1a000b308eb07d2f4fb1a1012c1f90ffa0015fd
:10d1b000088f0207c62bbbddcde593d71601f33ce4
:10d1c000e50316f928ed1c81f0eff9da49c90311de
:10d1d000e91ed1ee31002214edf7e9f4f4df090d78
:10d1e000fef7fbfc1f011c0e6be63511c9e80fe8ca
:10d1f0009203e61518feff1a01cfe0460c08fff770
:10d2000092f3020ff8ff430e05f7003603000a0df4
:10d210004920fff8e90b13d81bfe1ee0051dfcf9a1
:10d22000cadfd1eaf903fbf1f51500000d352c2614
:10d23000ff0b0a18f4d410efed01faeceb0d3e05ec
:10d24000f80302ec13d9f6edfa0b14eb0502eb2907
:10d25000f608fcf9ff1322b50a7c15f605fefeb7a9
:10d2600000e1c1080118e4f8ffd70609d1f8fe0f64
:10d27000f5e1f2e4dfe90e101ded0eceefebfe223c
:10d280002b1300e90a03cfdd070c81dff723e8fe4b
:10d29000d9f9ec10173dfbf10b0630f7fbe30bd58a
:10d2a000b703f10156150f1910fb04e2f6c60af890
:10d2b00026ed0328fc1a01fdfe2b231300defee4fd
:10d2c000cdf915d8e907e8f2f7020ff1f6ecfa0309
:10d2d000f7170e10cd200afc15f622ff06e4ebff2f
:10d2e000ff0505f419b9fbfb17fe2a0413ffe0182c
:10d2f000f4fa05f803fe10ede4fbf803e51dedf18b
:10d3000002fb03f0eb0723fbfbfdeee80fef10043d
:10d31000e70c09ff06111f1106ecfd0b07f8f6fede
:10d32000ef130c21f70310e903020bf100f1fb06e8
:10d33000cfccd9e002e5f2ecebe8ccacecf0d614c3
:10d34000e6e50eea1615e5010515f0fea3c1f0f0bd
:10d35000faf3b9faff0104f2051310ffdb9af5fbab
:10d36000d1f607e1d4fd7afaecf51000e4feec0ffb
:10d37000f3fa0108030303f1f816f71316eb07118c
:10d38000c4e7d5eff1fe131fd9130104f10eecff32
:10d390000ff828f8e5f1f5feed04f006dcef13f2e6
:10d3a000dde50108ffd8fc0b00eef4fdcf3ffbf6f6
:10d3b000f0de2dffe317f6dfd803fbf4f51b29fea3
:10d3c000f714103308f802071e0bf61df646f9eea7
:10d3d000d0120e0ff1f2e6fee105fc19171f7ff8df
:10d3e000ef200c0900e4040b0c0a0eee11f7e1ef3c
:10d3f000224859243d3510f0eefc17254b162bf62c
:10d4000016c930e6fae2f8f2e8f6a6b2fadd0b1336
:10d41000f2eb1925c3c4ebf32b269bffd23fec1094
:10d42000090714ce08f104e810e4ec200b65ec9831
:10d43000dc16f1b8d7c816eeb9300301ebd9c8ed48
:10d440003fc2d7ee1405d214b2bc1d07ea1fc606b0
:10d45000eafaedede3d304e1c9f9c909df0026f7e3
:10d460002ffcdda1f114c5f4f8e681f5e1ec1eee28
:10d47000cbf9e1a404dd1902eef01a14f6f0152a36
:10d48000d0ccd3cc03eed1e0f50dfff7001cebe4dc
:10d49000141de520f2eb0e1df51cfde3f70bee1c51
:10d4a0003414d62cfe08d4f7c9c9091515ead50fce
:10d4b000e6fe01fddef0fb10ebdc0deaf81717f0dd
:10d4c000f7f604060801ccf2f0000111fe09dff5c1
:10d4d000f00af7f9f2ef280416f701cefdfa01e39e
:10d4e000e5ffdd7f15f400f80012cf0cf3d2c73151
:10d4f000070d0b0d1af0f4fa240be806fd0ce10100
:10d500002030e4d250fff4df3a04e712e6e9fef9f6
:10d5100004f7f3fe17f20e22e1f2ff02fee7dd044c
:10d52000fd050e31fbfd010c02121702230eddde9c
:10d530001407d52be30600010609f2032e0713d3c7
:10d54000190e48ea02e10505f839cacef7fdff05d4
:10d55000ecf7fbf90914f609ea09f8f5fa40eafed6
:10d56000ef0f0ade030a4d1af8bee4eb02e305e50d
:10d57000bad8feffd3aa24812d28fef5da4afef49c
:10d5800029e210faef2bb3c12012da37c8323ad9a8
:10d5900020e3081e1954e6e500d8f503ecfcffc1b2
:10d5a0000dd4c32dd7ee14fe102ae6e28bd6cbeeb7
:10d5b0003e0ba511ee13ed39ef2e281fdc092712c3
:10d5c000b2eb06edd1f5baed01f023f6f6fc3b0225
:10d5d000128804f3d21ff214bc2bdae113f0ec042e
:10d5e000d0e720f7ff08051707c022e43df7dbdd91
:10d5f0001fd403c9e82609fdf535fc24fe01b6f663
:10d600003620edffcf150b2bf048e6f006fa1c1f75
:10d61000eefd02f81007f906ed03f60dfdf81029ee
:10d62000ff0f280304011202ee23edec0bf2ebfdd9
:10d6300089c50ae5ecc4b0e60afe11a0ede3f7c720
:10d6400099e10716d6e61bfdc5537f68028565156f
:10d65000f3e805031729bb401b33f1dafef3eadbdd
:10d66000d0ca331c77acd99f12200439c7fb0443be
:10d67000231cdc1ff3da2e72db33f6303028e0fd9a
:10d68000f819f3c4ae1415ea17edf1d0ccc642d2a6
:10d69000102171ec0f0e05381edc0bd4fa01f20dcf
:10d6a000dbef11f1dfd500f1fce002141c0822e0f1
:10d6b000579e0e0600ffe808f1f5e41257e8ce2069
:10d6c00015e61512030bed330307ff10ddf2070b10
:10d6d000cafeddf8ed1ad31aece4ca1b00f90e20dd
:10d6e000105c13f802ee08d1130ce3ccf614f40925
:10d6f000e010eafaf5ec08ec1041e50f150ae849ec
:10d70000f112019d07f600e6fb010cf90e0900f687
:10d71000ff0d01130d0618fd17d01807fdf77f0444
:10d720000006ebf9f7061cfd181c2dfcfc08f7e9b8
:10d73000e612e3fd05100307f5fa1b160c09f7e9dd
:10d74000f9fafb0302d20d130a03f8fe19f502ffe2
:10d750000609ef2bef1c0afc02f303e72715fefa7c
:10d76000e6ecf8f0fdfeffee04010afaff0efd0103
:10d7700017f605fbfb000622f6ec17f7f5d7fcfdc4
:10d780001104f5f6c8ea0d0602fd13fde802040ccb
:10d79000f6f1fa03fc1502f60a0e0c3a000a13f52c
:10d7a000faf711fbf603ed22e4130707e70b1d055b
:10d7b000e40df4befa0bf5001bf3ed19f1e8d70107
:10d7c0000d0eef022a1e18f2f403f01fe0fc0bf21c
:10d7d000eb141f9c04f8810902ea0ae7efffeeaaa6
:10d7e00008faf60cfc0611120017020de8c6061620
:10d7f000fffcf8f0201c10e6f4070c0107130aeff9
:10d8000005420b0f24fd0d54edbdd2255a030b0a22
:10d81000f1130affddf9e52007f41d08ec29784132
:10d82000eff90d0b000112091af6f6042d11ebe8c1
:10d83000ec04f92de00c18f410050029f419f9efa7
:10d84000bdf10ad603f5eb17171324e0f4f3f10e3c
:10d85000fcef12e6fe1e08f01bdf000af9e50df9e9
:10d8600014f001cc0d00f3c9edf406f1e3e711cd9e
:10d870001dce3be41cee310842980c4eecee114cf0
:10d880001d0bf012b7dfce18e000eeaadc1006d4b4
:10d89000db02c1fbe52605f11d2d130813230183cf
:10d8a000dac2ecf70401ede9880b13fa17c581a37e
:10d8b000d7e30cc10dfd56e47ad3d09e10efc1ef33
:10d8c000fcd6b8ddc91f11f1e3be1baa46eeaaf7cc
:10d8d0000be7113ae4ead50fcf0ad41914d6e9dde3
:10d8e0002bfa1540f8ec12f1f9101dee1c02efffb7
:10d8f000cc610ceffced05c60218d36e000dd826e6
:10d90000fa28ef291dee18f10965020501e4efee92
:10d91000d3e40feadb3df0f114d9d7d20b08d9af2d
:10d92000e326ea351aea071417abc2a917dad3fcc3
:10d93000e1f208fdfcf60e041de2120ffe110b08c9
:10d940000afef402f60bff060c0b04ff06e314ebd1
:10d9500010f801180608fbf0eef1f80d26f3f6fbbf
:10d96000effb12feedee14f60500ff08ff0bea08d0
:10d97000edf502f3f502f4f7ff8106080800190d32
:10d98000c90efae30d09e1fffcfb0d000ff90d0aca
:10d990000d0edffee9fcfb0ef4fafb040ff8fc0ea3
:10d9a000ed0b1309fefefefb0a05fef9f9f2f9097b
:10d9b000f4eb04f8fafe0df4f50ef60204f301fda3
:10d9c0000af9fc11f6120a0907fcf801fa040c0125
:10d9d00002f7f80104f8ffdefd00f30dfd01011c64
:10d9e000fa140f000d06fdff0d0b0bfa010018f2e3
:10d9f000aefb91d79eb9eceab3131cdff10c13f820
:10da0000f61932e2d4f4fbd5fa101bf0e13dd5282b
:10da100048e239c5e90f0f1ff30590d40af3f6b2b7
:10da2000f8141017fc06edfcec7f00e2f4e65aacab
:10da300006e6e122ebf61835f0ffddf9fc0576f796
:10da4000ece0d706fc0d24ed2604e32ffbeb05e408
:10da50000fffff12ffdb12093afd1ceaee2cdd146a
:10da600007100ff8f3f711083df9d1f65e2c00000e
:10da70002fececf619ec06ee0feb1af42eeee3f6b3
:10da80000cef2d2dea27ed1cdb34f0fcf931ffde25
:10da9000f8ead7d9fd15f3e5f2fadef0f30204e770
:10daa00009d9001af705d4cf04bfd4ecde1ddcf78a
:10dab000f7ccc5c4dae2d1000cf20fc78efa9d6430
:10dac00000080fdc0d60c807fbf7bcfb071b0cd67a
:10dad000ee2cf9ce05f6251f1bcaca0001d9ecf9b8
:10dae000276616faf63212f00023e402f9eb0dfa7b
:10daf000fbdffb065636fbe6d409ed0cf3eefcd754
:10db0000e4f81611e51cdbfa09fb0f180cfff7df30
:10db1000f6e8fab4f224e302ea8103f70c1601f7ff
:10db20000a14e9f8f40dd30afefa2bf31bf40b15d3
:10db3000ecd0050be31607da0609d4f9f2f80e1457
:10db400018ed0feee6b13ef9e5f70f2f151ec3f9fc
:10db5000170f09d3c7fcfdebfa01ea1ffd07182bcd
:10db6000f7100402ebfaf7da0ce240efed3220d8be
:10db7000c54922011d3dd8f012d6aeff0d0af1f6bf
:10db8000ebfc15060fe7f1fff8ea1504fbee04bf06
:10db9000f4a70fdddfede30ef1c5160afce4e1e2c8
:10dba000fa0ab9f2fce172d526bd2c09fa0cdbedbc
:10dbb0001129030abf05f0fb0df5fe090e05f5dd81
:10dbc000f1f545f40306fbf6e90bf008e7f6d8d5c6
:10dbd000ec0af8fce310f7c7e41cf515e5e6ec19d0
:10dbe00025edfefd09000ad2f90adbff15e712094f
:10dbf0004c1528100f0b3128f0f7d81630fb000316
:10dc0000f90a0be3f8f219051df10dead5f07ffed4
:10dc1000eb03f60b31d9f0e615f019e100ec0aee52
:10dc2000fc12f707fae5fbd61101ef130f0e1a0be2
:10dc3000ecd4e9ebe514391a0dba09fe1a0ceffe23
:10dc4000fd52f73e332d3409f306f3ee10cbf9af56
:10dc5000fd230cf8f6dce6ace7fd23050dd57ffbd4
:10dc6000f6edc6e4edeb6aeff5dc60f7ea1beb1bc3
:10dc7000fe0e140ff1d6dafef2bdf5fee203ed3b27
:10dc8000e10005f40218c5da080b0c1af74222f875
:10dc9000e3d9e003cc11fdf1021ff7deece803fa53
:10dca000f9e2f80817f7e022f91ae60ed0d6dced13
:10dcb000e30fd618ec03560cc825071719001a05f0
:10dcc000dafffd1dfae4f1ee0cf216ee11fafaf3aa
:10dcd000f9ff28fdfbec1bcb0f09fadb0302f6e38f
:10dce0001413ff10e709e8ddebde24f4e8faf2266e
:10dcf0000ba805bead250d1fcf19f9bf0aea32c525
:10dd0000ee17a9052007ee1ef5e133f5bdf3fbfe86
:10dd1000eb32fcdc65d7c9d1e2f601f0e3bf1911a3
:10dd20001d1c2c11fbd852f181a1feef0ae90ee275
:10dd300001f1253602e7bf01bde5fb9a0cfccafaea
:10dd40001c1312240c16dcdb3c010ff82e16cfee50
:10dd5000f6ec01edf00607b2f60d08e1eed60bfd8c
:10dd6000cbefe5f309f9eefed60aeb010c31f0f248
:10dd7000b8f8f9fe1afb0527f704e103fc0af4edf5
:10dd800000fbead2111302201ad5f7c20ffd02f3ed
:10dd9000f733d3060f1b26f5070037f5f0f3270df1
:10dda0002b07f8dfefeadafeea2d1347c9e1ecfbb7
:10ddb000afd4f7f5cd812acd252affd7db43f7f184
:10ddc0001fe30afbfe1dbbcf170ed22bcb2337df81
:10ddd00012df011b1a4ee8f404d8070ff0f701d048
:10dde000fdd2c62e02f5f30c0c22e7e398d7dde84e
:10ddf0003706d021ed16f322ed2a2027e8090d057c
:10de0000aeee09ecd6facef104f126f3fc044b0c8d
:10de100017c470f7d721f712e42aeae50cfeee0fdb
:10de2000cce722f105f4010608f228fa4823dfe6e0
:10de30001de70abdf02907ffed28fa11fb07d9f706
:10de4000282df0fad90f0f16f242f1f30406191635
:10de5000f70010ef0d07f816ed020807fbf826187b
:10de60000109280b08f81107e830f2f206f3eaf589
:10de7000a872f5eef3024ce202e5ca1dd1f601b537
:10de8000cde129d2f031f1fad001feef3f35edf6c8
:10de9000f1ad20c211011bf411d929011aadb5b998
:10dea000f503bf370303571611f37f0b2c50fddf2b
:10deb00017d2f8f3ef22d81f0626fcfaff15ecce96
:10dec000ee2e14f0ee051e300e0ddf0de0e3fe0227
:10ded000ffe2f7f2ff0c0dceee04ee3222f728fb44
:10dee0000fe207f8e70a26ad0e051a07f506ea0263
:10def00007eef90c0701e112c012bd050512f31778
:10df00001af204b604d6250614ee08d6f0e4390356
:10df1000ff01fa0cf015eaf1d0d905d60901f20497
:10df2000e90909ddcdffe2fef8e3093c10f7fcf555
:10df3000feb0dbd8d10501f5f0fa2dde0624d810ad
:10df4000ef08c6fc05f6f801f34abc2de1d2321efb
:10df5000f72bd9ca4be6d4e022002ffbe4baf2f447
:10df6000faf86b2cdcff7f0ea4d6f130fad8ee2045
:10df7000e7141a0422e0080a06fee9b1f21ee7fde2
:10df8000df29d3f8e5efdc34eb002ae0c8031bfc03
:10df9000f8e4e4ff0edddeefddd9e3ad040501edcd
:10dfa000c5e1faea0b07fc03fafe2df4d34115fd97
:10dfb000a51dd533de21f4010c191809efe31d0866
:10dfc000eff207fe2611f0120bcd1901d628edf95c
:10dfd000e017e8f108270cff1ad209f6030546f00e
:10dfe00007f6fdfff509dcf2fd4f0de8e3fff5fc58
:10dff000b3fa19e2e5dab21f43f6edf490fe150f1d
:10e00000403afffb093b01080df70d19068152cc80
:10e01000f2d60e192cf71d1b0ceb1de7f9dce019ed
:10e0200004e7e30d6002e5d21602eb05b9f6dd1e4a
:10e03000c2420027e300f53cdb9b951592dbec37f1
:10e04000c437deebcbf2d8ecfcfe10c116ea2bd4c1
:10e05000f90520c0e010fe040e3b13cc07eaf8dd02
:10e06000e806ecf8b5e2fdeced19e4fb170427cb6c
:10e07000fbf5fee6e2eedc320000df16f1ffe6f72c
:10e0800015c3e90217f725111c0ce4011f01f8ed77
:10e09000e7100e17e70601d120ee07000aff0b116b
:10e0a000f82c19f3ebe5d014091a02e6e5df09e4d0
:10e0b000b4bb0be6de06fa8108f6f5a40731f518c5
:10e0c000e8ffe60df411002ffce4fe0f53e819fe03
:10e0d000da07df130c060402edf30adeddd3f816cf
:10e0e000050b18fdee065f01ffe70b02cff1f30809
:10e0f000db072cfe050308f9e8d5120403f61df929
:10e10000d1000730e007060807ff1411f31111f2e0
:10e11000fa12f6f8ff06edfcda0116f902ff0be73a
:10e12000e9ea1904faf6f5f200f0f7ccee2bf30762
:10e13000f702ff00eff91c02f9fa0b110df912f8c2
:10e14000edeaf707fd090011130d08fdfc170e1489
:10e15000ff07f10e0302dff504f30a092e10400a4f
:10e16000fb0b0c0610e4fc1a0806fe0ff912050260
:10e170000d0a030100e1f5a52222eccefc000aef16
:10e1800009fdf3f8090d01cc000202fdbecffef738
:10e19000f8e515f7050203fc0d0503f545fa0b013b
:10e1a000ff0ed912fdf5f0f813fdf1f419fcfbfd9b
:10e1b000d30025120006f516f61c0bdafdfc150a35
:10e1c000defe0e08f3f9ed0304020906faf4e6f6a2
:10e1d000ebfe02fbdc09f6f10c02e4f3010411f49e
:10e1e000f3060804f50c0708e812fd0ffef5010020
:10e1f0000dda01f7f109fa0c0df8fff1f3f6d4fe90
:10e20000ffef01f9f4fbfcfcfff8f5fff603ff005c
:10e210001b01ff01f8e7ef0601f9000681f5050d86
:10e22000f70212fbf806ff04f01a0505edff05f6ec
:10e230008cfa81caf6d639f2ff490d341f0a023032
:10e240000816f3041e19cff2defc07e9f91107d313
:10e25000021be8fa2b03359e070d21fc02d454e87b
:10e260000039030726f33c05cd3f04f0f7f8eaff39
:10e270000dffe9ff0ffad5fdf4dbfbaff802e9eb88
:10e2800010fecfe515f7ef2915fcef26a3070517bc
:10e29000f60be8f40b15f7d71920f44ac83d0aeb42
:10e2a000fde521dd110015ef1f0406f532ded4f384
:10e2b000f3fe10e8f710fd20f9f7e4ddfc040b3a5b
:10e2c00054f80dca071b0913f3e20ad2eb2addce7c
:10e2d000fe17f818d9fd02d3e703c90412ef0701ae
:10e2e0000a1114f5e1e9ef38f22107260ffa1f06ab
:10e2f0000ee7ace2edd9e5adf3d401f70b13e8136b
:10e300001f04d9072adecd18082b0bbb23dcaf0472
:10e310009fe84ad12ac0e7ce0e05f70bf6ce1307c9
:10e32000f73ad90403df10e3f41be2f320c5e10b55
:10e33000e7018af30cf80d18ca180afc19eceaf880
:10e34000fd25e7e4ee19f701f9eae1cc03f11e152a
:10e35000b407e40df001e9f244fdc9fa15f0fdfb44
:10e3600009027ff20f0f0816a9c803f3230aecf283
:10e37000f518dc213ae401e5fce6ef2ed6fddd16ca
:10e3800039002bbdebefe6f8dbc713fbf713db30ef
:10e39000ec01ef03f9f004f2f4ecf83304180fd1b8
:10e3a000e3e3f3e10838e2e9f408fefdeb1dfae6e9
:10e3b000d8fee5fff881129023a30be70833fa1586
:10e3c000ff11f6e4a7fdfcd90cf1fe09ce3525ffbf
:10e3d00012f200de1701181cf6f805ecc1f014e784
:10e3e000f6dbd4f802fc1cf1fe1d1203e7fee91275
:10e3f00047fda214080c131517740a09f9070afa45
:10e40000250500eff8f80701fa05f907e509f90e07
:10e4100010faff01f30df726db1400f10afae70901
:10e42000d3ef1df505ff03020db913001403fb071d
:10e4300003410feef90705070e07f72102f6e20385
:10e440000b07fc0ceffefe1ce81603f5ecf91317a6
:10e45000f60ce803042eeb11f806de01030ff9fabf
:10e46000f71bfb05ef0c0be9f9eef8fb07f9e2f8f7
:10e4700013fa16c9dfe3ddf043bbfc0decfb1f3ada
:10e48000faf70df3ddeb0ff0d5fafaf4f2fff11520
:10e49000f4f20ecf3f007f0d13e122f3e2f5ffaa65
:10e4a000f8ef0af31c11e50c07cd0905f2c405dbf2
:10e4b0000c00ef11033306ebf522fd02f5f8eee94f
:10e4c000ed0716f5e723f126070f32ece400ebf138
:10e4d00003f005f0c015e6e91300090726f5d31788
:10e4e000eae716ff03ff001601ea0ef8201b0e2bc9
:10e4f000c8b418e92d0f23f002fbfc0e13fd0de547
:10e500002b060ceae7e4fd18060cfd10f9ecfd10f3
:10e51000ebf918ef123e18041d13fefd0808012642
:10e52000f82cdb281105ebfd1305090bfa13f30595
:10e53000dd25df0e1ad13cc7459f2bffe328fc28c1
:10e540000607daf281edd60b090c00feb82e17dfb4
:10e550000ada1adffeff1dddfcfb0f05da201bd5f2
:10e56000ebe7b7dfe0ecfaf4b82e0ffc25deca0cbf
:10e5700048fce9e8fe0927f11e2921c10006beec8e
:10e580003500f7ea08f9effeecf5f7e3e9fd941b37
:10e5900007cae214e7faf325e001f20719eee70de6
:10e5a00010f119fc0601f6ed04eb1b0b030bf00d4b
:10e5b000f3201af0f401010df108f83f05f1d40938
:10e5c000f317f302e60e1224f53601fdf7eb160ff2
:10e5d000ef0ae814f53ce618f5e5e708010ff20d3f
:10e5e000e133f51eeff90ef502e3ffea18f3f6ed5d
:10e5f000d8c6d50d3aeacf0eecf300bb0cec0cbc40
:10e60000da2bf7a22fb90c04d716060d0ddef92e62
:10e61000e9f32f90130e9b2607190ff402deecc7c7
:10e62000ff0333ff0a22091efee41c0b1115f9f645
:10e630001a12040efb0c2eebfafa110505f5e8810f
:10e64000181bfd080f1a55d4f3e30502ab0cfcffb1
:10e6500020f91ad3442317260afa151a1806022499
:10e66000f6f607ee030e0f281607020808e505fb6d
:10e6700022ee30f802f6e42313c4f719e30e0afb86
:10e680000ceb29cafe1ecff61ff32d0c2ffa15f145
:10e69000050f25b046f80ffb16f10af7db0ffd0654
:10e6a000ff11febde8d808f1ea191efced0d22f6b7
:10e6b000b8e10516fbdb0b2b0becfdb2eafd221bd0
:10e6c0002c0f150fdf03e4fcf9f124d0db605203bb
:10e6d0002c1820ffff2303f4f507ed18ece202c22b
:10e6e00071ea131ab9e265d0192b10f9f20d7f0ff8
:10e6f000b0002734dbe8133d00d21508140355138e
:10e70000f614d367940e01e2f7fd28d911d6ebf881
:10e7100011aa0809e1fbe20c6cf2332408de1203b3
:10e72000b90df9fde9102306ec42f2d2511effe0cb
:10e73000f0ecfdf601fe3df219fcfdf911f0f203db
:10e7400027e413fd1f050413fc16f4f1ff1bfe0262
:10e7500036040f120a04d5c9f7d9e6f9fd212512ae
:10e76000ec1ef93dbdc6f1fcf7fe01fe020de8e02e
:10e770000e0800d60d0afef9faedeaf20c11210a94
:10e78000ff00f2f80afffb00ff130106fcff13fc79
:10e790000e130d1b03fb0d1803011200fc1b06e4f6
:10e7a000fff10ddc07121319071b020ef7de05f54a
:10e7b000f6fffd190301e8163c0efdfd06110efde6
:10e7c00004da1bfae2ff06da7f0a04faed0900f721
:10e7d000f0fa030203fced1003fd030504f81adb55
:10e7e000f7ebf90300fe01ffff0114050efe14070d
:10e7f0001002f4e20bfc00fefffaebed080605f94f
:10e80000f6f60825fbeb0cf40cf5f4e4fd0ff10e25
:10e8100010f2f707f9e9fc01fd0b0c00ff2c0002d8
:10e82000ffed05ebeb1d0b1b03fefcdffe051123cb
:10e830009dddfbc5e3edbb02d8b3089a05f9da7f8d
:10e84000a559ec1e0d1fd10c5eb702c7d90614eef8
:10e85000e74eb00babe6bc56df0f18f3f0dd0d1141
:10e86000e01916f5ec1466d5eece3dfb18f9d52768
:10e87000d622f9f2c1ef130af036f000ef9ce5e979
:10e8800002ef12d9fe1735e3dfedc712b9dbed1d3c
:10e89000020f04f7f600032de5f5eb0bf3f52d2d34
:10e8a0002c1419fd06edfc150c0dd6dedd291a0819
:10e8b000fcdb2cefcb042ee2e0f20c03d6f51900c2
:10e8c000f81142540c1cddf628fc1e44061307fe0a
:10e8d000ea16f5ea37def122c910f7da08f6442025
:10e8e000e428e80c0f062bbecffff5da1ddd50f053
:10e8f00015bb23f7f91cdd06d80ff4f3f91f0ed969
:10e90000df0f1ddd0af90903f0ebe30c11f8d73036
:10e910001b294ac7f40eaa1b0be7f619ffe4e8030c
:10e92000f2fbe4fefd1304ed1e3aec1f0725e5445f
:10e930000007fedae40bea121c06ef1015e0f4ab58
:10e94000112033f4f21b26ee2d7fdbebeafcf5d928
:10e95000f1eceeec4c191102f5faea0927f4d4f4c3
:10e9600003e7deedf2ff0103f3ffeb0001ec061c11
:10e970000dfef6470d00000503f1041341fc0fdb0b
:10e98000ea191b05e6fcdf1019f727f81211de154e
:10e99000f3f6f9e5ffe0ede917f2de1400e2ddf948
:10e9a0000226f1ebc10824e80de822fb080c032342
:10e9b000f9fcfefcfefef0fd05faf2fdfaec0502a4
:10e9c00002f7fe07fcfbfd09021fef00020609ff2c
:10e9d000fff7f7000415fe07fdfcf611edfd05023b
:10e9e00014fe02050c00fe0706fb03ffe7ff0bf910
:10e9f0000c0d040bf504f90405190ff5f0ddf6fb19
:10ea0000f4010481fe08fcfd00fa0bff0409f81371
:10ea1000011611fe0103fcfd0c070afa01fa0001c0
:10ea2000fdff0200f907fc05f9ff01fb06fe02fdf0
:10ea30000603ff03fff500fdee0a08fe01ff03fadf
:10ea4000fc0c0103fbfafbfefc0204f7000102fdd3
:10ea5000f10108faff04fc09feff04fe02fdfd01be
:10ea6000000100fcfa040201010103fefcfefdfcb2
:10ea7000812bfbddf1f0290cfbc5e1f3faf5c3ded8
:10ea8000f2fa1df6f01b0800fd18ecd904eb12f1a8
:10ea9000ee1902d4f804fdfe1b021df9f4c3f3dee7
:10eaa000115ae50efbfc453f08e60adf0fdd0ae9d7
:10eab000f40c26fe451f00fdf40cfe07e403fcf4f5
:10eac0000a28e70f06320d0716f1dbe7d5e1080b40
:10ead000f7fced1920000502f70bf30d0f180203e8
:10eae0000bfcfdfb01151224fa042c0622fae303a9
:10eaf000f50160ff100560ead21a0bec252d060621
:10eb00002dee67d4dad3ddebe31008f10d1cf8f835
:10eb10000e0c0cfee807f401e5dff81afcfdf90e17
:10eb2000f9fe0c08ea0816d500f5fdd6051207f423
:10eb3000eb3d0008fa122e07eb120122e5ed04d29c
:10eb4000171afd49fcccebfeeb03e4e8fc1ce6b035
:10eb500003cf0b21f7ea11e4f18bcc140a087f00f4
:10eb6000f8ede900f70b211205fa1cf6fd011be197
:10eb700002e80efbfcfe1cf9fcf5dfffe2070dbd11
:10eb8000fc0f18020308d906f80bf5fef803ffc2c4
:10eb9000f4faf411f00306f109fa04ec070807e0af
:10eba0000afbeff8f4fde137fa0f19fcf2f1031e4e
:10ebb00026ee06e80fec0ee1005011060403fef904
:10ebc000f2f1f1f0c40902e90e05fd010fe22bfe9e
:10ebd000fe011325faf5f9ed0f0c09d8f9f4ef0150
:10ebe0000ff8fdf0f406ee25dd181b041d111402cc
:10ebf00089c811feded8dffe02fcd79dec0e0108ad
:10ec0000af30ee07df1410c911f51e4ed9d876f4d7
:10ec1000c9d5fece2601034703eef8a1d1dbfdffe7
:10ec2000f4e003fe550950e1fd5924f197f4db09a6
:10ec3000e4e9e439f126db5ff4d781164a01b9171c
:10ec4000f7f7da090bff22ecf2f5ff02fdc81ece42
:10ec50002b226ce1e0020e1408e80bcde6f4f8e993
:10ec60000a16f2041ad410f9f2130df329ea05ff7b
:10ec7000f315f30ef9010f011601e208fafcd3f8bf
:10ec80001400ee00170c13fff0181b07e10604f444
:10ec9000e70dde1ef01ae0d4ffe8c200fd0af4180a
:10eca000f045f80cf0f9c6f3fc04f40ef9dbdfebe9
:10ecb000cb010106ebe4032dd9e52708f3f10a5b4c
:10ecc000d106f0b7fb52f30b0de181d1200ef6fe19
:10ecd00000c43517f5d70e06d8eb3f0319ebdd1a44
:10ece0000a5ccdf305f8f1eefe0fe3f20b1905fa1d
:10ecf000fe2c24eff4f8e30dfcf7e7fb262fec17ce
:10ed0000ecfdfdfa0308cdf3fbe6f011e901fb3c55
:10ed10000ae3e10dd50a2bebfc1ce30708df15ee37
:10ed20000ceff6ecff0df3230c1ddc011ad8f020dc
:10ed3000e40af2dc0d05c70cf6f60202e4d7f3157f
:10ed400013e22cf51df137060efa12e202e8cce9c7
:10ed500008190c12ffe3f0e4efede818f504f203f4
:10ed60000606fe13e8fffbe5dfec00e010ef36d609
:10ed7000e295f5ea138119aa09f609fe19e3fd12d5
:10ed800001f8a1f1f90bf625e5e9f7d4d1d8c904ca
:10ed9000d1e54de603fee0111edb0dcf1193f00f20
:10eda000161416feeb0b75f30bdbd230271eea139d
:10edb000f10ac7effaf3e6e31509fb1e1a1bbdffc4
:10edc000fa34e412f70ad2f60334f40beb130ce72f
:10edd0000be3f5e7f903efd6fe0405a0e8030f1dea
:10ede000e1e310f6e3fdf006faba010a0421170880
:10edf000cb40e231272def07eeec050eecfde7ed01
:10ee000007072b06fdff091ff3d915d9f305e531d7
:10ee1000e809e6edf2e420ddf39921f2241716e586
:10ee2000d7ebdeefddfee200fff6f51dba1805f3c5
:10ee3000e41803f6f20d810ceab0eeea0805e234bc
:10ee4000f914fff20cf5f70473ee0a1bf613f7ff43
:10ee5000f6f6050fe80effe3fa2110fc00eae506de
:10ee60000728ef04f9f72404f606d9ebfb0205079f
:10ee7000160bfef60303ecf4f50316fd0d0806d29f
:10ee8000ef12f3f40c0316fc10e6f50a0200f7216a
:10ee9000030feceffd0ffa04fbeffa014decfa0360
:10eea00002fcfdfdfc0beb0709f300f805030f0561
:10eeb000ecef300cfefef8cff505eb0a0001f3fb9a
:10eec000fd131ef7eacc0600ed03020ef01ceeff68
:10eed000fc060c040dfc1913f302fb34fc1b091790
:10eee000fff808fce8fa20dfedfef0ff0dfb03db86
:10eef0001012fd0d0a1727ec00e399fea1fbf52780
:10ef00000c120881f5e8f2fd25001bfc08f71fbd77
:10ef1000fbad12f10a14f5090ef9f70704f1ea182e
:10ef2000010d140c1320112813e800eb000402f06b
:10ef300007fde1191ef9101d1007fe0feb0511dd8d
:10ef40001b091c0efeff03fffc12fdfbf2fa09b7c2
:10ef5000edfd06ed033be1fa03b602f503010210f5
:10ef6000ff0b05ea02fbbfc409f6f7ff0403f61f17
:10ef70002018e70600000db2fdc1be11f0040aec36
:10ef800023f802e92020c70efff501eb0c090b1056
:10ef9000f5f5eaf91fe3f3fffcf9054b07f9f6dc99
:10efa00001050bf0110df510dd1ffc02ebf7fff86a
:10efb000eb1b1602fffe8108e7dc5c06d70311eeaf
:10efc000e5cc0536fee2e709bd0eef00f1f6fd28bf
:10efd00000f6f4f7e6f802119909edf9fc09f704d7
:10efe000fe2503f4fd23fe23f6e5eee8f712fefd11
:10eff00003e3000aecef1ffe0a0cfdf63102f802f3
:10f000001806060109fbabeef0ef06f914f2fb0d52
:10f01000f0e8fdecf5dceb0bffeef9fe00f3ffe2b0
:10f0200003d3fcfafffef5dcf900e504fef5fa0c6b
:10f03000f80c04f1f7f7daf1aef404fef233fef760
:10f04000eafc0c050bfb4dfaeefcfb0bf0ff25f385
:10f0500003f8f204f7f9f10a2cf9f0c90310f709e3
:10f060001203030a03fe09ef31eaeff9f5fd13d0ad
:10f07000d3dfe8eaf5dff9b5f5e9dec70911f81fd6
:10f08000f712d9efd906f03b060204f6f7f4f402c2
:10f09000020cf8dc06050406fefd0fed589aede0c3
:10f0a000e6ebf4f1e0fd7ff8121826fae211d3ff47
:10f0b000dd01c2fff5f921e5f09df622fe0cf40218
:10f0c000b41cdbe7e50501020d07040bf50015ff95
:10f0d000ea07ef07f3f2e9e8f206f407f2edf5e9e3
:10f0e000eeef33140ff102e806ed03fcf513f80020
:10f0f000e31a0b03f51901fc00e6000805f8060009
:10f10000f7ee1111f5130906150a08fce828fefbb5
:10f11000f311fffc0001e4caf7dffcf82e162f0004
:10f120000115fffffe10f7ff01ffff0c060701f7b7
:10f13000fffd01f40ae2fbfceefef40a02e7051310
:10f14000fb06f00c22f8017fef01050467def4fff7
:10f15000d30206fa12fdfd0500090b009ef6f4002d
:10f16000100204f90bfffb07c3040c05f6160a0393
:10f17000c4fd010804f40df4fdf2fd18020016ffb1
:10f18000ab09f618060d0fff06fc02040800e0fab2
:10f19000dd0a07fff9fdf6f7e4fe2103f4fd0a029c
:10f1a0000901fafd08e8feff062cf9f2ea17050549
:10f1b000ff0df908001709eff8040113fbfde8053e
:10f1c000fc000c0f04fafefa04f70d05fe0bf81014
:10f1d000e6fcfef7f706f9f701cb00ff03020df09e
:10f1e0000903f8020de3f9fb0ff200f6ee03fdfb55
:10f1f000cbe6f4df15ec0c0119fb01e5dff62c4f33
:10f20000b38105fbed532004e9fbfe010ee3fa2573
:10f2100006e713dbf70615d40ff526e10bf012fe17
:10f22000fe3408e00aff19f0011708190a01f10b72
:10f23000f09606fd2206c1f7030118002ce907c766
:10f24000e90936fc0e2014f5030d0af1fbf2fb1060
:10f25000f5f000e0ee172107eba9ed020b1afc0a0e
:10f2600005f4fcfa040660a809082000f7ffe60d83
:10f27000f7fded0ffa04f700a109e6fe175f1d1f69
:10f280001dfffb0a070b1cf40aece0fff6f7fdfb81
:10f2900008000207e405f9f208e90d1cf328f6f569
:10f2a000ee03e1011a0012f8fee115e8f31624f668
:10f2b000e4cd11f71203fd01ed0c00020e132dfb3e
:10f2c000eaff07f8faf6f0fdfef807f2f904f71680
:10f2d000fd17f6fe02e4fc02eb0af0f400f0fbff7f
:10f2e0000df816e411fe0ff8fa2bf608fefbf805f0
:10f2f00010f90509fce3f5133d0afc090108f716ae
:10f30000fcfcd70ceff2ff157fe1bcda0406e7e066
:10f31000fb0600fd0cede111f7eaf700f9ffcd1156
:10f32000f2edf5f4f907ff06f600ebfc02f305f841
:10f33000eff1f4f1200006f504f30aef30ef0610c8
:10f34000eeef0c17f3f2f1f813f900e0f618f10afa
:10f35000f5faf812f907ee0303f8f5fd061c0df7b0
:10f3600001e70bfad9f6f811f91309f00ffef40cc6
:10f37000d9a4f7d3c538eccbf4cae9bceef6eff26a
:10f38000d2e90422072c0aa4e8f7ed1322f412eaca
:10f39000d6e60a090ffdf0f0dfe20806e9c8d10c55
:10f3a000f60c0f04fef97f0337eb06fedb0003edde
:10f3b000fa0dc414fff2e708eb1000290503f90d5c
:10f3c0000107f6f5f5f6dc040204f3f9e908ec07a9
:10f3d000230f0c08ebf8fc01160417ea0d0805eae8
:10f3e000dcf2f8faf6f6fd0eedfaf7011e3df4fd3b
:10f3f000d3f8f4ffeded0fe4e6052121ff0410f052
:10f40000fb12fe0810fb0c24001200ed0202fe2f7e
:10f410000018f1fc0907010bff1c0fe3e814210899
:10f42000f10bfc0708f2fae426f222fae40c0fe7eb
:10f43000d4ee15f10eeb20071ff512de081cfef4ca
:10f440000f0ff60ad7f504f90c2001f21401ed04b0
:10f450006f0b2bf506ee07fc0a0f1c0b1ae9f106e1
:10f4600000060d09fe084feaf6251501e83b1306d4
:10f47000cd020213f3de49270c08f20bff007f10c8
:10f480008b2ce0ecd3110bf2e9f8fdf8f1f0080851
:10f490001215070106f9d40ee100ff06d9eff9fcb9
:10f4a000c9fef10c0902fd0d0302020a0903ed0a6f
:10f4b000ee26ec09dc0802f4fcf21febf9f9ddf8aa
:10f4c000f6f423ed0203e90b0f0d0efdf710fbff21
:10f4d0000707311bf813d0dc03e0dee70cf51ae771
:10f4e00016fdfaffef1afc08ebe7ebd4f30afff680
:10f4f000afeba6fdfc1bf20eed6cccfa02eee76f53
:10f50000dc230e282fe312d9c008f81d2e10182571
:10f51000da29fe97ed02fdf9051e1013fbaae5049a
:10f52000ff2418d6c0166c0a26247f22e3f61d0d90
:10f53000d52af2203a07fafffbd00c0ce5100bc9d4
:10f54000deeac0fbec0a1f1af940ff1bab1df017e7
:10f55000fdefebff28fd1cdd1405141b0cf93ef636
:10f56000f5df0dd3300823890d0507f63604e4fdd9
:10f570000fdd3b170b0a22dc23e1daf5e50a40ff39
:10f580001debed02f7b911e938103cd1fe42ed0256
:10f59000f7090d06a91c29dee5fe0ef5eff339fe8d
:10f5a000220754f1de13f23a15f50e11fc25fbe8a3
:10f5b000fbfa08ccededf70010ef0c0ff2f9e4face
:10f5c000010bf9fff8fbfaf2fffc0820f3f4effa65
:10f5d000ee16e2d901dbcffd06f2f700f4eefbe513
:10f5e0000bf2eb4507ff05f9f8fb12f2f8eff52ceb
:10f5f0001000010a130609ced8fafefe0df0f2fc47
:10f60000fa59f30f13f8f77fece7e1f1d9070afa9b
:10f610000dfff704050a0709fff407f50215952cfd
:10f62000ee0602ed1202060c01f8e7020c16f5f4e4
:10f63000e2fdfa4ce20008fb0bf9fc160cff020895
:10f64000ea1013c502f7ff15ed2021fbf7f90503ba
:10f65000fbdeffe50523010af7f9f6fefbe3f20006
:10f66000fc1f00f80eff0dd9fe151d04f5e6f5d2be
:10f67000dccd0ef0b7e23134141412eeb5edc01c3f
:10f680000981f1212108da0b10c39f130ce416fc49
:10f6900007eaed3113e93a41fbfcead905f9eb1d24
:10f6a000212f11d6eb0aeafc0cfcdd6af6de10f223
:10f6b00000013802542b0907fccbe606ebf518f2e3
:10f6c000de14dd1bceedca06e4081100020206be00
:10f6d000f804faf90cf510190af1fbe7095502dcf8
:10f6e0000e04f3f200fa0301fb173000f9f23f0bae
:10f6f00027dbf9e1edf9eaee130ed4f200f7070883
:10f700000decf91c0ee612eef1fcf95fedfe00f5d2
:10f71000fef105faf70b16defb07e6fe07f8f30a23
:10f72000f0fdfc24f4f9fc1306f824cc0122f9d9ed
:10f73000ea14ec00e7f7e3f202f9fee604fcebf270
:10f74000f1a9121bfc10eef6f4e7d80e0311062afd
:10f75000f325fe0101130a358581030d01ef240015
:10f76000f30dccff1309122a100825ef0cff050c2e
:10f7700027bce90dee0508f7fe16031bfd08fccfbc
:10f780001613f8f1deebb8fb0500ecfff8f0f343dd
:10f79000f10300a816f80005fcf5062700e304f8bd
:10f7a00024eaffffff01f8caf7f5d4fbfffa0ae9e4
:10f7b000ff0b0407eb0211fcb320da0fed1300f28c
:10f7c000fef7fdffaab40bfaeefc04f7ef00230ee0
:10f7d000fef8fe02d4f402fe0d13f6fff4ea122244
:10f7e000030a0e05dcfef80631e30500d6180d010c
:10f7f00005f2f9fb01fcee0104fecaf6090303f46d
:10f80000a11efc08fd1df7fe18f2e70104dd01e072
:10f81000050e00ec020afb3f22c102f50404fee4df
:10f82000fff2f8fe03e218bf0509ea14f9f4fafc46
:10f83000e8d804ece1f9e7f9fefe0306f10b010a52
:10f84000fefdf9fef5eb080f0000f410ff03f9f8d8
:10f8500005fdfc06f3fffdf6ff06fcff01f9fdface
:10f86000002602f6f6067f1f02fb0cf9fa02f906e3
:10f87000f7ef0e04010303e3350aedf7fdd40e059f
:10f88000fc00f50003fc040b06090a01eafff5037e
:10f89000fa06010403090001b9ff05fb01ff12fa92
:10f8a000ec00f9110702f4fef4edf60606f8fdff90
:10f8b000dd1fe7e3e312110009f017e41dba00e9c8
:10f8c00045bdfef7fadcb1f6fd81d1faef2eda097b
:10f8d000e8110e30f321e4befa062eb10916f6e463
:10f8e000d4ff040147ff42340c0eef23fdeb1d0f44
:10f8f000eefc15ff39fc1cd9fcfe2214021b13e69a
:10f90000f0e8efc70805ccfbf709fafc0524e3eda6
:10f91000f64940f8e109fcef0ee7f10512f1e20ac1
:10f92000fde31ee9f81513f31c103eec0713c70a9c
:10f930000b0d05ddf6f91af332e8f4f101220bffa5
:10f94000f7a506e1f7f400fce420ececf7eaf70495
:10f95000100b19ec020af3e8121502ed130bffe786
:10f96000fe020a16180b1ef8f001f4f50d05d91069
:10f97000dd0cd1edf7f7f0effd1e9cf3360dcd3425
:10f9800017003f9ff6db06f7eb0f0ebe12dc46fbbf
:10f99000e90ef6d0bae7f6ee2aea13f7ede3e8aca3
:10f9a00026f508fdf191148138dee00a07a5e8c0cc
:10f9b000dbd5f585ec3ad3f9fa15f92dcdd8dac5b2
:10f9c00016cbda1702050a1005a30b1af1d4cf2db6
:10f9d0001001d3fb2813d7f6ef1ebd05f1d8152b68
:10f9e00020ffe3d6f51d2e070dd9bcf7fa100ec87f
:10f9f000afc9fbcceffafe0423ebf4d8bd9b394c26
:10fa0000f7e8c6ea03e8dace1c0111fbc618bc0011
:10fa1000002313eb21f2051b07f122fff8dd230879
:10fa20000139d7f0c7efcd02e0f6ecdcfad9d40704
:10fa300008dc10ed04ea113206f006c512fd00fce8
:10fa4000f9fbdef0f3030ac903e4fe06bb0e0efd6c
:10fa50004afeebe103120106ffeeff0143e6fafa6c
:10fa6000091505f8f9051b053b05fcfda507fbff7e
:10fa70000c02810004090a00f6eb1eeb0c08ffe7fc
:10fa8000d2010ee6e203fe00030d14fcf90313fba2
:10fa90000fe409f30404e8f105f8d3f004fbfbfddf
:10faa000e5ebee010027fffdfe07032af3eaff085e
:10fab000f9f80309f4251410fefbf2f308fef9f23d
:10fac000ebed04ffe80d0711f9f305f2f60900fb71
:10fad0001b1001fd0710e1fafb00fa0becfff9081f
:10fae000f509f119001102060dfe060ef30b0704cd
:10faf0000116000bfffe1e060304f612fbfdff06b7
:10fb000028b509e207fdf4fd08eecb00030706f374
:10fb1000f9cdf811f90bfb810a3206060101f1fd5e
:10fb2000f6e9f9fe000f0d0e04f9edf10cfaf803f9
:10fb300005fe03002efb03fb06190702ccfff21d96
:10fb400008f605fd0d090d02ff0503000717f61b5a
:10fb5000fb00010f03f4fc010202060200e708ffac
:10fb600006fff8f5fafaf808fb021703f0fbf9f5bf
:10fb7000f9fcfa01fafcfe02c3c30efffefafeff17
:10fb8000f4fffb04f21de0f80a05040b1ef8ef0178
:10fb900003f9fdfcfafdfc0700fcff0ffcfdeaf891
:10fba0000b01f7030505fbf8edfcf304fcfef30d78
:10fbb000feff0a06fef31dfd0911d1fb0a0afe5ed7
:10fbc000f7f0fb8100f404f84df70efcf612060086
:10fbd00005ea07100dfb06fd202707eaf1fdc90124
:10fbe0000104de06fd0c040d05f918f8fbf302f321
:10fbf000f5eaf90afdfff406ff03f60af0fe06e94e
:10fc000014fb0202ece016fff8f001fe130afd18e7
:10fc1000f109fdffe024000707fb0408da0500f105
:10fc2000020100f607031db90500f302fc05f1050a
:10fc3000f80dd8fb08f60831f4eeda0effea04ed11
:10fc4000170512f52b04e9fe05fe2702e0fd13045b
:10fc500003f600d107edf70519fd0852fa01f6f594
:10fc6000070205fb06fe04110301fe09d50400f19d
:10fc7000bb04f8dde8324d42e2a54208dbe700159f
:10fc8000e2f91110071cd50b25fa0df41c16ebbf79
:10fc9000e6f5060bfddb2c98f1ebfbf332d9020afb
:10fca000052fd0faee0044f80f051d09172b1ae5b1
:10fcb000dbff2cf1eae90df7f281dd1604fe0326e5
:10fcc000da05fdf511eeaf11f4f1f714fe071a0491
:10fcd000f8eadceef5030ef1201207f023fffdf148
:10fce0000e27ee00fd0adb0dfa470dfce6ededf800
:10fcf000004913ea0f011e0fed1e06f3f9ff1bff6b
:10fd0000020a030f0a152ff303110efd050e07f962
:10fd1000030d111f140619b2f905efeb0c00ecfef0
:10fd200002e7f118f712e0e4f1deff03001204d35a
:10fd3000f1f401fcf0edf5bcde25f5af0bf10ef1b1
:10fd4000f906f8e5310309b802f3f8ecc0f0eb115d
:10fd50002917f2db110df808fc07f7f352e2f70060
:10fd60001800dd04fa0500fc6b01fbfe43f9eff01f
:10fd7000c905361aff02eef8fbf8f4860c05e9e92e
:10fd80008100f013ebfc2902080b0e0ef7062efb88
:10fd9000650301f5fb07f4da2506fce204160a0701
:10fda000e7faddf3f4f30209cbd5fe0ffc1d050dd8
:10fdb0000e07ff1cf9c0010107f402de00fc0af186
:10fdc00007fc1200faf5f4f2f8fa01fbf808f4f473
:10fdd0001706edf6fbfa07db06ea110a2efc1ed326
:10fde00005f314fef11ae9f3f5fd02fdd20cf5005e
:10fdf0003dd5e21aef028a0cdad8f6a2ece2d05135
:10fe0000f51b01de0b63fa0c7f0de05015f0083b8b
:10fe1000f7ebf10a042fd87ad28ce1d6fce0f8fb9c
:10fe2000fc47a1e2e2dff0e806feb1fdedf40c1db7
:10fe300050081b1ddc4eff0d07faf61ddfe7f0b181
:10fe4000ff130710f70affe1f2e01b0a1f01dd2292
:10fe5000e04aef151bf91529102e231322e406e3bf
:10fe6000122d09eef7e4fb2300f505121ed016fb58
:10fe7000eb05f930ff02eecfc40b0124d6e42dfdd3
:10fe8000d1d227fdada208ffd62a0a1d0cfcd71639
:10fe90000d0beccfebfdf91dcbf80f4106e608dab0
:10fea00034f2010bdef4fdcc3bde20f5eb0aebc4b3
:10feb0000cf83c21e2d521ae1d35d04f1255230a56
:10fec0003bff36fef7e8f0ec01a3cfcbd5a15adf1c
:10fed00064e221f4d56b16ed09070145e5fbfbee65
:10fee000aeb4d711f7a1f48efe44d60cfefcbdebe8
:10fef0000502b5e30616ea2dfb7f3ee5d2e11c18ac
:10ff00001c26e9c18f00edefec0515ddfcc71a1cbe
:10ff1000dda9fcec23ef1b5ca1d2cecef1c80fdf34
:10ff2000eafd0123ebc903efe09a0c021e0bdd8f03
:10ff300003c7e0edc4e7e0110b1c200207d9c0f6af
:10ff40004fef110e02d6ab2f05eb04e2f5dcc70b29
:10ff500016f8e714e8efb428fcf1ef171501e825cf
:10ff6000e33503c1ffefc700f60be0eafefa21e03c
:10ff7000dafee1fc39c2c106511ab5220bfd2cf89c
:10ff8000eaff12e8defe0334d53512c2edf22a098b
:10ff9000ffcc1e18ac0920ec04f12028faeaf8e4a2
:10ffa000dae015ea05a938beb1ffdbe023e9ce09a6
:10ffb0000a0316970002f1d7e2241ac9d0eaeffc2f
:10ffc000211ff8d0b5f3e7f9f62611d3f7daa30924
:10ffd000c9fe09eb01efcf0abf07ab5de5ba0aef37
:10ffe0007ffbec06fbecfcc3ffe508f7190ef0b352
:10fff000e3d5f20abefbf822000c0cfc18da9d33a4
:020000040c01ed
:10000000ed07051d02cde9fc0de5ffe8111405cb58
:10001000f2011d25060dff1303c1dc0d09fd0502cc
:10002000141e1afbd9edeffe000105e3f1dd1e0ff2
:100030000924da81c1120f030c02190fe31c05ee2b
:10004000fe02f12309e9f906121e0208fde3fe0a89
:10005000100f1ce7f7fa0836031901e4fb1be6df73
:100060000cf813a90d17431c02510701fcec15d025
:1000700013fff70e12fedd1900ebeaf4050b0a027e
:10008000fedffc07f8f314f2a955cf0ce70afdf3e5
:10009000ef0a12eb05e810040d09111e14ff5b10a6
:1000a000fbe4ef35eb07f9fcf80bfe1317ece0ff70
:1000b0002a2908f903f4f5f3f3f5e2e60d1409ec47
:1000c00007f5f53606f51bf91022f2d510f30310eb
:1000d00007ed110cf30c00e2e10200fdf6efe8e59c
:1000e00014e8fcfbf70c230b030e04f003fcf6de14
:1000f000cbf3d0d6f9f6b00c00e1ecdad006e21082
:100100004454dee816f5d8f02183bff11f3703d23f
:100110000505e82019e9ed6607b1202bf4bf43cfb0
:10012000e7690ae9050932271d0958bef9d816f30f
:1001300015e319f5b1041fdfee0ca816f1d7fac4c8
:10014000d10821dfe8fe81dd0a03df00dbf80dffc7
:1001500011fcfde3da1f1a0efaf0dd2929fb1c055c
:1001600008190c1dfef7adf0f5f6ddd4c8f1571aed
:10017000dfd00128e6053dc7c839d30cec070cfedb
:1001800023f30b3acef414eafe09fd5d36e9effaeb
:10019000ee0118bffe1a040ef21503360907fb061e
:1001a000e10df3cad8faf50439c349f40a2709ed79
:1001b000c2eeeec1eceefe11fe15ffe4ebf919f50f
:1001c000bdef30f1eef7452a02e281e8fae822f9c4
:1001d000e619150becbc08eece2302f016f5d7c8d5
:1001e000e9caf7f300193320fa3cf9f30abaf7ed3c
:1001f0000619160616eedbf0ea08140a4a1dfde1a0
:100200001fe20be71df2d3f0e31b0474fb01fe2396
:1002100016f3fff50cfc2ee80e1c06f301f60500a4
:1002200003c002050300f0f0dffef9132028fb03f2
:10023000ee01f2061b000614e100fada0f22080ba9
:10024000f807e91bf7021b0e0efcfee6f704fc0e96
:10025000fb230afadf21ed0415f00ae209da0f07a1
:10026000f72314eeedf3f1fb02f6e4eefbf9f122d5
:10027000ebfaeb0ae00323a8f48126e3f744fc3110
:100280001314ffd5a1f6ece8dcdcf4cdb37008fd67
:100290001115f59f26221800f6edea01d20f21c6ae
:1002a000c0dbfff2cdfc12ef080316fdc5bbc4f99d
:1002b00064eacb1ff61736121f08051e10fceee18c
:1002c0002f04ddbef9f70deef6030fffd7000d0e7c
:1002d00029d6c80201f9f10ee9fbfd171bfcdd0f61
:1002e000dbf419ee0cdd12ea17e70ff0370f060802
:1002f000e91f1bfa07ff2c0b05fef5ffffed1701a9
:10030000191509e2f60f231cf727fcfcee002a1151
:10031000e80b0415fa371214fc0c0c00f80affe77e
:10032000f600da3bf30310ce03dbf7f11ef1f3091d
:1003300000e8e5fbf4ffd1f400f681e84205251e54
:10034000dabbfcd20e5339f91cfb820d10c8fde458
:10035000fd1e01fbfb15f7d405fb36e704fef6eaac
:10036000fef6d501092e19c3040d04acfeeff2050b
:1003700001aaf105180ed6fff60b14054bdef31992
:1003800006fbfc070f27580701ff03fefbeaf93fb6
:100390000cf7ffd6fc14fc0304a6fef809d80bfbef
:1003a000072b04f41cfa3b1f0afbdaff0804cf21d9
:1003b000e901f40af002f3b3af0d241009b80d04fb
:1003c0000402e1fef2f1e5120c090eee0afad7087a
:1003d000f4090b14f702010c9e09060af41207fe39
:1003e000e40e001506fc18fce4fee2050aeee5103a
:1003f000b5c9e3e6b9fae6e1f8c5d4e801bff22ce5
:10040000e5f3d83b0811ecd4f0e9ec00e0d802e0c9
:1004100058d911200cfffdfbd700fdfb4fda150b5f
:100420001017e60a01ff11120e0e1bf48d0502fcd7
:10043000cf28aa1f0fec2800f3f4017ff1eaaa19d4
:10044000ce23f513f505ee0a08e2ecf7de1cabfc53
:10045000f3f60805d609edf7fefb00f0f60707cf27
:10046000dcfaea1811e1e9f215fb0adc205ce8f796
:10047000051dfe10f2d513c6dbff022a01080de7a9
:100480000df01dfc1307e727ee080ee81026182aca
:10049000a1e3df0d041bf4dbf8fc0a0e9a0a142c0e
:1004a000da00b706f8d109000bf8ec06f60ceaf80a
:1004b0001e1fea81dfef02fd15f3f203eefcfcf9eb
:1004c0000b09fcfe010008f1f908f61303fdf4f135
:1004d000fefeff00fdeb1505fffc060df8f402f132
:1004e000ea00f2741108ef0afb02f7fdf5eafb32ad
:1004f00001f8010b1710f9d7d2fdfafd0c0afef333
:10050000f82413ff0df0fcb8ad261b0de4010e0b13
:10051000070401040d0413e4080d0f000e150e125c
:10052000fefb0afe14f4150007040110170ff7ff75
:100530000303f132e6fdeefc020eef0cff13f8e9c7
:100540000f182bfefcf6121afb37dcebfdfc0b0838
:10055000fed302da00f50a03e10cf7f9fae6ebf84c
:10056000150a03e91a052a03050803eff1fd0bf943
:10057000b12ef6eadf12cef1f01ff0f545f22faf03
:10058000aac3151405f34e06b3e09bea12e1ecd0c2
:1005900002173605f815c34781ab4feb0bf96a1408
:1005a000fc1ab511ee0a0442072724adf6fc090136
:1005b000f205ee0d0006fd10e5161d084b0407b709
:1005c000f4f60ef7160eb4e2fae307fccdda0d6f7f
:1005d0000900ede5caf53ae2f7e7f8f214eaf9e6c0
:1005e000eda9ffffeff9f55810f30203fd0de93c0b
:1005f000f9bcf80704f0fba49b13fbe50830f907ee
:100600000df4ebfeb6ddeffafee8eaeaf9e4f1e814
:1006100013f6f443b50beef600f921d90a26eafdec
:10062000d51f0eebfd0cfe1a0bf20721fff61fe99a
:1006300002f202f4fcf302f7010fed01e7f8e3f533
:10064000811a0016fa1909fbf7194df005e3ffc0ee
:1006500002fbfff4fff9fe2adaf6220102f006d8c7
:10066000f4e4f301f0110bd201fd0dd501e9f9fa23
:10067000f5bdfdf91e0bfaf101fdd004630a060178
:1006800000fefffafb01eff9ff030f03f4c0f3eee6
:100690000301faccf8080ff9fad5fe01fffefc05bc
:1006a0000bf5000407011aea07f90ffbf80b050f19
:1006b000fafe10f8f9fff704390a050404260907c1
:1006c000fff608f7f9fd16fc0cfe09050a060dfaff
:1006d000000c08fcf106fffff2fb09fefffb12fd18
:1006e000f40402fcefffef0d0e11fbfffdfdf6061b
:1006f0000cfbecf412d6fa45f4fbef01fce8f7151d
:100700000402f21719f3018df10708f3b6ddeafdd3
:1007100017f809f7fffcf5f30c0607127fedf9fd5a
:10072000020c03f804fc060306ff10fc1c0bfc0a79
:10073000bafbfa0afff710f205e9fecf0104d6066c
:10074000c405f60f0b0705fc00fefbff03f9e4faf6
:10075000fbfe0a05fcf5fef82bf2f40af4f80b0197
:100760000004ee06eefffffc03c4fa11e6080104e4
:10077000fc08ff07031a06ea06030814f2fcde066b
:10078000f9e90503080300fcfcf70a080408fd0b5f
:1007900020f503f7f805f5ed00d1fa00010019ec9a
:1007a000fafe03ff07e5f70416ec01f9eb0407fc7a
:1007b000d91217eee6feef0df426e6f1f5ea1df389
:1007c00002fd11f30e16fee31b4fe8200ce51805a1
:1007d000cae8fd00fb55ff2606ebe20809f71026e4
:1007e00081d8163148ffd3f419e516fef6ff11da69
:1007f0003a1a1151effddb0eef23171be402f3044d
:10080000de00ffd402f9fd07ffcb2fe30bee261b22
:10081000f83f0401fb14f7f337f829e0ef01fff389
:1008200008f2f3fa3ca6f20d0e0ffef21a0604f7d8
:100830001f02fbfa100ff305d8070de0ffeafbedee
:100840001fe3110bf5f5ec05000f0bd4fdf608facc
:10085000ecf519f602ff0b010cf90d120af610f473
:1008600018f406e8fd0eeef8f31900fce3f9fbe9d5
:10087000dc19b7d381ece80bb5efefd3d90a24be6e
:10088000f0e540ffcd00d81de6ec1ad606e7ebf800
:10089000e8d3eeefade5e70ef21390e3090cf7bcf9
:1008a0000f03e122fd0628d0045bd4e504a1ec1b74
:1008b00003f50df1dbedd30295ea1f0d1915e7ffe6
:1008c00020b7c30e18f51ff50b26f84808f8e6e820
:1008d000ff0302fc02fe32aced0eee19f10bd41256
:1008e0001e04ef19eef310ecfcfac6f1111513e437
:1008f00057ef031509fa0df41be20bb5ecdef5f426
:100900000dfb0ff3ffefed10c4dbe9ece72a24fc4d
:10091000ffdcfaea08e6cd02f6f2effaffdd081a8c
:10092000ff24def9e2fcdf0ff112e8170d1d0911bb
:1009300014f2447f1a161ffdef020b46f50826fe3f
:10094000f8142c0be3fae0fc26ecf7ef1a1dfa0181
:10095000f9d8f636d5123ee9f718f50bfffe0d4132
:10096000fc05e9f0f00cfcff03e5feef1b4eeed3b7
:10097000f3f310160acd0a0ec5f8e2e7e7f5c8173b
:10098000ffd5e4fa08fbdfaa9e1123eaaf10ecf3cf
:10099000e9f1dd12c3fb17ee03f4faf5eef1cdbe7b
:1009a00008f7ecbe00ffdd0aed11f3fee3d2f80715
:1009b000061502b91af0fb01e60a14fb0e0f081423
:1009c00000fcf5f10e1e08d5f8c8d4fef6f7fcd5ec
:1009d00002250128c0c60906e4f4e7f000f4d300bc
:1009e00017fd0e3a01eef9fcdfedeb2c09010910c1
:1009f000f0def8fdfb00ebfa0408cdfe1b1909063a
:100a0000d71dfbfff50de5f50e2981e3f7cc15ecbd
:100a1000eaf9e7fcff180c0fe1ccf624eee70d082d
:100a200011f9d80933ae10c3f601f2c7eaeef5feac
:100a3000ff0bf410b1f9c52704fe1803f789f00481
:100a4000f115ef38f2f826eef3fb23eaf8f60a0c7c
:100a5000fcd6300cf9eef901000603f2ebe003eef0
:100a6000f413fbfd60a5f5fefa0807ff0d0be5008a
:100a7000f7f5f4ecfb0607f8ee0a1a09fdf206009a
:100a800007ff000fe6dd02fffb0dfae8e007faffc3
:100a9000f6fd10f505f5e40cfcf0040006f3080182
:100aa00006200af7f8fcf6fb01fa01edf8fd00f765
:100ab0009607ee0426114f16f92c91d8e411182749
:100ac000d40b12caf3262e04c61ec8f826f1ffb7af
:100ad000ec102ee4f10ffcca12213c2501e3f2ebed
:100ae0001109d40bed080f1122f91ce7f91ff84c7e
:100af000091e06101d06c4f81908fc021f1bdac2e5
:100b00001d1a7008fb52cc0c032823a1f02cfc45c5
:100b1000f5ee05810131fbdc0109edfa0119021b3b
:100b20000aedfbc8061a1de0f401f40f381bf2347d
:100b3000d1087803e60e121cc92b9efefa2530223e
:100b4000270011e70a1c3a13010003ecfafae4fc4f
:100b5000fb4a06e81d250f103fcf090cf23005fabd
:100b6000f22dff10f3f91cda08e800c10e06152477
:020000040000fa
:020000040c01ed
:100b7000d97f11e59ef3b753102129dbd61420d578
:100b8000dd09272be93043dab802dd285e29d909cf
:100b900012a9f6e9c2d404d9e114d9e839f10a1549
:100ba0000601e2bba2b5c263fbec0fe2113af6e329
:100bb000810ff2d7dc16ef1af9c1fc36c83b24ddf1
:100bc0000508edd208fe2e11c21ce5dcf3e5f5e7c1
:100bd0004b1a080524e307ebea1ec31105aef0111a
:100be0003709d9e2011d1ed97f0fdd1117e81e2636
:100bf0000907ec33d7f9212b17170fc6f791104ec1
:100c0000cff9fdce2cea1326193aff50e1ce00268b
:100c1000e3ae4d302af834a59bb8d51e26f26e01fe
:100c2000811b0c93c4f9013fecdd18e7fd18e7ebdd
:100c3000ef05de4d10ca2208df121bf9e6d83b2073
:100c4000cbfb21e902fb32d6df044d267fd9010917
:100c500037cdfa27e40202d9dbe62cbe4d3d09214f
:100c6000e8e30eee8131d10cdc15ed2ff6d5a7cde2
:100c700027f8603a1f0ef3de12454fd60734da012b
:100c800003f30845d90319cde8ebc74a0e1aefc2a2
:100c9000e402eb2911dcf7223301089af9d8f7c1f5
:100ca000ffe91ae9f7a710e423c002c8f9f0b90474
:100cb0001ffeef4de21800528130cced99deeef1cf
:100cc000e9a615da263a1369f24260e70102e3a9c0
:100cd000dcb0c0d1200053270c33f814cde4f1c7a9
:100ce000ea2c31fd4403eb629bdff7fada3ada8152
:100cf00009b0ef11d74e26b40143f9fe21c0ead165
:100d00000ff03ceffa8b296e7f0e06d3383e3dc1c3
:100d100042d914db063b8416b6d621d1104ce72805
:100d2000f3a5ed3d3dfde9db21e61f530e2405bd96
:100d3000f925ed2b1cee60fa8f2a06e4e73015da70
:100d4000befa810fd7e61c061a11285710eb644330
:100d50001103260e025610113b10ddb3fb05b5eb57
:100d6000c415440fe7bd32bd05e63dd7eee0f4e61d
:100d70002ee81e8187f710b6bf23301915b8df0a99
:100d80000be6698f3de9bf43b5150242f9c5d7c7e8
:100d90002305ee443c3c2bc95164ac2c17f17ff980
:100da00028c0e0d827f70321209bc6e9419a5209c1
:100db000202d1e30ac9a93623311382d5c1bab058d
:100dc0000f1178e90ad6ce7ed8b250caf41dedcc08
:100dd0001727ba0fd54823f6e10f65fa177f533569
:100de000141af10c06023a7fee0c2afb05e6f11ffd
:100df000d3db27fed0edd6fef7dd0f09f9ef12eabf
:100e0000ef13fbe1ecd8dcd5f3fa130110e93f0155
:100e1000e6fefaec625568d32a4450dad0c8aacf6d
:100e2000586c7fe1ae85a909c8bbdf8ae9e8072fc6
:100e3000218fd495b8fb18a74ad30d09e221fe0be8
:100e4000de501212323d027fd6185d23fe71d24170
:100e500007f3ee2143354514eadfdc2721f4eacc21
:100e6000dd0034cd20b7d8ec1aaad0391f0deee53d
:100e7000c51a2dd0ab23f36bef344ddde86006ddf2
:100e8000f7ee1c23f9f0de7f4a0f57269dc0a3c35f
:100e9000d6341600f304017fc3dd8eff4dee85844a
:100ea0001fa721fbfd5fbe77011857bfe2e9fe19be
:100eb0001aebc81c4948db89271c0f1c1dcadfe43c
:100ec0002ef11b7ff8e0a71459ecccbdf018a44814
:100ed000e21f050409d705fbd5e140def8d349063a
:100ee000e9278128f33121ffd4ef0adf0d46def236
:100ef0001cff27f41fede0ecdb08df04dce348ee29
:100f00001c0b2621e4f1d62dfffe09f51121daf0a4
:100f10000cc0e74af2cf49befbf807ea16ab14cd86
:100f2000f4e91c243f81e9e43f0ad2d4e8fae3b0b3
:100f300041252b081d7f73dff824fe03e2baf64c2f
:100f400041e91340241016ca13320dd7f517fcfde2
:100f500002c50aeae304f21109ea1e4fd2fee71bba
:100f6000d20c259ae9fb2c6834e041f5fd0c0527ed
:100f7000cfcc16760713f5e6e5a8b4f5cd8def1db9
:100f800081f1f50de9ec056fd3237ee9f5ea0add81
:100f900033c31fc942dfb4e8afe932c7fed8dc145f
:100fa000480ccc33ef49ea4b17e6e012e0a823ba2d
:100fb0008116fdc83837ff3f1faee4fcde470d0b3e
:100fc000302111cc068ec01ef826341d3ecf14fdf4
:100fd0007fb1f81018f01ba63942f5dc344ddbdf89
:100fe000beb33258d9104c3ffb0d17d7120b20243b
:100ff000e0062005bde4081010cfeff7de08eb286f
:1010000020037f58fb0331c154bb2026e12997fc04
:10101000cbfd1400104d0c22271110d303db3e43ef
:10102000bf5f36f4d9fe00740e1b48eff17ff4c6a3
:1010300055110004f9eb0de617300ccd28f5e8d278
:1010400044c8f5fde5c5f3f6d909060608f4e6053a
:10105000d4a0befb04cd12d0183af422d70238eb4c
:10106000fec9f2d0b9f3e210010414e181ef2417b4
:10107000ea1b0d3b04fed540d42edee8eeafecf0cb
:10108000f4fae50d23121b7ff562fc0406fcbbff9e
:10109000f61b163a02d6430c1a191c19d81333033f
:1010a00003f3340d2cf21719d3f8faf6d709fcc75d
:1010b000f90f221d20be48faff7fdde0e900d3fed4
:1010c000f8550db3e2f417d22dcb0e3131c814e828
:1010d000f7528303df1df3fff5e1df25f0462233ee
:1010e000090e24e886d90fe5a1f5f754f132dad7d5
:1010f0000d811e0c3f5c03e730c7de20d5f69ecc89
:10110000e70aaa020926ded833d817c11bf0ecbfc4
:101110002fc449cf3cea482c4452e5e333cd08368e
:10112000cd0029affa0c9f044281a2b79e1a0e6e21
:1011300009ad025579090f17edb3f459d46a3c860d
:10114000a966eccd155add7f042310b3f524b5064e
:101150002dfce23820f4f8be05fdf7bc85c71bcf97
:1011600030dff7dcbdd74a490cee0b301618d92515
:10117000810f384613def5f9e3cb0d162825f2234f
:10118000eab23ab7e6e30ae44423fecbeb4dd712ca
:10119000ce0d17dceb0dd7334b0033f73b0013526a
:1011a000fdb7ad415c0b11ad30ddd7f7f90dfa1588
:1011b0003af8db81f689fb2259422c0086c0193ea1
:1011c000eb110431412bac33f0323b54e70ceff11f
:1011d000bdf0ff0636f717e7c707c7a6efe110f225
:1011e00017fb1d4326062add30dbf400e303de2d6a
:1011f00029f42840ef47f200f5fe49cc0602d27fe1
:10120000d44ccc6f311712a27fd9ece3da1ae1f596
:10121000aa426bce0ad032ca1cf5a310ddc510d18c
:1012200013dbcfe90d24ed29acbdfac8264f290701
:101230007b515d961dfce71ed5261c46fee01dfc7d
:10124000fdebfe23ac3e38d8f0181529e2fb0bf875
:101250002ed0608135ca56e13a13eb03f6cd0f2547
:101260003634b71ba6ddd4c82d0617fc1ad2481c8d
:101270003e0528f606efd0ce1a0b0f103c7fdcdfc0
:1012800095f710fc1242da0c040532cefdc720d9c6
:101290002be42903f1dae27ff1e50c120706cffd1a
:1012a0003e3a2e140c02e62f1935ab01031d3cf11a
:1012b0001b37d424edf2dafe071e2adc1fef11ecf7
:1012c000ced82fc84ee20ab4522141e6b14ca2f664
:1012d000e91a77e47b30c2e4fb951ab918249c051f
:1012e0002cc0edd6179bea4917d2b7bd58617f24b1
:1012f00047e02933f1ff26c4b266bde1e2cfe71231
:101300003ee57f793c0d51a756f5cd48820cf4158a
:10131000b340b268d211374ec69930f52098e9161d
:10132000292a2081a70b348b0121ed4e361e12fa9b
:10133000f63fe62905b1eed11353f7224304bae391
:10134000d11a5de3fbd3c5f4fac05e092ef2e63490
:10135000090d3c36ffd4e01ec4f91816dfc90e2073
:101360001a24502103143ff71511f0651afbe0d839
:1013700006e10d07154af70d1c0847f97ffa1ae830
:1013800019f3f8e30005a5e1f1fa0e0636efd32cc8
:10139000020db3180ee6c5c71fedf1da8902007f12
:1013a000f6ce13d21d34ea0916b620068f481f4028
:1013b000e82e0890dacf23d6f6ea229c028f3df47d
:1013c00072eb0e573155db8f5825c448737f0ac125
:1013d000c74d0243b8ef334afc3f51b30417e0d086
:1013e0002fe4fc02ee39b8e0ddf0ecb300630d133e
:1013f000d33826f411dd0bebc10021f0dd14dae661
:1014000047afeb810a0b35e90dde1a3a22d2e3e64b
:101410008ce31dfc122dca2016f75424deccd8c252
:10142000c42f50e15409060edee314f307ef3cb17c
:1014300002d048ed1f23147015f214d22bef7f4c0d
:1014400010d1f646f1dadd2b3c1007ecb4f0104d6c
:10145000f44bc5f3a02071e97f2c19ed14dbc718fc
:10146000cbea0e1954a0cd4a42ec69df27cc18f61e
:1014700083bcf12352234f6321f40844a2173df7a4
:101480001be319d617f11d0975cc06e8fae281d1e4
:10149000adcf2735453051a412cbf3daacfeadfe0b
:1014a000c923f917e11332df2d501be7321cbdd5dc
:1014b000f2b8fb64ac26ff5e033cff7f051f1f4fa5
:1014c000e70506bbdd07203ff113d5994205feff76
:1014d000f40ff2f9e41a20c0f9f300d3fc06fc1b68
:1014e000ecda0b080839e7f108f2f11222f40c0edd
:1014f000d40ea9e829d1f6fbf521f1fb4a087f02b9
:1015000024ef3c4bed17ed13fc48fd30c4d2fdea4f
:10151000eed97f0f0121d9b723ef51270d16cfbe8a
:10152000d1510241d801bc1b0ede36db3df9061b52
:10153000f74b2a0aec362146be09eb74b90f924fdd
:10154000bdd27ba67fcad3f14cdd4911f92ccaafbd
:101550002e32e39b0850ebc837c09ffe15eda3cf9a
:101560000cb02723ff0be1e312ea2b29770928f7b8
:101570005de215f7fa0b3f811bf0d001e24035e147
:10158000fefd1b17ed0407d71c1908fb0306f1ed40
:1015900008e0503231f610b6d92b09f42c4adae7bc
:1015a0000520152616e221df1c00f8c005813fd476
:1015b000f9024e154ba9db2efa2405dff50242badb
:1015c000c20f3ff6ef180b3e0f4e1120fe00090c24
:1015d000222f141edbecdde247ec7b1e1de781b5fc
:1015e000ed61a3d6f659d438ef1ac0fdfba4e9bad1
:1015f00017239f1b9d192290f8d7eaaf0a121948aa
:1016000005c57f38e519e2b33445d2461118ea33ef
:10161000c19b3befdb1d0d13572f40254911201daa
:10162000f401fd1a5a372345f473c50443f031b46d
:10163000c866fc05ec17f8e11603edc7db172010b0
:10164000c65700d0ec111e813005f4f9ea17de16fa
:10165000ee32fe39e32910c0df49bd149b04b3cb41
:10166000a83af8caf7d9571b7ffffeb6640283f782
:10167000acf3c1bef15929288b1a092235f6fb1e9d
:10168000ef152d3df81e110126200ef9c934da1888
:1016900054520bfbf7343804efbb477f12104fe571
:1016a000044843cfe90c31d312e0e7a3e2f738ff57
:1016b0003f14eed2f8901281a831fbf82a10e740cf
:1016c000f10652daeeca05db5631b1141b309f1d0c
:1016d000013cd6faddf51bf822db09e216de1d110e
:1016e0007f0ede0916cff8d4d8034227f9fa07e7b0
:1016f0002b1a0dd8a114e4d3f44e0b4c4a3ccc0b5e
:10170000e729ebae3bf4ce0bf704124af6de53f2b8
:101710001e3d030f08eb1533cd0dfca5f74ea67645
:10172000e2f5fbfe81ad3fbd5d47daefe0245b42b1
:1017300065bff9dab400e6bcdbfcf2ee8ed0d21362
:10174000476548cfec070b13d5f2facb1bd1230c1e
:10175000d4b6c405d581f6c445b1cb2c2bfd16ef0c
:10176000eadd3cf5e1fc000cf6bb07df6135e5ccba
:10177000b5ffa82de1e9c5d0fe07371bd5f7fbdf84
:1017800002e668171ed412ee04cd0617fefd1e0fea
:10179000819b3dca065cb1050f0f2b480fc61e5f2b
:1017a000d847f023ce42eee2591304d33fbe084897
:1017b000c543fa1a37c311d23d008470430426563c
:1017c000c728a020e80c811adf08fadb271ae3f605
:1017d000c60cd53a23d6b8e7076403472a8b2819e5
:1017e000fbc4534bccd62c9f0d0d5428ce44353022
:1017f0008d81fff8eb7ae638d02b1b46b724cf3823
:101800006bc816fc1d1b0b32000f0725252a00068e
:10181000df423319de21e3fff008300623f97fc5ec
:10182000eee614030fec14e73912b0f43d08e72894
:10183000f0e4eb6ef40b333f04ff1d0442191a353c
:101840001abdd01c3b4a1208498622d2c6f2814ded
:101850001e445377a15964edf71efa8dfe1f95f1d2
:10186000e474db2dfcbdff1ec7077f2dc8ea5302c1
:10187000bbfd01fdf256ebdab31139e156dfe0e8ca
:1018800010ed151108ced9c6d600e6f527ee0e0ddf
:10189000f6e0fc1c30bee0ef102d264af6d00c27f7
:1018a0000cdc7f33b1de46b8690c3c39eed1aaf2cc
:1018b000d9272e540175b0efc71fdf8503e007e875
:1018c000f9ffd70c17e613faf327bacc2fb1f2f4cd
:1018d000d00c7f2d04f1fbf4a2ed978940392a54f6
:1018e000e3193fe1d409ea080534d1c65618d2ed10
:1018f000db67550cab9234d8e90e2ffd063643eb6f
:101900000a047fd8aaaaf8dd6b5cd52023458e0c8b
:10191000c45900c5293c3b13e0e609cb1e2de92c38
:101920002e27d937c9d9191e14efcae130ec00ecc3
:10193000c14c7f4304f260053901e44b17e7baee6e
:1019400007f517c8aa0de981d8faf7e61b2bb533be
:10195000efa906270cd18ddb043d2b1733c4c7fe3e
:10196000eefa2d35a02659511e1b222453f005b442
:10197000b3db0d9d81b8fc0d3cd390fce12900fa4e
:101980004637af810338eeb54307b7e0d507e2fe2f
:10199000132874272df1021f1fe61a2fe0cee11540
:1019a0004cdbd610e68824fd42e404a7cf0cd051ce
:1019b0004814f00fc51a3ef5f404e5fbf4080c1cbe
:1019c000c9be0708d04a31dd0481ddc0250bb59db5
:1019d0001b5c39d8572641f8ef1e410037d901f872
:1019e000e44bf00e5e754e616cc9ed8b23c9c102ec
:1019f000999f7b2735b2411207f88ad22592e37f5f
:101a00004617b402d6b9d57e10fa22be1cfdf16489
:101a1000bebcf2fde704ff4d2b0744f98156055d7e
:101a2000fdd46c46144109ba10b2a73acc01a7ee16
:101a30002447fb02fe37f3c4170c2e2501e902cb25
:101a4000efd5d6e9e4610966d35130fdb62b43c921
:101a500081d92cf301d82d1f685c593bb9f81d487a
:101a6000cba31703fe0001500cff092313e4a2834c
:101a7000fa11fbb146f4f27bd6d6fcc0894417506c
:101a8000dcfb127f011011a650ccc91fc5cfb5c910
:101a9000c6ef56261c462311c92537f71bb60ed1b3
:101aa000fc02150b290d172fc11cf1ce14643cd973
:101ab00005217f01b61d1556ea21dbe039d4290b3b
:101ac000fcfacb022600f0de1a02f907aadfdddb02
:101ad00016e80f112d08be30a8ed7f0124f74aef5c
:101ae0001db9f8140108bec82003cd1a221fa8cbc7
:101af0001a12f44e280fe1fc00dc2220dd6409d923
:101b0000eb810d1937c7f733b73ad7e546db970fa7
:101b10001c23ff08e4bf09ef2d3df1fb08e0c8449a
:101b20002ef53d2df22f0e29fd1c0af10c21e4406b
:101b300066f80b31dc7fd100742309ae9e1bea0ee0
:101b4000ec34ff235003d2fedbb788ed7d03d48253
:101b5000d4c0d36016e78afff1f53c7f0468ff0626
:101b600028e2e3dae46b280cdfda111809f30c3a07
:101b7000010b2b3b0edfc6e4c5f43234edd84ae14d
:101b8000f829dd25f9c1edd855a3e981ef192def2d
:101b9000c9fdd303e951df380701fff71fec01c18d
:101ba00005151cf3252802fec8cb083d07d51e1bd2
:101bb0000202f6fde8ea1224eb14ede00681e71ad2
:101bc000fa1ed5d2edfc7f12e3decc0d502e0615a9
:101bd000ab2a4f02f7d3512376fa4ccb0c0334e5f2
:101be000f8a7fafad9d030a9b22d23f73706c71bc8
:101bf000c24c4155191bf5c7eabcb2513c8de13cc2
:101c0000af2af5fd0cc4ca501c10ca165f47ed6d13
:101c1000ec481cee0d7f4bcd28ce2916fcb5ba3f03
:101c2000e92535112bf0db0ce1ddd1e9c9bc10de73
:101c3000f6d802c721e8f726d609c17b4728ce0b84
:101c4000abd451fe123022137f0e1620330be0b8b6
:101c5000e2cc68c0161a0e75e6ed633a1e93e8ae44
:101c6000ffe4a830dfcb4d676519301e78b10281e3
:101c70009b2e1ae411430fe1d50d4f1de7e916b86d
:101c8000e4d3151321d11ac0e5443550d5d7223df0
:101c90001c314c55f20615dcf9281e137f069b2fcc
:101ca000cc2df341f91ce80524ff08fb1ced32a6fe
:101cb00004f14c58ecfb264e491b506c67bff32bcc
:101cc000f8f8ed3ce67b60f40dfdf2a9d604f30ec6
:101cd00013d2c91c74a1b47f9df90108fc5360e4c0
:101ce000ea4b0c22e058a3751f79147ff94cfa7265
:101cf000f4083bfd2835f0ec74fcf7d4b2ebf11797
:101d0000b72cf61da31edd5282223a0ec85b133893
:101d1000fcfb5d8e45d4e605ec32000cb6f1fce32d
:101d2000eafb2467ecb44abde02bc7fb7f1d1ee62f
:101d3000610e2adff4afe621f90e43d6e3f2f3e5b4
:101d40002d47ef511bd3380621f8c0c9fff0be9fc5
:101d50002a0b52f513be10077c04067f3fd21ff7f3
:101d600045a336f4601cfd3d0dc31c681d002ff417
:101d7000b40919f8f24a19d581143083fa14d1c57f
:101d8000d716081a35ba0e1925f7f3c2161b04ea3e
:101d900000efca9df2e606062c0107ea10f0c21c0d
:101da000d742e0f1e10c4cebf61712dab21239141b
:101db0002e29f953221b33af103ae8811318c66a53
:101dc0003c0abd0ed7f9abc75846552951321049c8
:101dd000f75acedbda63e32b24d9fed09481f2d517
:101de000270a7069bce7fe04e90bc9d101e03a0398
:101df000dc0fe24205eb0727d5e6f1bf162b54dcda
:101e00004d08fb1fe018dfe6d02517e5eb12f5d4ef
:101e1000c0f705323df5ee12263cb3be07470d185c
:101e2000cba24b2d0acf3f0844075b81e51ad7525e
:101e3000f7d322fef001b7944a27d625e4c5ec4635
:101e40001394dbe5fb12eb1cd03f4d903c7f44b775
:101e5000081917e0cb16e520fc245c3b3f113d4cf4
:101e6000481ad0e6445d18563104d99c04c7e6e60a
:101e7000d7da24c402adf6dcd7cb0af2f4db392a78
:101e80007fdfdcd3d4bccf3010971304f1d78fe7ba
:101e90000ded2b48605e4a4cf11b02cba0a28a03d9
:101ea000c939ee41ecc836d11c15e408f801f0053b
:101eb0002fe012a8c6dce358814af310ab01f05cb6
:101ec000072da903fb08c3c7d410dcb91bfd0ee620
:101ed0000afb15d6ff122945edf3200921f2d1d9cd
:101ee0003521d11a241ec9d8fb160ff7397f20c01f
:101ef000500919ce1c0ef16e0d0ff381094fd6f06b
:101f0000c4f89ec6f71c3f0510e9e4dad0bd3db623
:101f1000d8f4200d4eb509e5bfcd0fb3dc14df17a3
:101f2000b5aa32ac187d8a74dd4fc936bdfef40ff8
:101f300081d202574ffde1ba79b94045cffdd09e1d
:101f4000c9e2573ece5fea3a19f7203f0618248cc3
:101f5000be1bcf40ee192bad461615b71ce3dc8136
:101f6000d415a4eef017f99a66003bc111e91ecc16
:101f7000d232c3aede1be98fdaf71c88f2b5c3f1ab
:101f8000080b09c33034b949cd03efef6d53f20ba1
:101f9000f1207ff1c1f3299ec420924767a9affacf
:101fa000a42dce1505e2eb40b2016b6d969b3e264b
:101fb000b5ef96bf11631a3d2b0535a881c9a19acb
:101fc000c7510337f73549c8479c1871c0091c61d0
:101fd000f9f14b232f33b4ba1dc30713d92abc56ca
:101fe0002b7fca2a5c37ad3c2004023b2809975856
:101ff000ad795815fe14f1bc3f14c7fbfa293e46d3
:10200000f8db382f76d274145016cb1249c2cc3b71
:10201000de071b0fd414f6fb2747f20cb5d8223489
:1020200009ad1c13c71421ff00170d03b3afccf883
:102030000713093ac1eaee2b9528fb810c19ea9b9c
:10204000fabfefe0f631e509c9fa2d1f0dffd4f212
:1020500002bc2c7f1ed7e1f903eb1b11114ee3de0e
:10206000b7d82a1d0beaf7fbebf10f13f2f1ddea0b
:10207000d71600f951efdaf8b71806cbce54a0fc0a
:10208000067f44bdbce4170109d9f0e03ad7b3dcc0
:10209000f5e2e2bbe7fcea0ceff91d0be9c0132700
:1020a000e808dddc346536d1e1d198be51fc9dbc39
:1020b0001ed7358ed4cad923c131ec0e0300af4be5
:1020c0008afcf003cf134201c959db4a5ed47f0179
:1020d000590831815f1af6baee0b1787d09fc015e9
:1020e0005011c90b002f36dfdef9ca62d734deb6d5
:1020f000aaee62f20f37e50157ea833898d1f5cea0
:10210000bb25b3f600f3f5fd020b49dcb26349676a
:10211000de0aba02816091f81208d13d1d22e4e086
:10212000c4c5139fe40610e714d727e7c4e3d9fa20
:10213000d9543047f2283501ffd703d0eb8f39c08f
:1021400035df4281d509f65a6f0aedb34913e237fc
:10215000141cb6f1ec7a4532c1c118dfe2d7f44f56
:10216000ef0500ccc6ede832e818ea3521df380e7d
:10217000e27f29e4031e31fb24e4fee1dfe91fe8ee
:102180000204d7da26da02e066fe03ff2a07ee0130
:102190003fd13a12ebe815f6e93d3a7f5203f1bb25
:1021a00032fbefff0e15212402d81914d733e207b2
:1021b000facae4ed39dedcb9000e0a15d201bdf130
:1021c00008cef02afdf8f023faf84ce825da0ddb0a
:1021d0003828c21215f9f714fde030de7fbdec4956
:1021e000df15db100de8fc10f6a1020d03dae1adfe
:1021f000f1edb515fdd801e10ca57cd8c72142fd54
:1022000027edda6a0b0319580f1517e0270af4e8cf
:102210009709fd861d0b44810911d058df0b085e1c
:102220000a41f4da2bfd303ae934daf93af60da72f
:10223000fcaef40210101521f90c330781b7dcdd78
:10224000eeab41590f34bdeaf5291229400cdb07ea
:102250000b25cb22e8eeb1101d1ce542dbacfdbf27
:102260003007536125f3febc96db23e7fa354dcaf0
:1022700016fbd2d5e2eb262d2743f1c5f017277fb9
:102280002309d2d909da810c3a35b965e2c4da47b3
:10229000c52533f500d03a74603a11ed121d57fd93
:1022a00001794232543651490028ff0d0efb3b1292
:1022b00081aadb07f26805591027fc0cd02ff5e541
:1022c000ebe3012748362fdf45c1fc3eb10ed8f5c0
:1022d000ffe34d3dca04fff9181f38a7f7f3e440a8
:1022e00025ebe9dafaea3c02ae7fddcad126c9bbaa
:1022f000045538fd090527f72eb1fa453e23014163
:102300000e45c138a8c3461b2fef17c254d7fb2672
:10231000ea1b1bda5b3ec541fa63235dc3c6c6d028
:102320008bcdfb19dabe44ff13e70219c0d4f204c7
:10233000e53d104351d4094c95b4e7eb81fda4cda4
:102340007f141c271ee1e5eef72b0d4b0c0de2cca4
:102350003a11cf25d7f3f2dc23ecf4251c5cf0f125
:10236000fb11103009e5f9f35b37fc99f312e23603
:10237000511afec423ced2d3e131058926ad0af528
:10238000512c7f0db80339cdf52ba3c321f2ec1ce2
:10239000304625ea9ce83a0a0c1c0d9f33e6d445ea
:1023a000fbbb7f29d011f346c13d1c1ce811e19312
:1023b000f6e842c54e0223110b38d11907a7370d95
:1023c000e52338101db2f433edee0adf1cf54bfcab
:1023d0004b26ea2614b4f67fe134018efa2709472a
:1023e00032db262fe340d4d803d0ed23a0b70add9b
:1023f000bf2437fdd214d5f1f63621c72b0a11a61a
:102400003620daf6e2c6f6ec40541cfc2012e3f368
:10241000392d1dff1510e5da1ba65f0320211b31a6
:1024200081e44509fa51bc533a240147fda31cc677
:1024300029141de30b3ae47fe64a7017ff3fc0d72b
:10244000d9f6dfe501072dec1ef41cf90bff33e391
:10245000ed0702f329ff3013ded4da22ea03f4dabf
:10246000004954432a49f16991fd1605a2d1c906d4
:102470002eff810df0e9ccbfeed1e3ee673d29d907
:10248000d9eff7e33bf43ab2865919df6cfbedbca8
:1024900041e91909205de03238d2effe2258a5ff4c
:1024a00026df18c4bdc7187fd723e609145b2bc1ec
:1024b00017e44ff92312b8cfcbb5e45dc1527df3d9
:1024c00017033120f1390f7ff30ebf23fad1dfc399
:1024d0001dc30d422f263409fae9e53c0a28f5020e
:1024e0002820cb21e9cf04e5f522ef9efd04f6106c
:1024f00028e228282511e2e62bde591744ee08359c
:102500000f19ec23322901e417f508fed7022d023a
:1025100020f37fedc7fb12fa040019e23518db3116
:10252000537f09dacba4d1aaa5e3fe4ad8c74a0e45
:102530001f04f905ed3ef2c30805de1e090ae4e5b5
:10254000da164bfb3713fb1cc2fff62807f744eae9
:102550000c17d505c00f178d0f00dce3da11f72437
:10256000ebf64d10e932c7def30cd2d5eb38f9efbc
:10257000d706cbf1d9ecfdf4ff3cf9f7fafcea7f82
:102580001d2e570906531243b0c82fdd013edffc54
:10259000d5f3e32b277fe90933f6f8e9a4d907c47b
:1025a000e514394f0ebd060dd0dffbfe2f3cfee9d2
:1025b00054aa064bfe3a2db614ddf215deddf749be
:1025c000490f3cc9073be6261926eada04c0301356
:1025d000dc7fbbaef0eb01f8c0c4ec12dadce10d3d
:1025e0006302fe2025433d228db55ec3c6e6a820ca
:1025f000b912b6d330ffca6118b4f316e87f4fddc5
:10260000058905ba390468c4d3b2c50ff698bf5e10
:1026100019ee46c5d6f6e2811210ded719e8c905d3
:10262000d8f518f9ffd81314d9bfc3ecd80220d0bd
:10263000d5ae30d5dc113b0028180ee5234bed2537
:10264000d398ffe344f0f82fff3bbd01031dd709ea
:1026500008cb2ad0e52e58f88d09d411efcfae580b
:10266000c4d5f3dc81f12619af34f763652c067904
:102670005745e4f6fa3a107f34d5079d372ef7b464
:10268000fadc36f2c8e7424a8a43e08dac2071f6a4
:10269000e9c6462df2f00d0a1a4e6def223d3415b3
:1026a0003807f92338312947c1e719efd9d9ff3461
:1026b0001f30c01d14f1daf317e103327fdce9ffac
:1026c00027bbe1cee6d91a09f8ceeefbecc7d81845
:1026d00085fb613403e7b817192c1b3a3e063ee52b
:1026e00022f34622957ff2d46bf8e12e07f732e30e
:1026f00099e2e4e916ec00ce162e3208f01a0d31fc
:102700000ec6e9f742f41726fd00f7b427fdd342c1
:102710002c524c02f5a1e0fe3d3a9933c4f37f15eb
:10272000eafd3233c13506fdab19c3d9f0a8114516
:1027300000dc453515e4bc29a50d1f3ea0e16b3d2d
:102740002bee0642574005f0034aac29f47f041ae9
:102750000113f24a10e5106e1f19f7e8f82e920dda
:10276000e54977e34773f40cec2c1c0cff0ca01d1f
:102770001932e703e5f8e227fda90ffe14275bbc39
:10278000132efa147fbffcfef82de53006f204e5a7
:10279000c2ab321c1de0e62520edb9f41e1844271b
:1027a0000a0a50caccdd16d9e7d61a070547b5364e
:1027b000e7053c2543bb951446deef81f60b0b0a7b
:1027c000ac036eef0d91c8f505d9c3bd41fc4b0bb1
:1027d000d6017ffc11fdcf44e0e6de586501ce2f27
:1027e000112afc4684fdcd5fc1eefdd30c990efb92
:1027f0000c033b38faf841eddf1e01e42500120a14
:102800002a7f5d0814c97b1cf7d4fa0c160261ef0d
:10281000f42e27f017140848f0010920122ec2c91f
:1028200009322c05e125331b1b0a352809bcd51bb1
:10283000d40e230de728d03bd943e623d80034f249
:1028400067ff0debd421fe6119f5ebd37f0a332826
:102850003ece300e02540aed1119dbe42f161ce8af
:10286000ce43e3f011104afcf07f5147fb2dd329f2
:102870009d0c1adaa7dfcc2900460e23e217234964
:10288000361ae7bc04edf6dbebe18d12cdd110abcf
:102890001d041ef7ff3a0e485a2fbc562f7f37fdf6
:1028a000d2001a1cc70ac0e797212f1b0d1607b7c5
:1028b000cd22ec03cb2d200bec1a1bc4efe90f202b
:1028c0007fd71c33dab829e629c2b92e02faa92328
:1028d0000e00eccbd0fbdd0efe0a1cf4ca03dbe8d5
:1028e000be2921f1ff5efc76c7fd21d5f03306ef4e
:1028f0000b1bb6cd1cfcda4823f3f1f43606dd08d9
:10290000520a20c532810c10010504ff37fd17a3c0
:102910007fe4d53139430104eafdf232dfbfe61628
:102920002d18ce273bc525200bfa180bbfda2ef049
:10293000e86e36dd29e2ed48ba19e00d102c26ffcd
:10294000f0ea1fc12df1de18fe1de9162e04110f4d
:10295000fdb543f6092813a90ffb10ff2ef426e15d
:10296000e6dc1f36f006b8fb203b0241337f222a0b
:10297000f52f171713015f241a68e4e215e2391bdb
:10298000a5d2a3cb793517d46c117fe2432a01dba2
:10299000ad9214f4e041235342e2bfcad2f9e7ae4c
:1029a00014eb152e8936f0f7d44f6981e3aed7d0fa
:1029b000ca31de1bfa260b28f50548a946c8fc0ad1
:1029c000aedae2e017b9f419ba01dff0b493b23528
:1029d000f6ff1e16f0130108ebfef0b88110f53378
:1029e000f7e84c29de1533eef124014d3357f1d3ce
:1029f000c5ff263ac1ee4dded929cfe8ffe4c71264
:102a0000b4d4ae1d1ed54edd07e93ad7b6e7124f56
:102a100015122e1918fffe0407f5e909f6f7ce1a6c
:102a2000d2cb1dedd05210f0342f7ff7f9a8093327
:102a3000c9cd03fa28f86cbabb421bc80de30f26b8
:102a40001abeea6753d3e401103f06df27dd967d07
:102a500005088104a20e3a3fe5132afd1fdcf2fdb2
:102a600025f4f5eb0520e84e1bfcf5b81410fae24e
:102a700012d07f2005d711db46ea2431112cdccfa0
:102a800013110bbd430526141cb90b260c5e024521
:102a9000db02dc1ccb06fb38347fef3f13e6042f50
:102aa0006cbe0b12d22cd3e2200c0ce148f3d0f315
:102ab000b9f9f72bfd36c42cc82ce3acfc7742d413
:102ac000e4202bc3ff29121e1a2e4724647fe7102f
:102ad0003c52010951d01630deefd938cdee100945
:102ae000ce1a6a282eee080f002bffeb06f90b0416
:102af000eae41b0ebc071981e93903f7f5dd0e0c7a
:102b0000dfdf4fff480cebd9fc08001be137000565
:102b100012fa2c0a290b32ff05ae0ead4dedd40d85
:102b2000fcf6222a0bb70fb45ddd59f1fcf27ff8f9
:102b30000a285327f3fd201de532cc1602cd30dce8
:102b400018debe26e664542842ef0afbc953e3fcb4
:102b5000c302d184e7d80a2d0ec9c303171a290a64
:102b60002cfdf821fcef0dedf5c50e4e2607e8d93a
:102b7000f19d1264de5226147f36fd053eecece436
:102b8000f3e1cbcc5dc06f234ffeee21e0e94a2a92
:102b9000ebb7f20bc8082e2214d9dc05efc993ce8f
:102ba00081f925de59d3d511374c1abc1ea641eb4d
:102bb000180ce5f21937f947fbf24812a7345747ca
:102bc0001e1a158f6e11af667849fd46810c12e210
:102bd000d10b0ffcbef1363102a24d4dd5deec61ba
:102be0002075df1126bb07f1e337ef5634a0a3cde4
:102bf000e67fbfe1275574d339c84326df24d704c5
:102c0000ec13a0e926d6d6dd19aa48e97a0d104fb3
:102c1000b929edfee51ebf442a2830ad44b77dcf6b
:102c2000150e4e1013e93b1aaf197f13f4c9c011ea
:102c3000d8d90a223a311231e71234eaeb34ecf2f5
:102c400042ebfdf4e93de214e70dee0e45e4cca8bd
:102c500000527ffbd9fd1105d91d24331cf5dc047e
:102c60002652f541eb16ef09f5d8e21b541cfd2462
:102c7000ebf8c030284c0c1cf1d2def1110147ba40
:102c8000ad9550dc00812ded044ef0527900b4fc7e
:102c9000fcdaf623670ab5339ae80232eb2e56f1d6
:102ca000c60938f23407cc6aebf3bf08ba64d624fd
:102cb000b5c9340d35d73eb963bbf75ae7f7acf366
:102cc0000631390a207f21e8f7eb1312011e200696
:102cd00011064d172a7f710f1c09fa0fc2e9a30ec6
:102ce00008991cd1ef15dac800fdee51d4eed8f1e9
:102cf000fc3a35feb7e1fcc4e0d408f4e51109ef75
:102d0000e9ee0aee5ef51f7fe0d5e0c391341a4a82
:102d1000eb03e976f01625de29f4ef33e4e2d7eb96
:102d2000c0dc52fcdd27fa28c70f2f0819a103f1d8
:102d30002cf62607537f2a2178ed2478a452fb270e
:102d40003febd5230011cdfc3db23f5b011528e5db
:102d5000b9c1ffe9692cd4bef9fc982518304008a8
:102d6000fb1f5f4931f72030d5ce7fd42501b02a33
:102d7000514a31cd171a0150001ebba0e1d75e06a3
:102d8000d863a9daa32fed1b322811ea4b15214f86
:102d9000f2e2052b17f6a9cdf7d9ca11bfa6d224a6
:102da000e54981b6efe30dcf22162240260c3bcb3e
:102db000e752e250f2b835d83f023a5857be81b7d1
:102dc00015247f121930d61acdea7600173be82673
:102dd000d30ccc38204410023b13f4ee44e5190523
:102de000251717da350ee404b5f01520cbeb2600d5
:102df0005e0646810938e7d7cee0f9ac2dedfcf24e
:102e0000f6b9d5f10fb62f13408c0b3b14e958e7f8
:102e1000f6d729d623e32bdaf0c5d1f828082441c8
:102e20007f1beeedf4bbea30f4e22728dbd9e20b9e
:102e3000192f0f289beef9ca4defd5385b607ecd78
:102e4000c9fafac61c0d5217e8df0bfebdca71d4d1
:102e50004a574bed482f7f25fad0a3dad52f2523eb
:102e6000d8e823380727fcacbbe11328cf2e4e0f40
:102e7000c6d3d8aded0cde11eef731dc1fc7fdcbac
:102e800020b64b0e03f50c20e92600191f2f1a2c33
:102e90000b18ba1df2ec3a1bd8731aedccd7dcc371
:102ea000e8fe397f21c2c8a2b846d9eae9decc9152
:102eb00074feff1cc635129cee6a45a607acf720cf
:102ec000ec0e3014e260af22c1469ca5260c211303
:102ed000bbd49ed5d390ef07a11ddcfc05d7af7ff7
:102ee00046c912f9e72dcae6e20935050eb03efbe8
:102ef00019f228ddf4bb7ff5dfc9070bc1f7baee85
:102f00002a29d5ddf512081fb90debe6b003bbed9c
:102f100022fde814e14701a27f160c0d0af3ddba89
:102f2000522822dafa161cfe0fe72ef5dcc9b2058c
:102f3000d2f902fff93817c30fe4ede9d5db192800
:102f40003dcd3ce7dde8d527014820f41266a61afe
:102f50000b453e2e1c26ff16fd1ffa0996f2dbcd0f
:102f6000ac24ea7e49edd1c0f625befcfcdfcf8162
:020000040000fa
:020000040c01ed
:102f7000c7da11ee0ad50b300dd02d170809ede098
:102f8000e1e50f400bf7eed6cb32101c0202edef5d
:102f9000bb00d2e3340fca0a1d1b7f1246bbe6f00a
:102fa000e4c80deae2d00bf4d71a16bca3cefe2378
:102fb000ead73e36184724c2d0fe2ad745032f57fa
:102fc000f1e6e5f0cdd1e52b00173d3405e6cc0563
:102fd000e8f710e609dd1be624dbfdd1edd8e1f3cf
:102fe000d81cffdfda0510f111fcb74dc31a2a0017
:102ff0001deffc19f703d7c6d939efe6fdf50a171f
:103000000cebc42f141218290908d316293c209f51
:10301000fc1a02cedc1005f8eef146e7101313edb2
:10302000dedb06e7f917e102e9181406f4fdba0839
:10303000810c5cca03e8d0ebd10eececf00fcd2b89
:10304000e904a0fde8eaeeef13821842462065711c
:10305000c700f701eb1fafb7ead13803f6e3ccfea8
:10306000ea25fb4d29cd036595e2ce441711e718fb
:103070001e0a31ae13b9fb40f806dbf8ee0c103037
:10308000e8bcf22e04efdb001ee6181547523be3c6
:103090002d57fbda1223eed23eb837e14b07dd5253
:1030a000d3cd0e721825dfd4edfb3417e108b30839
:1030b0002cf4fd0defff3704ef79d53c0405ea0051
:1030c000d010ff2f34042edef9fdd90a01bd41d006
:1030d000f65115afeed7f72e21023c133a51efbb54
:1030e000e8f002e9f03128f0ec31e3281249fe0261
:1030f000e80ae9d5022d09eb0f2012f1ee01ff1dc0
:1031000022da130fd2abf91003df2d12dbdcfeef56
:10311000e6000df4f025eb12d6181ce4e9f24a1c87
:10312000fef4113de50835e3f9f4ebe4d0dfe8fe09
:10313000f2f232d7f62822050613d106c90bda4f70
:10314000a0f9ec070dc60e0bebd3edd09a1c11ecd9
:10315000e6d9160be9fe0217e1ca4429f1de2d1467
:10316000bd0ef6ea061ce6170adb0f16d5090e019e
:10317000d3141f8108231ec02101012b12f808223d
:103180001e0c0adf9510d0ae0209ed1304d80130f1
:1031900029d710c7e616fefb023ae3111613cf0734
:1031a000f5be9dc50f271afa06fc0af2e61fd4f3f6
:1031b0004e3ee0eec20827ce15ec296de6e2c3eee6
:1031c000db27b824ce18f8f1ffcbf3dff39e08c459
:1031d0004700c8e3f701ccdacd1f43111155ffc9f1
:1031e00044d7e0eef80b1820f024fd140e00beeedc
:1031f000f8eafce009ea4231011fd72cda2231e378
:10320000c0e2e7d9ebc04305f82aee0d81dfec07f9
:10321000fa3d09aff535e9e1e4181c4201fb6c0cfd
:103220000a37de09fff840ead2d65303fccbb2f8e6
:10323000aab825d73fec961c1eeb0f191618f3cd34
:10324000f0f936e5baf6da26e302fbc0daccf8d4b8
:1032500039dedff01af430fb15c355e4340a393196
:10326000d6d4d1e5df2d2417aa006347e3edad20c6
:10327000123e21df19da142bdeeeebe719f1490dce
:10328000fc07d908d91315f8d8fe39e70981defc07
:10329000f0001214ff1dd722299c200396bff7ddf2
:1032a00027f63b493bc7dbcd2833d60cbc03eae20b
:1032b00001fd2631da1c54e1d7c2fa07fbdffc30ee
:1032c000094007d71bb003a602e9efeb152006e182
:1032d000e6f1bc150cf13821f2f9e3f90a0bca3218
:1032e000bedf141f0a54ddeb0cd9f408defad83225
:1032f000fdb90ac706d81bf401d7eafaf80702d7c6
:103300000a1028c7eed8090a110bf5e41af0eca14f
:10331000c6033ac0ced8ddeee6f8c5d8d30df6d157
:103320004bf1f613e3effb1420e31a0f16e9ea0161
:10333000265ccbf24c0a04812efe02345643ff5e1b
:1033400054b8f7f2b12ee3b5f2ee36fdbdcf191f3a
:10335000d30003fddcff43eef2e92b2e0dcfb117b6
:10336000deac06e31a53e029eeda1ee2cf47fc2575
:10337000eceaef34a332cf05d7181dc0f914f002e0
:103380000dded195c41d243107ddea2ed631b7d428
:10339000f70dd8e542b822f6441b00e3d6f21ab97d
:1033a0000823f8f4e2dbe0cff82a2c6101f50ed611
:1033b000c9e9b30212dc0ee1c2d4024fea1fd9f30d
:1033c000d3b5dcf1f1081650a59df2070fff07e118
:1033d0003cf0e34ff5255f01fdf802e5ecf1222119
:1033e000cff3e410dec2e3e72ce5f018f201e317b7
:1033f0000118220ff3b745d1ffda1a0c4ce03977e8
:10340000e32436f7bc3611d2ffeff4d57435975b61
:103410006300bf1436fe12411916f02a12fae24672
:103420002775d2ee23eec5cd181d55350145f6efb3
:10343000e0e83f1957d90b1f41512d7252f4f31791
:103440000e03c636e55b040ddf032d3210f0eb45ad
:103450003534e1131720f612f8f233d6cec0e71e4a
:103460002ff7b92658ff04f60410fc7fb01ce8467d
:103470001907343926f7d5d704db591912d02ef2a3
:10348000c4cedffcf736fbd44949cdc803f60dc5e1
:103490001b2aa83430f40127c738e0ef0408db35d5
:1034a0001b1bbd11f2e5e80f1901f3a6410f1fa583
:1034b0007ccb650e122cc9c137dbf5ec01c7f96076
:1034c000eafe35053dc45e3c4d8c0ac742e1a825a5
:1034d0002e0049bc41c0d7090c33fbb0d117f7f718
:1034e000aebceb301e1f21c6125813d924a52c16d2
:1034f000f6acd757b0d041c9f4d51ae521d704f6b8
:103500002b0224f2e508d71fcad325414a51f4e320
:10351000e2ce14f71abf65e9d60b38ee25f6ec18a3
:1035200076cd2dd9f13917b7f415cfde5727a7f18e
:103530009f9421290fba05f813de3318fbd903b283
:10354000c683c77ff4cbc2c9141147bf48e5f4f85e
:10355000110f14330e215424c5dac9ad301fbae45b
:10356000102bfa39f6e7d578d60e2e0b4cf0f81959
:1035700033140d2519a41131f5f7284c09325cc11b
:10358000ed2b33fae9f0efd6cffd151301d1e7f8b3
:103590006600c403d8fb103ad6211bc2656111fa3c
:1035a0001c5304e94d1cc3c915e7174bbf44f2ee89
:1035b00017371cfddc61294edceb5ee30930ee18a9
:1035c000e4193ccbef2030f12a0710daf408ba2acc
:1035d000e9e303f3e50aede6d7ff370bdd2ce73926
:1035e0000954194b3504ff07e5b908fe12d1e3165b
:1035f000241ed418bd29d97f2625facef511ef2631
:1036000008f816fbb32ddebb18084f3c5330e557c6
:103610002a2c041cc444ea1d0423cbae0110e03c58
:10362000e1c605faeb2913eef0ea2edbea0e13fdf4
:103630005f1eff052ceeda04f0d9072ce314ebfd36
:103640001324faf5e0a0f711d92bd0b0cbf8cf3185
:10365000f500ef1825c9f2c9e0df29d6fe78e7edbd
:1036600054fd09dde1c5f0203452c8bce90dd42574
:10367000f3e3d3b51722e40b37de07f5f4e0c9c155
:103680000e3f00fdfd9f200a465a41bbc3eceffaf6
:1036900032d2cfe61ffa22ff171404eed4330d07ff
:1036a0008117ce32054ef2ff19f9b4d3da4cd9e4c2
:1036b000cf100a41caea22e604efda90f8c61235c2
:1036c0002cc046cff02ecaf928f8f7b1120421dd3c
:1036d0001aedde4b0cc0e602e6250afc2cca1b1ec6
:1036e000cdf2f333f4e3280c0e1503c0f6c62af12d
:1036f000162cdb2ee5c1dce33e261d33f230f92823
:1037000041dcec1517400be5031abb1fffeae9fe8d
:103710001b0001fa18ec2bfc05d7dd1d060ce7d5c4
:10372000e7e714f5e7eff0daeeb8f128fb00d11d7a
:1037300011f5d4f99fdc0265b3bbe600d7ddf3d900
:103740001fd9ddfccf1f0bd02c28cc1d17ecad3ab8
:1037500035ec14d1cb2ee31b0f39ecfbf8f737f621
:103760002e17d70ad0f10c9aff9efb42f2e82918d7
:10377000eb19d62919e7de5010d2210f101902f2e9
:1037800013d847b8defd2908bff0e3cf14d80aa943
:10379000cd4af6250342ed232653f4f524d0d44632
:1037a000dd481c0aeb1db911c5d581c346fb27b7ff
:1037b0009d170feefb3e4e21c7eb43d4c0e8032319
:1037c00012efe407c1a4052adbf2e0de235126fb59
:1037d000e600ae9ec21ee6261afdc4d526e0d44ff2
:1037e000feee8fe6cce3c2db0d0f2b0210311a9deb
:1037f000242520cd08fecef316f53efafc22f2f683
:103800000efc0954f22b1f860ae7ede69e0525f112
:10381000fe08fc0cd62f0e5f17e200312f02201499
:10382000e32ff19af300b61d292712df18d92cd601
:10383000cbf6fcf10ec5cfe31f45d4fff6f0f40c38
:10384000f529eb02e05002e7f3b6ef52b5ea18dcd7
:10385000e7c7e847b264e9fede85dd04d9e0c0379a
:103860002be6d703cf22f5f4cf1d01d5d981d0dfc8
:10387000b3d0e2d5ec3203eb0c3c0dc0c113d9053b
:10388000f7e5e5df0dd8083316e4051a0a00f92735
:103890007f0007e90a01090afcd813f207d7253e81
:1038a00039cdca0c05d6ebd72ff828e01ecbffddab
:1038b00024c701fe12ff1b241008f31e23e03ae583
:1038c000f112ed03d4da9d030908f9fd070402ffa4
:1038d0001edf36ff1613f3bbcf06ca2e2f07f0cb21
:1038e0000cf7e20127d80efa101e17ff131cffe297
:1038f000b2f1e9e3d7f929fc56f1e502d7e3212734
:1039000000ea2dce1620cde909f617f410ff0b0ab8
:103910000df84ef118dcfc4807e41b21e102e5013b
:10392000100c0efadf12261dea124220ee15e91cd9
:10393000c8e5d90913daebe9eee2f0d5f316da2897
:103940003e153a402a1ee2f7ef14dbc817fc202f81
:103950003700ebdc03eea4fc38ecd71ace0d1124b3
:103960003124351e08163e93161c0a2218f2fcdb81
:10397000ca10222de87f01e5fd42d127340ad72f56
:10398000e438f3171d1f111bd70c0414d91239fa90
:10399000c4e6cc0c270711e45b0906e4db221ffe1a
:1039a000d101fe0bf5171a2724f932f100f7d6eaf8
:1039b00014ad3726dc2539f9dbdfe737f1d32a29c7
:1039c00015fc3c3fea431c3006d8edf2f6ce480128
:1039d000fced230dcde7232bd2f8e0c12911a4fc87
:1039e00023b6f5f3fad6083534142debe8d9ad0932
:1039f00008ee0ffcafb0e2e00c19fff2611cbf2d26
:103a000004f1ed1fe373222dd1b9b106c61ebd0f1f
:103a1000270029de0ceb0fabe1f3b5237f36191f2e
:103a2000fac839c701d7c4132f4053c9ccf90eedda
:103a3000e9e7123f0ea3ffe5f957df41e20dd8e6b3
:103a4000124b1efef9f615f9fff31eea160eeac335
:103a5000f4edce250ad949c4d83510db080214f696
:103a600007433614951ae3e52722e424b2d7f81267
:103a700009fc01d5be0b3bedf5fccef80b0913118b
:103a8000fde1d63deb37d32e1dc24cf5c0dee21171
:103a90006d0c95fc0533fbb5eb1de186eab0ac3c43
:103aa000fcf2280f1df3152b07043a1cff17adfc81
:103ab00032350867039c0c28f4f75205bcfe173218
:103ac000ebe3db42bf1d143af1cffe1431e0f40efc
:103ad000c000ca1600ddd8f5b8ba17dd33363a0390
:103ae00035de29f2a8e7273afdcce5401ff812cbd6
:103af000091bf01b1104ca03f9e230d33b0486f61c
:103b000013eb0d02ea0057e1077f2202f3fdb43701
:103b1000fbde2a02e91cfdee14e3ddea1959100868
:103b20000ffed046f8e6ecf12662edc4f3df0b3b66
:103b3000c7422b1c02f30ff31825f9fe18f4fdb849
:103b4000f729f21e0bdee8e720c58aee4be7dec858
:103b50001bd528e52d9cc6cfe3e4fbc905351234ff
:103b60001dfb0c122348d443d22a3cfde8bbc915e7
:103b70000722f4de690613e9f9232d0fde07ff2083
:103b800011041052f63a1a167fd3ef02082b54eda7
:103b9000bf0038ff35c4e3fbcd5844f745ff54362a
:103ba000fe11f21bedfb14a70afb0a121fc613d865
:103bb000f9e7f0d6f431d9f321050d1dc71cf4f94e
:103bc000300cf8fce8f31ab0ebeb09bbd90621e0a6
:103bd00002f5410d091540a396e6d1e84f043c5883
:103be00005bf0ddcf8f91511162e9826f128c5d160
:103bf00006b020d9f93216cefe4cdc1510af19d222
:103c0000f4c03842e5d8c430240cdaddca05fa2401
:103c1000d5ec27c7f40d0725d745ade0112bf3c927
:103c20001f1f9235eefd4a119740e635f9033146e4
:103c30001ee6b4bace0a113fa8e2d70df3a8232a94
:103c4000e300eb39feedc9911bec511108a0d40c37
:103c5000c300f4a9ea01aad8e67f2b2b2ae510c3fa
:103c6000dae412f012efcd0e1710c6f3c11a1dce12
:103c70000d174733f3db10e30d3beaf01e2a071d57
:103c80002017cbda28eb0fb22c2694da0517d42ca8
:103c9000edc8063d53dd5309e0e0cbacda16042055
:103ca00093fab80934f20a0b594560f5e61f0e1d68
:103cb0002edaf0fbf2e1ad0b03f4fef62ec616ccc5
:103cc00038304200d5e0301a07ffdbe0ef0fcec9f5
:103cd000def9e48713dc1139c8d50cc710f3d9d14c
:103ce0003304fd4e07f20edeb947d5d4145c35f12e
:103cf0007a50d3d01642fa0dcaf9ebdae438440010
:103d0000eb3102b40edbd0f72d00f4ed97ee03f4a7
:103d1000dc0010e2f0fce40ff9eb7fb898e22b171f
:103d2000cdc8f0bfc6eaf626ceeb210ae3dfedbe32
:103d3000209be538fe13092c1836d3cccdcbbddc47
:103d4000ff17f5e0190137125b5832edd8fb26ce8c
:103d5000c8c9f4423beee2e925fcbbbce2d70bea62
:103d6000ee34b7e5e3d74bc5eef6f71af7b4104ecd
:103d7000e82f0a0a0bfdcf1ffcf0f4db320ef1092d
:103d800011490b1a19f7dfd00301d20f0f0bdfea2d
:103d9000b0fc28ebf604d2e8e20f2bf20bd139dbb2
:103da000dcfdf3e4d7270fb8ede0dc30f2390d1677
:103db000dafa07c6f25bd9410e0df9cc0f1fc0ec41
:103dc000d425e810f32f11030be4e0e5d6040f32fd
:103dd0009f0034f82a14fd0eecc6d8f93f0ee875a2
:103de00006190fd4e45c0b1b19e11903090ffbdd65
:103df000a8de072df4bd01fdd10dd7af1904ed25c7
:103e000024d5d98c2d10bcdbbf141314f3ecf6dfd2
:103e1000fc41290008f1feee005a2bcd120e29b507
:103e200039f126f7d7e71be4d91781142fff68d3a0
:103e3000bbd711f21afbe40809fbfa1df60a07cdfd
:103e4000080ee04a44055533f338d8db024b08a08e
:103e5000f826e9121909ce1c0626ef480e09f1f7db
:103e6000d4421e00a81c1cfae7194b041f2b0aeeb3
:103e70005b15f014f15e3019031a216b5025b9f46b
:103e800047b92025fbf7164d0521c71fde1cecd4d2
:103e900016000107cbf81ac432c6351100d3fd71e4
:103ea000f4a1e705fc02f0c8fcfad7d7fe3735ede0
:103eb000fd6c12c3a51738fbabfb320adaf232f8fd
:103ec000b0f227fae101b7f5113003c4f639aef2ca
:103ed0003bf1e9dad4fa0e00ea1541fd0118e1cd13
:103ee000ffc022da210ef11d2430bb3a392ae6f454
:103ef00005250a2adffd0bf2bff521cff513221da0
:103f0000040be37f0134ed070d042370dae33a6f0d
:103f10002f33ee20f7fe04d63c0bf109f02af526ec
:103f2000deda3ebc10e6e648ce190ded35fff213a1
:103f30004b251c2b2dfb0dc7fe1a39f10b0cbfedc9
:103f4000d7b4b81af7130a14ff4ef0f01c4f25c26d
:103f5000f200011cffff07f1048a08191d1dcefbaa
:103f60000f0a07eafd0b36f3ebfccef7c40039c5a8
:103f7000dcd7f7e707ebefe21be8435f0b0e09170f
:103f8000d927ebdefbeb039f0ae91e23f700fe4671
:103f9000e4f40823f63309db2dffe2e8e103111e08
:103fa000cdb2e706e9092bf51af35f0328e814dc24
:103fb000dd37131b0e0817e60f7ff061ede7051ed6
:103fc000191d33f9e947f2fa130f2604e00dfde25b
:103fd0001de9fd02f2d825dd050c2e213120fa2342
:103fe0000408fdf3bcccecc1eaf55010e5f7d51799
:103ff000e51becffd6aca81a1514c535dc2eb6258a
:10400000eb0debf7fdccea1057c9bfde3f17643b61
:104010006800061904e538be11373b3604091582dd
:10402000d13f5d08cfdc06812933a11b0f132c166d
:1040300038e0dcabf5011c056701d83c0bf2ec1055
:10404000c9fa6ade0cf5c8d42e21e3d385b917e18d
:104050003febe7241a3ef2e0c7c8c85206c90f3a40
:10406000bf0404aa2015ea2eddcc28f548f33b4610
:10407000ad0da7f2f70efe0545ea0c8438182408aa
:104080001c0023b7de3325741dd8dcc4da1e162bc2
:10409000ea0ddbfa4a08e5f63d47c9f4e03dad20fc
:1040a0001ad1eab7584a03e11ab8e3fef33e3ffbe0
:1040b000000ff2acb8101c9e27264a4cc92e00c82f
:1040c000f747d75cb91e0eec1e7ffec1e916e5f27c
:1040d0001900ff150827083ee92ba804d4dd082e97
:1040e000152dd9d9f447ed0904fb071adf0df6c2e7
:1040f000171c2c23cfed090511fe031401304531a7
:1041000002f630e60affc0e1e53ff40cc721e315f3
:104110005b19b0ee2c1ef6fa18cddaffeec141c4e1
:10412000b5100005e5f0e70dfa1a9ce9de09da3969
:10413000e6de97c3e861eceecaddd32ef0b933f3c7
:10414000cc33b405dcdd1c2010b8cf2cf701154ea4
:104150000abb6afd11ec260d0302bbf211d60c203e
:1041600000a520e7def747eb4b1bd62ba1190e313c
:104170007ff628f239f4d102172bb6c33222fde2c2
:10418000e5ee2ef00ce8c70b555d0316591ee0e274
:10419000c50052f6f8f3e0f1f89b4ad30ce3eef4d5
:1041a000f2e3fff3e71a07460102b2de2eff0c0826
:1041b0001d000ed0fb2de6c8f269eae4d3c02f0340
:1041c00052f3091dfcb8d315fd2503130b15c8a91f
:1041d0005509e3f201e7fbf8283bdf4411fefd2817
:1041e000fde5ede3ec26f1cff7cf1c091409ced3a2
:1041f0000209062b1419ef21f2c51fe32606d71377
:1042000034e71b3400f42750c8fa01eed9f41ae958
:1042100059f6d10b291f163c03d941ed0156bb3885
:104220000f510b5426efdd131ad8071d34c222207c
:104230001b5ee8ecfc5717c43800d8dc512aa725d0
:10424000fbe3f80ffea3f1659feae8020bcb47c63c
:10425000dc00b732e2e50fd914542b3b2e1602d600
:1042600048edbd231eceeab4bef600d1f5de1aff3e
:10427000d01bf1e211d9e5d93207e92ad5127fd94d
:10428000cff7f94851e0f52516ba0af61c1f190cac
:1042900018fe22b90b2f1d2dbf010d1f3af2ebf3b3
:1042a0000cec17f80b1c33fcf7c51ee9d2d530e82f
:1042b0002b26b8d6fb27c6531af0f8ecf1ee0931dd
:1042c0001af9edfae3f9331afd462006db17f7d9a0
:1042d000acfc0aeb0624ff1012f20a6627ded7f0c8
:1042e000d01cefd660cbfbeef42b041322e4bf53bb
:1042f000da13c609f11ee812031af414d120020ad7
:10430000f304280a03ddfed60e06defefbfd0cebf1
:10431000f500da0425fd22d6efe806ece8acfaf168
:10432000eaec12c0deb1142113fdfe10d402ab037f
:1043300003d5fbdeeef9eb01befd22fdcd0e7002d2
:10434000a7ff2913b816f515303202ee2fe606d571
:10435000dffcec09d8f305d1090fe103db06ffe030
:1043600021e51fdb4b07c6a4ef09e4e6f9d2d4032d
:10437000df11e90df507f9e110f406ebfcf715f78d
:10438000edc8d8dc45dae3dce5e00c1ec9e0efcc93
:10439000427ff324dc22eb1432d5e30ee22625160d
:1043a000e91d38bac303051be8f307d745d838e73a
:1043b00020f20124fac62824bcd200fb1fd1c8d1a8
:1043c0000a21fdf512270704070dd2e633e62accb1
:1043d000c0001619e1c7cce7160feca8061d220e87
:1043e000d51bd2ff525a05fbfefb417f2823e9e291
:1043f000f5e8d722da090ffc0d382120aced16f3d1
:1044000010ef20fc191c39d522fcd6d4f41b03d59f
:10441000d3ce2812e513130f17031cd91dfa15313b
:10442000b61afb19ffec0e08050ae42bfb46361002
:10443000143c0616cfeb0feae919bdea1a0a212b44
:10444000f3f41724e705fddb1a0e15d8fa16f8df8a
:10445000efb70802e6da1610d1fa2607e02c25f1ac
:10446000e1cde604f22d0b151215f3f4d8f403fa9e
:104470007f3121fcfaf7ee20e5d90de72323271140
:10448000e21110f000f9fc0be91bfc0c1301dbd16d
:10449000da00f102edf0f5fac9f823f716000cfb8b
:1044a0000a2c05c821e8fcdf01eff1eb26bedaf6a5
:1044b00009f01a1920f8fa070af41b04e90f0f1c77
:1044c000f50d0e1b0be829100c03f5d301f4260e95
:1044d000f2cc0c00cdfffefac8daebd8140ef3fbd9
:1044e000c5f609f8effc0cfbfee01605f402f3f547
:1044f0000ef2e8fdfefdf810020725e71315eb0ca0
:1045000007e4f0fbfceb0c1bece3fd04f121f8f3fa
:104510001707f3ed1e1b14ec01fcfb02f9f40af57e
:10452000ffe2fcfa0f00f4fcd509def50807fce019
:1045300034caedc7e53654f32f0501eed5f8d4dfc4
:10454000b51cd5f8f003c71ee0fc3703f71bcaed16
:104550003900fd1dd7d4c70cff4714bd32a2c7ddfb
:10456000e5e7d8ebd00fb5f1b220fc04d4d3c23dbf
:104570000cf7a9f1ebed0ef10529fff1e50cd0fcec
:10458000b3ddee21f9f9973c3d00dc177f0300fa1b
:104590006b3af394e740c5efff14cd3af0f0eaaf81
:1045a0004bf0f412356a3f1ba2fd15fdfac9ebd89a
:1045b0000c14a71039d7ae46ea0bda2a2418fa569b
:1045c000dceadb3ce1dcc34d02d2563402eafa26d7
:1045d000f4bdcd2dea9e0031ffe2df7eba0cf10c76
:1045e00015d9e19cf4dcc122171dce0fb2eeb30247
:1045f000bbe208fa0dfa01590007110e2404010765
:10460000c3fa10e600ed26df8106e4d8eb08f307d5
:104610000b00e5f3c0e9cdf82ee0f7151cce253ae6
:104620000ffad1fa0d2ffd154ff00c0bfb29ec05fd
:10463000e94cf2d7c4fa3503ebeeb000db0de1260e
:104640000930de14ed432211231e1bb9edc0c4f462
:104650000500e4e6def12dfce6ec09f6e042c2dd01
:10466000e51ddcf101dcda0c13d2ee01ffd90d03fc
:10467000060a0bd2d82dffd6d7100d13e1172cf355
:10468000eb08ea35dc1b1ffa13251d2efc0919f473
:1046900004132d010512b5fc1a16422ef2832bf4d9
:1046a000ee03ec09d115f9eae12ac7fa19cadaefe3
:1046b00003163048d8eb97d7d2e4dad61fda10fccd
:1046c000cdde15e90bc4021b29ffc213e8fae7cac5
:1046d0001b006cedfae4c721ebe51faa29060401d3
:1046e00004eda61e120102cad1e1f6302bd4f2de8f
:1046f000fa83ca212bdc38eb2d1704d59ce422fb6e
:10470000c9c52af60ad72ddd281c20c20b3c040b94
:10471000252f07fef511b5fe4407d30e32014b09d4
:1047200046fbeffeee0e02d511ab2e042a4dd50a44
:10473000fe11e1141badf91bf0e9eceb2b0bfe169f
:10474000e6eaece7050ebfdbb92243f20201a7005f
:10475000df05b60f7f21580dfa12d2410ee6060c86
:10476000200c2eb21423fbf003e202dfc909d6d0dd
:10477000dfe336c2cf2e153016ffe60b81eb20218a
:104780000b47bce3e2e8fbca09de6bee0bdf121855
:10479000f70020e6d7c702d007be9ae5fc2b280811
:1047a0003b5d01259a3c01e6e4c40448e505f3c2fb
:1047b000dee92f22eae40f1301492a1213fcec0c64
:1047c000fae0cf0bd3249f07131da4175cf836f62d
:1047d000d71f0a1a04f2111a37a0282fac1c011592
:1047e000b311a9f90adad341f638b5beec08f816c8
:1047f0000bed1cf8f0d62acf20f701e2020ec9b368
:1048000016e2a82119e6f5142108af03ebe5152df2
:1048100000e225b3c9ec1cb2f32a1e29ea1e52c3da
:104820002c09e0ffd5e91c4412cbf8efec182d124f
:104830001fc6f1983fcffcb2fbe4eafef921ee106f
:104840000d08e627231b30c3bb441a8ec1edcce113
:104850005500cd081b450a2018201c261318f11df1
:10486000003903972903e13f151dbe790d4fe61b63
:10487000324e65d832df285425b3d3050710b53042
:10488000f1f4002f280506f300f00721b2ad0adf8e
:1048900021f415e8d6e12efb35e046ef251b5b162b
:1048a00096d0064b13fe272bec21eedce0422718b6
:1048b00067c67f9cf9030a94fedb081813f906e724
:1048c000f91d1118cc40eac944b2cc03e6e339f033
:1048d000b1e20bd20a3dee1bb6f9ecca40b50abbf9
:1048e000e5fad202ded2ebc3c2ebe300f54cde15f3
:1048f000522fd4c32510c9d140e308d67fd34a4de7
:10490000bde8bbfa02f301be7837cae6c78ae5f70d
:104910004e00569f50d919301bc617cfccaa031d85
:1049200009f2250d5d3cf2c120d70734e010f32dcc
:104930001190c01dc7fcf62fcdf830fc2ec74cda05
:10494000068a17e4d4dbc53bddc6d0c6010be4b54f
:10495000bcee24f0fb0bff2719dc2b3016e6e9d464
:104960004b5036da0cd425cf3bd9ee302df828eb5e
:10497000a3ff2deff7c60d2016f51b2020cb13b596
:10498000dd41d8f3b263232a08f730d1b1543c3f5c
:104990001034d956c7f3dbfe2e0bea094ef9ea4f65
:1049a00036071710eafbe31536050fdd33f21ce17d
:1049b000f0070d16c425e3e5ff114c0da62613f0f4
:1049c00003f82121f8fb24f60c1ed7d930f6021685
:1049d0002b0025b716fb0f050b1f1be30c262542ea
:1049e0003101e519381b7fd1f92630cfede31c29c1
:1049f000c9d8ee33fbe813dad2f104d5a21c3cd9b6
:104a0000d616ed16fd11f82dfb1709bcd5dfe836db
:104a1000362f1ddcfdec03e34d2a05fa38352196cf
:104a20004eee0bdca2380fda0df430e7e00f3e0556
:104a3000e3170df503360c0314db251def18020deb
:104a40000210fdf20cd503e4f6e553ff1a16033eff
:104a50001e0f50edf9e60a260717bd372d22091261
:104a60000600fcc3201aebfbdc09ff181bfe222a00
:104a7000c206e3f7c6fc33091f155b0101b3e80c5e
:104a8000e708dfcef3f0262a541312fdd34df403ca
:104a900027001108db11fcebb61f16e0f71739d31e
:104aa000d7eadde6f2c506b9e2d0b4f9fe39c706a9
:104ab000fbfce5e30e054d087fdeb70f30103851e3
:104ac000e40dd8fa47073fbadafd1f37e4062b1f7b
:104ad00022361dc2ea3defe70902c8f4bb28f6ea18
:104ae0001b0ef0fef4c302ffed04b3fdbee3d029bc
:104af0002f0119f53febde0ac94f200be50de0d47d
:104b0000c2f400089ce2e131173a0329d8e32655a4
:104b1000dde84de5e205ce2190dcfff904b9fbebc1
:104b2000d1d1d2031f102a3c0448b7ec0e1bcefd96
:104b300032ebd0031d16d532021d2025e014eecc39
:104b4000161f2ad2cbc83ee63328bed30928140547
:104b5000e9000ff6e2d9f412fbf2f4fe32e9ec259b
:104b6000e60648cfae18e8ddf9cf03e120f3e159be
:104b7000e9ecf5f91ef10d0beff303091410e3ef67
:104b80001fe825d61cfaed1f10981e117f25c40ab8
:104b900008e30d1ec1f723053817b6f41a00d02418
:104ba0001ac550162debecee1dde24a91bfbf25ea0
:104bb000efcdd333d11635150834fddf0c0a2feabb
:104bc000231cf01d35e52e3437eddc03f3e4132709
:104bd000ecff1bcb1d1411170407e9351bd519caaf
:104be000fffc2119c320dfd9f4f04600075042ff33
:104bf000ecc5e1ccfa65e8c71303f8e0a15119f957
:104c00000d07f5811edcf610f7fd3206f6e3fc37e2
:104c1000e500f7f4022b091c11a3d1f027e1e522ee
:104c20001a5d0e12f4c2d62ce8f6f20616d04246f1
:104c3000d72a460e3821e5f93c1509183021eb1525
:104c4000b2e80fefb8f2f1f5cdece1260fd7d9edd0
:104c5000e421543bf901cceb22f910f80e054ce1ac
:104c600028f21be302e0061fa53106dcd4e901edc2
:104c7000db31c2de02e7e51129dc102cfd10fb2838
:104c800029d4c7462216433eeebfc500401024dba0
:104c90000a10b1fb1e17010e0317eafed8de20f53d
:104ca0000607f0aa32fddcd2e90e09210dc259f740
:104cb00081a4e1315ce0dabceb9a442cde1dd0c16a
:104cc000fc04091110721acb09f4e4d0c025ee01de
:104cd000f200dcc3fad2fb4a188d053af8f9e7c7af
:104ce000fad612fb313bffce22dbc7f8d51dd51615
:104cf000b51cc8f71534333c31f301090ddf32ea36
:104d0000e8d9fec327debc0406e50b6cd55835c4d4
:104d100018129bfdd9fbed11e2073edd1b2e64f15d
:104d2000f3d210c4d8dedf0c52150a03e40c2d1a9e
:104d3000c12316f33a34ead3d2ef1d4cd1d30d2a56
:104d4000bc0404c8c14af5e1113f22ddf044faf089
:104d5000e92d0c0e02ea32ce131b19ff4d09b71fc5
:104d6000a80224e38fe014f6facb320d0330f3f3fc
:104d7000a43aa2e926ec571533262f1a30ccff7738
:104d8000eec812d5fafbf0d325200e56d31757ffe5
:104d90003a00169cd0c8054bd87a22fc17f30918a4
:104da00057e3ee20a90ee524fc014dfaf54913283e
:104db0002db13a03f9bff9ede4f7d8c4ee0b3adab6
:104dc000f64b0cf6a856ea361f0133f34ef5cd46e6
:104dd000431b250cead10fe6fd001c5a9ef7a60bdb
:104de000e37fe428381800dbf947fbfe05f9f8d427
:104df000043227dff2030cf2b5a9dcdf0590e70be4
:104e0000e5f5f486d333bd00f3272ab0c8dee66aa1
:104e10003aec1613b4e6ff3341b9210fe7f43155ec
:104e20004ad62313fa15f904c4ff1e15d5efe1f392
:104e30000155fbd3f8afe7b20d2efa12a802bf9dc1
:104e4000b92d05e2eefcc896d3bfeaed0a01672151
:104e5000c6002682edd50c9630bbefcbf8083adfc2
:104e6000072e2f0ce1b1fd4abf18b209dd0015c1b4
:104e7000b710fe03f31e18fa94fba3e2e31af9c37a
:104e800030100f9913c424b642fb15a30edfd8646b
:104e9000fa33ccae32e72bddef4dfb7fe416112267
:104ea0006ec6c0ed461baf0cc7ddf3d7cad4f620e3
:104eb000c42e60f210b221d8290afefb1bf4cf0cdd
:104ec0001a5cf614140a1c0207e4770284060744ed
:104ed0002dead150e0b1f63d34a730dd34ebcb44c0
:104ee0004b03f852bb21e814e0b9e9e1fbd6030615
:104ef00003400b17f3d7f326edebf2efe1252d344a
:104f0000f6210111bbc709e72fd7034bcb1ccdd826
:104f10002500e7edd6e2cae5392821fb314316bd6d
:104f2000ab00d0cbf91fe8ab2d06d513e206d9b6fe
:104f300015f5fdd9f328e8f9cae5090503300df8a0
:104f400009d6e8f40acc250a2804300cbeeb421d31
:104f5000f7f4ede0e4fabe1c44ddf508dd2ed623bf
:104f6000db1f813610c50bc2f52bca3b200aed04ae
:104f700011e6ede3d918e5d5f9c5def10807de2025
:104f8000563ad6000bb126bb98ae0e37f9e8e84486
:104f9000a1022fedf63ac4f831d11b34da3bcdd55e
:104fa00007c0d1f9fc23eae103121312e51530eb37
:104fb000f5eb271b0b6af8ffccf6dddb33e90f437b
:104fc00009baedf0d2f4c3d3bff71c07f111e2fe2a
:104fd000de00f405d424d9d7e8c2215e1414462f8c
:104fe0002b16f5391729293d220e36f101eb3c2805
:104ff000e809d92941decdbeb02e104a0514d68d60
:1050000035efefe846e0f0160cf4e303422106dd4d
:10501000b20b4077e5f01616ea461b05280708c3d1
:10502000e3eb160b096419500500fee1ed132b4468
:10503000effb494dfc0a1410f22bfcc1e0f144fadd
:10504000c5fd326236fe36471c51dd150e500aeca6
:10505000e7df1df11ef5dce1c019de021531fd812f
:10506000c6300e111c0cfbef27e7d510e12b1b0bf4
:105070003e501ae9cc8bfd04cd251ab653d0e14b36
:10508000adda5bd03123cf0caf0c4253e67c0b2260
:10509000cd00b818e06b04e84d9a0f0ebca906ebe2
:1050a00046f8e99a05e4f8da0017fe1ada21de6913
:1050b000dfe35c0f2e0c272d4111d8f1cfc0e94c56
:1050c0004539a6fe090df0225dc21705d4b835c6d4
:1050d0001a11c00adf01b3ff3dd9cf09af55e9026c
:1050e0000ae41571feefc625ec1f5f15d132e2e52b
:1050f000a7ee14f2f1e2036b2abec033270604eeda
:1051000086d24e0eed64b954dcaf0ed77fcf03c20a
:1051100036ac0be11f5ffaef23f6bede05355ffc10
:105120001d9ff46bdf02fd02a1e1fee099e6889885
:10513000213309fb14e9bee004f7fb00db0ddb10b3
:1051400010fa0e1be9d442ecc3db0dbcb6dcf40c48
:105150003d007f06dffe11f8d8c7faf2dbffc7ff7c
:105160003f14fe36f56adf0d0b11f81cf02003f535
:10517000c753b7decfdc35c8f709332616fbee027e
:105180008decec21d9f61ad8aa28141527eaebf8e9
:105190003020282bbddbe5ea45ed3afd4ddc25eb63
:1051a000100af2e2ccd7e23315391de9edd8290017
:1051b000ecec04c512c038b9ecf9094ffc4302cc41
:1051c000be5615d12234ff0b300c1226e014d64ff8
:1051d0000cdc613737164ee9e72d337201074d06b7
:1051e000cfd411aadff051feddacd8cddc45bcf246
:1051f000f5061b21e9d3ffd6facdf901dcd60b0f5a
:105200000dd7f90604da27412dc4020ae5d81ffaa2
:10521000bf00c619ea061ae1c6d7f320165131f1cc
:10522000f818f5dcf62313ebf9cb261405e1ece6d0
:105230000f1d23e91b1dfdeff215e101342bdafdf3
:10524000efb9d6c6080be3c92f0dd6ead20824e180
:10525000ddee13d5f10ccf2b18ddadf92081eb1964
:10526000d8e6dcdb14e82a01f5f0e02ecaffa6f050
:10527000fddc3b2505f4cee8db03de2902140afd44
:10528000202ecc2718c01d3bea28f0021d0e0b2350
:1052900009da1c08cec9bbe40834f0f1fd24bd28ae
:1052a000e4e9c4f7ff102311bef92202c5c9f0e4f6
:1052b000c4104cdd09dc1bd5cd12f6f1e8d9d3e0e2
:1052c000ecdeebf3e8002c0426ee033b1ef846412f
:1052d00004005a0767b4dbf30f9c2ac6ea11e5ef16
:1052e000061832c01438edeedb3525de16bf0cf99a
:1052f00017ecd736ff113ca4dafefee7f5b8320909
:105300003d0fbdd9cdf91bad49fafd0f40e4dedb01
:10531000cce718e734ee251318e055214516fd4675
:1053200036c8db18f94bebea087ec807041334c80b
:10533000bcf1eb0deed41bc62eeed1310a2cf6f0eb
:1053400001da0711040bfdf8bc0825963507f8367d
:10535000e0d0e901d7f1eec800db1212ce7414cc14
:10536000eb0eee37ede5f1c6ebf1051fe18128020a
:020000040000fa
:020000040c01ed
:1053700002ea1d36a82be8cb0c4e4a110bf70803a6
:10538000290d343e178e6f46b55835e0d24c0afad7
:105390007fd7bdd311f6decd0345f743d1dde2e380
:1053a000354738b60ebeab9befe8ec22b1f034a621
:1053b000030825ac1542dc092049031a584433c4bc
:1053c0001ae8ca8112d9b7c0faca18f9fd0745d13f
:1053d000124f40167081b2c808677dd8112ca2d236
:1053e000523fc656ef4b23de14bd14344aea6bd548
:1053f0003463cc0eccec29d0c6f7d40a533a0e4f06
:10540000aa2b4122712218fe60f232472f3c9effe8
:1054100032036410d1060d4cfaf4664b182628dcd2
:105420000b127fbd0e1a4d2ad2fd308977c9fc2b95
:105430001af4f4be90c2de32d709fc14e60be13058
:10544000f6067f3735f5bebfafe0d127fdce1e0f84
:105450004902f1fec74103f5eabecf15cbfc0cad06
:10546000c9d54d9e167f0517db903710bf2605e482
:10547000e9eb1625fb38b250cfc91c2df3d302f14e
:10548000ec35fde696a6e75aeb02f1e73220eef89e
:105490007fc71aad1fec17c8c5e414e1f6e6110288
:1054a0000e1ec91c1c24155a1a07ec1bc5e6f60d66
:1054b000ce273ad10c19f01d18cc1425e1fbff2b97
:1054c000cdf7d72602db15baae112916d081e53506
:1054d000f80903e63514174e3404f7b4eb3d2840c1
:1054e000bc1f12e82700e8b95637ddbf4414e9e2d3
:1054f000f4e548a3230935b422259840afffe80816
:105500003bfcde10c9320c19f23d6fa999467f337e
:10551000c5bf06b660b423e41111205f481a4718ce
:10552000dd7f254b23080e3abcd3688335d3600951
:1055300007f78cf4e419ab36abf8fced163ff9e74e
:1055400040d8bede361334b7f2c4040561dd254f02
:1055500010e4f9a8eab681300df50516324addee01
:10556000fee012d31309140025d42314e11918d234
:105570002020030a031a2937d40c1c0515d3361a28
:105580007117290b49c5171fd37ffb1650eae8b7df
:10559000feda0ee78564edb8c2465e0bf81cf7eb49
:1055a000d531fa1e20b6081603d01c10290a0e8128
:1055b000acfad2dc12f8e113ddee150c091d7fd632
:1055c000602de10dc0f1e740f408bd3929d32d0766
:1055d0008feeaed055f4d4ac030c0be2092fdb3fb9
:1055e000dd2133cdf3a0047f14ed00deb83e24713d
:1055f000d9f61bdce24224c8f4abd529e1c9eedec2
:10560000baeffacf030a2c25ea3159d028ac3bfb7c
:10561000f9ab45cdef6b4ac07fdd0dacdfa3290fa1
:10562000f8e138e1175cec22390459dc6bc335ea48
:10563000022465af8944bfd55112fda4fbfe25218c
:1056400018f4bb45e0ef4e94f331ee0af10950e750
:105650002ef5e381e50dcbf810213ce510e3534234
:10566000e8eaf716532709fee8fcef0106f2f41bff
:10567000a0f106e9160c9d06ae47d739130c6fb69c
:1056800028762405d723dab65bd9c50a33d57f102f
:10569000c82b0ba830fb1cb8112143ccdd22cef661
:1056a0003318260afd38209afdf614b7e2ee3426a8
:1056b0004e7530c010d8362fca9a2e5a2918241782
:1056c0000b08c1e8eb001729c635fcfec52f81e9a0
:1056d000299bda3533ed21060ce3fe4f26001c47eb
:1056e00049c802f31c4acded034eacddec30162c5c
:1056f000191a7fe2c8fbd6b41703451eecfc34c967
:10570000cb087616d485d993210bfdfc021b3cd81f
:10571000f43069eca0103f3fd609e4e311e3001533
:105720002356f4814b25001cd5c803bd4f0fd9cd9e
:10573000b9c47f09c4dae31e48c4c21157421f39f5
:10574000ed1b39e71b0d1b1703ed2738eb4e150f2b
:10575000d0ed181910db961524cbf1a9e5feff0951
:10576000f4f0b20a27cdfcaefe1fec3a120c0d4b42
:105770003b1f0120fb06edd5e8ddbf082edee42f40
:10578000e2b9a3cb1ae3ffd360faf6eb5db0815226
:10579000e9de34102ecf2a17a405c7b76207fbcb6a
:1057a00021f778fd080a17b5347705f97fe2a15a89
:1057b0002e1f0cf3a80ee413d7e7ee06011de23fff
:1057c0007ff2103ccce7f34210e5f03ad2f1e3c7a8
:1057d000030c2a0d13f3f31c14d5e5160a5327f214
:1057e0001258f1bf26fa27fbd5071b043a23f43ed3
:1057f0001cb5f3357f0f0022c814e59004d326278b
:1058000027fc423afdf903e62741f5e73702d13894
:1058100002103903dbff11eb0728f12a1729f26484
:10582000090108fa7aee0215fe53ce24ba290ff7c1
:105830004b52fde93ae60ec8615cedda56816c2800
:105840002a15b2e91401ef93effabfe4ea06ed3945
:10585000fa0120dcf415d10cfbeb15e43447f60516
:10586000f00be1f51314f420fbd5c5d981e834ee33
:105870000f1022ef30f9e9f0d4e5f0ddfcef2af566
:10588000e3b425bbb526e24f641641baf0e2c7f592
:10589000ab28122df203f5329e811dada40b09ce6b
:1058a000f8f2e9cc10d51a3eee0707b8062e861b93
:1058b000ce4d024a2b272481f6e5ff41cfdfefe3ef
:1058c00069fed9fd0e1e51c39c4ddfc0deb0c43849
:1058d00062d5ff5aece8cbc670df325f6a7b1ee50b
:1058e000e111cffbd981f7dad4f3d735292d2f1564
:1058f00016e627be07bc0ae7293da400681aeb3468
:10590000d34ffdfbf510190ce9b8ebf51be1171aa5
:10591000252e1ffbffeb07e605e5e8d61bf127d791
:1059200021252dd6370938ec040324fe6ee2aee2c1
:10593000e05507ddb903fb2343141da3ed811d3c96
:1059400027d1250a0bd539e9ccea2f38f5e913e63a
:10595000c344e4681b325d0f09d5c32014e9201d40
:10596000ec077f2a1414c52ecbcbd41bf90e19fbe0
:10597000f8f84c330d2cf1d0cb277f2566d4a0301e
:10598000fe164fab1e3dd5c5022097b6f7f816f6aa
:10599000c611cd9d02208d23b5c5e7ed7be7a9108b
:1059a000f9ce1ae26d1ee6d644cfc3dd4aaf03e25c
:1059b0001250b6e40e04fd130ccbfd81ec30f9302f
:1059c000f8cce9c508ce2a450554ee27134871aa3c
:1059d000d2e1cef1d549e2522aea44d6f613dffaf3
:1059e00006ece77f0510f723259f0a04d014e0e5b5
:1059f000e1ed4358aa0fe7fbeb24fce0f91513494e
:105a00003f6b7fdef7f6e2d0cdc1e9642afd363682
:105a10001dc645a13c2431d0571a0cf3345c1bcf72
:105a2000010fededa2e32ef0ddcfd0f84acc0b1a3a
:105a3000cb6ff05b145c6310dffc28ede4df5d03eb
:105a40002a12e2dc21fd7ff6df763100fab5f4dbc5
:105a50002be40d43d8efce1138e6106a2df11be789
:105a6000f5733410ac200d7cb3fe7fecbd2f4bf9e9
:105a7000fd2b0b4cfc3b20ebd335fe210216c8b2ac
:105a8000ece233f21dee25f6b40ee9013adb02ea50
:105a900051f0422b083033f397531d5feb18d307b7
:105aa000422dff3b33c14fbe0ae7b193e0a22b4d1d
:105ab00020f9e8fefb0faf39f281eb28c40149f46d
:105ac000aa06ff2aaccfe6f102e1dfd0220121ebea
:105ad0000bef525903ee65db23f63407d34781ec15
:105ae000c3db730c1049b61a5df230b00efa226aad
:105af0007fecf7142022ebc73e0125e3e00cd7042e
:105b0000e83b03b84fc20f161531dbf469d9f8f141
:105b1000e922ec19010cafaff4b24cdff023dab29a
:105b2000249dda3ce0431dbd9ded1802dcfd405193
:105b3000f84d4c2e16fdc90704a10655141d2bf176
:105b40000814f71afae220623baf0ec3402e7f2ff3
:105b50002dde0da4264d48afe53faf2efe9efc1472
:105b6000d3b7391414331804e0b90f5a08bf4f08db
:105b7000f9de3ad740c5f309200b28077d7f2103c2
:105b800001ef380cf129002bb8d228ebf2ccf6e16a
:105b90000bc9810ced071eebf51f10fcd8bf2dcaf9
:105ba000e9faf1f5f847f9160514431521f6fdb5a4
:105bb0001ff60410f91a26121ed829e8d20022f680
:105bc0004bcbc7382060ed95ade4ab1d3c3f81db8e
:105bd000cc444384493532feebe4e94118d4f5d690
:105be000550ba736df0fd936eae707b447127bbf5c
:105bf000f9d15fbad13dfd0906e8443545c43ae024
:105c00001529b8913dfc0c232281781134174142ab
:105c10000bc0f9b3eca281d14e41b5275f3e0ee037
:105c2000e11701b149191562bfc4e1a4c5261de6fb
:105c30000e16d817eb3710d619452f30154401fc36
:105c40004f0068690321d3e3fb497573f9fcf647fc
:105c500033f7bef4cf78ecdeee0723d62d13eaca75
:105c6000d5f34c33f8f77f101068b15728d7e456b6
:105c7000fb59102d78ef2bc92a24fad81b20eb08ea
:105c8000031d7f38f84ce426ae20f3fc4220752635
:105c90001f30090f007ab1722442f0313001e7b5ac
:105ca000e9f6edf102812ec8ed0010162df71fff69
:105cb00023c13bf00e9d12f3484ba6292c2f9710c1
:105cc000ef14e8fcb1fa443e3804f8ef1c5612fe1b
:105cd0004218eef2073fa9d3d4dc10b5b6edd2de00
:105ce000e36565f6cdfc1cdfd1f925003a81d9ecde
:105cf000d5d621b51cf23cdf8313d60ee2faec07b1
:105d00001dc7a3ec06b7d5ed31f83e22e9df0e2c16
:105d1000fc0e1957ee255117e02441dc27ee30f038
:105d2000a31d0314b7322003a34c1f1337fc1281a9
:105d3000eb9cfe02d1700f3bc01426c3ed3ce7e1a3
:105d400081aef227cb72ae0e4d2c3026101bb20d59
:105d50001af3415042fb4467bc18b2c3e834cc9eee
:105d600003d0de0bcdcbcbf124ff02090c81f51f54
:105d7000cfd83838f9081bfaf4fd330906f2f7d307
:105d8000c20521f51a2415ededfbfbebeaf5100c2d
:105d90001e7f0b3bb2f91d07e8f6e7f312f2f3e4be
:105da000e3da3e19d412e5ff66e1f8e2ffd70b0d06
:105db00018dce9e603d3d9e4161cebda33dbeb0895
:105dc000dd510306d260f776f41d24eef14504e8b8
:105dd000351ffa291f29ea1d1207102581f0f21636
:105de000ef05f62ddcda0c32ec1412f4222dfce572
:105df0004ee504019f0ef8f0dbfd2912f92a310867
:105e0000224319c0ed5deb7fcad7010a4fc2fcfaed
:105e1000e6f9f12d331def220412efef5d2ac737ab
:105e2000ed106ee73db48765fef24cdd52ce00cd3d
:105e3000ba3aae0eddf1cf7f9b5b27033c320fbf3a
:105e400021acebbeb1b8fb2eb90bc55ac3c107d10b
:105e500020e500f8eae7bc27f424f52008f913133d
:105e6000f261e7f281f1f40e131fd3f61b2611c184
:105e700006fa0eee1a28e7ec151308f31eb4f1012a
:105e8000f34e140081f9e30ae841f326f111f8f921
:105e9000f0e595191441e91239b70b1bce58faeb0e
:105ea00012efdc03faf0f51ef520fddfd70e21b965
:105eb000d618163ce321a524090b077f10f81b49cf
:105ec000ce37e8ed1128ed1aeb2108eefcf6fe17af
:105ed0000bf3e12af0140e42f5f22c28e90f4115dc
:105ee0006d2d1bd64a6fc581d5df1beeb3625ad923
:105ef00037af3124f023ec123f3fab14386a34172c
:105f0000bac1fb0211b1d45fb34244a205ec6f0fda
:105f10002631f5c6989febf7d80ed92c4281561042
:105f2000470a1634dc5ee9c71020f7227f3ce50bf8
:105f3000d32adbfcd11405ec8fded011e1253833f8
:105f400055c117757afedb1be20cb62304031ff460
:105f5000af122605ebe5ec1da70c5afa242809d848
:105f6000deec3d8194ed0be948ff9ad33babfd0d90
:105f7000cd51f03902e11dd8931252f02ca247d036
:105f8000c6f5811aff4b3b1994f6f4f4093907f270
:105f9000d44828156516c9cf04fd0201efda07338e
:105fa000271df9c4e8ec27f20209aff41737ee1900
:105fb00081031e220efe140838ac1b8e4fed8cd3cd
:105fc000d6dac0d7e64f2ff3d90bfa15300605f60f
:105fd0001698e7481fa86cf8aa1ee9cc7f2f0adda7
:105fe000690cc7262ef6ccd1fcd63644edc2670626
:105ff000d8e74bd96295e319ee28183f01f833b280
:106000004d0da9f47f2713bb1ddee0023ffafa16ff
:10601000292196aef60b01fa99c825bedadf41e4d4
:106020001dc7c7d820de156117ceca4124f1e3c5cc
:10603000b8a9fe362398141a254cf64a099df24158
:10604000d4c41306fed85ecf2af07f2bf81cfce8e0
:10605000db56e425163a078af524620705fd08edac
:10606000a9250e01e145be7f1f35251b2243402f88
:1060700062fe262d05d75114fa271ad24ae3471f8c
:106080000df3a9e806c9d301c51ff515f215f1be38
:106090005af8c81a063ef31555197f15f50a7ee61b
:1060a0003732c7d606fcbf0b40370458563ded18b3
:1060b000bc1023eaf87b29dfdab30d3b0b682ba772
:1060c0000cad4301075af6cc323f7f0523100ce696
:1060d000f3fb2ac94b152af41f12df131ac216d973
:1060e000e1b3c919f1dc60dcf61423e9e8df381804
:1060f000e3f8ee10522bcae6351c2258df1bbb30ea
:1061000004e72cfd06e81827d6b47727fdea230a12
:1061100033ed279f02d6d781f2081505f8f00f0856
:1061200031ea0275dc50d8f412db371a7f0b410fcd
:106130004140e21fe938dac5edf1f7f1e93d3e20d3
:10614000cffe620ff31317c4360c1b3e3920d13e2d
:1061500002dbfadfadce1a1b2339e2eedfd35ec9d4
:10616000ca9d122928cfe5d7082d3921f99e1f1d78
:10617000f12c4df34ce2c2f509670226fdcf0881f0
:1061800016e63400dde215d8ea2b2c32232c0c0e57
:106190002176cf01ed1ae4e24f1a197f381a15164d
:1061a00011fbcb151d16bb2b40bdb0071240f70be2
:1061b000c4dadb5eff1403dff83954f6ded71d15b1
:1061c000f502f1d8720c5b1371df0e9d0d53220c9a
:1061d0003d104faf0eff37111a0f248c25000c8194
:1061e000ade0e4d4f4fb067fb7213607e0e9dc2319
:1061f00018f73d0115c346f42c05f44eea11b2fc24
:10620000f4f2630432230f17fe1260d406df1c3a47
:106210001bd825dded1cd514e70e1d282312810f98
:10622000eefedac6c529f7211230f0c007a90e200c
:10623000e01844f30e06d9f1f10411df024143d80e
:10624000d7f9d09f0939ac6311f910d53af8fee4bb
:10625000fadeeb6461bde3a5f5a2f7ffde1749bee8
:10626000d9816003cf239c28ed0eda32d8d0d13902
:106270001ffe3bf8e405fdfdebdfe1ccef07f6c8c0
:10628000ffdfcbd3298122f317da1621240014244f
:10629000cdf91cf8db3239f241c1d91e5c0fe1e5c2
:1062a00024cb7fc5f5157178cf3f1f334bfb2142bf
:1062b000b903cb0dcef774df01d7418940324402d8
:1062c0000246d71e2bb4c1f5e33f5b57b3df85d53c
:1062d0001bd8bfc8734615f6070a0db6f7d7b6e147
:1062e0005ce5020f42defd1653da1ae1505c351c04
:1062f000a24907030d2209551613f5158111aa2d80
:1063000007fa1a53c6e6e326d022df9cc51781118f
:1063100020c912e5f31a38a7f4e3cef10bf523d91f
:10632000f007214213ceeee0fb09cfe4f61a01dfbd
:1063300000fcc4200c23815a0c5c2ef832652742e5
:10634000e6ea3c25d506377c395e213dfcdd1ac9dd
:1063500020680ebe0a3edd4227a204372c3e10f80c
:10636000c6fac881caf14ff9334116bfefd65ffbb9
:1063700004f67a251b43fda10cf4e724f245b9eba2
:1063800011110b0e9f273b2630d8d12a118c83e99f
:10639000dc06fa06101c095bc90112d1023d4bf064
:1063a000412bb1ef3304152cff1adeb62825fd1959
:1063b0004ccc7fe6e2c91e00e7e9161df9e118bce6
:1063c000cf133ac12022c60907f0f212d8139b0f4f
:1063d00023194a41f581ebf5196617f0093017e5e5
:1063e000cf1408f8c8db611a31c76cd0f6e3ffe8b8
:1063f0002881a45558ebe5dbdeccede500ef36e374
:10640000b9e4e98af6fe3f4b0c221a2d4af30c211f
:1064100042223ff3f7c1ec162f19e2022a1013d3e0
:1064200027ab210d432310208c1ee25ee922faf9ee
:106430000e52e3f8c37f0f0913d3114dff09bd19a5
:1064400029ddfc05fb61842127e5f72b3045fd2084
:10645000fe96e623073b000c0981b9cfb79f69a0e0
:10646000dbf6533a60109ba09441d34a3cfe75374b
:10647000efba78f0a503d4621d53c52bef03326841
:10648000dde7fd814c5e1759014e14601977dd037d
:10649000b5d80a1ad5ea1e2cd6dd21f32714d82246
:1064a0003fce1a0f4298e71e15fad3fff81c02924e
:1064b000fadd19e8eb96124d552bfdd3a628657f22
:1064c00004d700f6de260fea38e2b03506edc4ec5c
:1064d000eedd20bcd1f7db230a16d209f1a8f700c4
:1064e000269346f27f1516c062150619dcb3c1402b
:1064f000180258cefcf38bf568b2e5c24807eb46ac
:10650000ee052006cf00fecff7e8eeffd43a03dd1c
:106510002c2bc6a76f0385fc0418e31a4ff1d25742
:10652000556fc0011a2cfea751d51bfcfbe8285a59
:10653000d9f4f6f760d0f97ff4ad0502780f921d1b
:10654000b8ccc73681f20d0e02e8080ebeb2211398
:106550001405f325ac1805d70a00e90753fce72713
:10656000f4f1dcfaddf8021310152408120902f325
:10657000dbc60401aaecc02a070822160edef6c00c
:10658000fe037f3428f8e038e81218e80350defdf7
:1065900003fe133a04131ce6da27c3031cebfae3e9
:1065a0002db081353805d911ee3e3cf2f8bbf9d556
:1065b000079906f7c5cad07332b805debbdae20f19
:1065c00001902731114cfb3597dd1c1a0e0f00a8e6
:1065d0005921fbdac32fe1040537f052fadafe1233
:1065e0003a031323e815f9d41f0d72ed7f3dcbc399
:1065f00010e365e81a1a14d64a34fbfe23ce40ddb8
:106600001d9ef3f40c8e0f731fca4dce380026d09a
:106610001f452c2ca2fc080fb1a19211105feb2d8d
:106620007f2bd3f9710a53d53d2f6be3406e31e5d3
:10663000caecad9dede55722f835c5f3c4dece3b7f
:10664000112d08170b18fbfdfd157f56fb1f63caa4
:106650000e8b993c7bf5cafad5dafcede015c5a99d
:106660003b25f2fb009c817ddfc9bc0ad41c12f0e3
:106670002b1bc87d10298ad6c6338d4c6155d0ebb3
:10668000a942404df2530b16c808d6bb2adbc702fd
:10669000cc4817e03133e928f3e6fb7410f14ce005
:1066a0000c45f4f2f64b0638f80023ecf914ed161d
:1066b00081402f280001b264e3d858f3eb31244520
:1066c000bfe72d3cd51b2de6d635fb19a4812d3215
:1066d0005f4a650fdda8ad12feee66015026c2e0ee
:1066e00013f8ac4e1f1a14e7ede18558d20d3d08a2
:1066f000ec4b0d16dbb719dfde032203a2482eeeaa
:106700000a6ac04af0c26bca0d8100c1e435e316c3
:10671000fcf603cde9341b24b604e73035b5d5f2d9
:1067200005f002d68107ee06cd30ea0f0f1ccaf73e
:106730000ced7951f91be111f60efc16ec2bd3e3ad
:10674000000bfae9fe2a2f06d7deb703c5150addce
:1067500009dc3005ed543ea8ff090eedf71e1c3094
:106760003c0e2ec943d3dd08dfbf102a0130f209e9
:10677000f23c31f2f7dbe517f850d8087f366b5a58
:10678000ec1acffd81faf6e207fe16fbf2ef0b00e2
:10679000f5e4f9f6162801ee2f0bde150c02dc11dc
:1067a000f411d1fa05e207e1e7f402d0d2e9e707f4
:1067b0009d09cac5ee5be8f1f30416ca01d7d904f6
:1067c0008c13e7cd242700d6f915343ce77ff3afcf
:1067d0003698f7f8c414500a3ae00eeffc04a2d53c
:1067e0001c17c2cecf19e68b275535004e0c4b45f2
:1067f0004623e87f2f56e32adff8e0d12130f6ec7c
:10680000591503b1f2e739f7bdb61fae3e95f3d384
:106810003fd13ba8191a26eef0e7dd15f6f2c8467f
:106820001d12b97f3a2cece6ebdad3b45008190705
:10683000f8f9fdb11e2e20dac43709d7df20062370
:1068400002a003280c0c0e570e16f7b66d0f874cde
:10685000c9f798cdd37f4a24af5714ed92b96feba7
:10686000b9e40d036e158e6eabc5380cf5444c3d86
:10687000d1dbdf570b3b2360d53bb2d9ad35cdcd56
:10688000812d2531261b4b06f9c2511dc2ce17435f
:1068900037fa06f1f333d8e81ee52ddcf0c8d466ec
:1068a000de4923d33a9a17d34723f22eb807ad4fc8
:1068b0000a78e21c098100714a4044584f434f183e
:1068c000c533752d2ade410893ca4be22df51aec2b
:1068d000aa274218b6b0fa60fc0af6012decad45c5
:1068e0005bcf524a35f14b0b2c1508ed7f21ce11b1
:1068f000eaecf7f8281a38cdd9d3cfc3222b13539b
:106900008ef801ee5bcb166fd000130252f599d7cb
:10691000cdf74e2fea542b0fb9dddd2edddc07fb62
:1069200027162b2381fa332bfc382e1dffc3d638b4
:1069300003d30bfa25c922437f150bd1bc3b375833
:10694000dee4f9ecd82a19e02294b5392a00bbc05c
:106950009a150bd0fad6e222ec2d07d32ada1f0bb8
:10696000940fc40221df1478eb16c9e4c713fdc8e5
:10697000d6f1cb316aed731b481d0def29469fe719
:106980000a1d65b3d67533adc65bdc0281f8df2125
:10699000643f2eabfd321b34ef042f3ffefa27d3aa
:1069a00016d3bc7ffeea41feb13f25d3e219d93ea2
:1069b00018a613bb1bbd0b0b3b0e4bbe49ebe100f6
:1069c000ee05eb40e528e2f2b1220ae7180617f5da
:1069d0008158e42735db14d350140d0bb900be21c8
:1069e00033244d8fdbffafe8c2f703f617e0e3f186
:1069f00097bf4a9712e8cd65462debe2c91e0ae221
:106a00002d3a7fd034e1b7f325ecf8520b13c67959
:106a10002ef9f83f9a00120104bed6e812dbdedf41
:106a2000f0130a0b0dc6fac22093fffe5c40e6018c
:106a3000233e2616ec18137f17ea1417ad1635e01f
:106a4000e7e2b72ad91800bfc51ad8d91c12e6093f
:106a5000db2ad2a81ef0ecf5b8ff9fefb7dff7e115
:106a6000e62434f8def611f6112604e56afbc106c9
:106a7000b221b6131717041c81fecb194af560fb2f
:106a8000201d370a0ff6e13ef5e108defee9290296
:106a9000ff8eca2cc1271810e112d7ebc18125e85f
:106aa000c6d5052600fd19fe569e53ebf52de9cc03
:106ab0000119e7ff837fb327bb3feb56d020ac34ef
:106ac000f8e1341f3d412c0b060e3200ea1405b5e7
:106ad000fa4c12051506f9f1e430fa401103e5da33
:106ae00010ff247f260ae1f121ea3605d8fa08f9d9
:106af000f511e1190b1134f602d0efbd02fff928b0
:106b0000cb032609fe0d06141019e1ea2a11141907
:106b1000e741e8cf68e0b34ae766eebf07e3eef788
:106b2000dd36081c43ec690b0f017ffe4ccc0cc713
:106b3000dc3ed1c9fb34115cc638faf10cddb82c4f
:106b40001932e019a3d5b20fae153d47ddd953e98f
:106b50007ff0fa62fef7e99e3ebbf03df2cffaa964
:106b6000ff42db3dd20ef44f8dd5e19faed71ba681
:106b7000f62e04b0c4fce37fe304fe4dbd3c2b4184
:106b8000f2eefc224176cd4250a7f459f85367ed5e
:106b9000450cf607b442fcbefc2deef30bc01020f2
:106ba000edb021d6ba12efb65d3ff10df3ebf8f37d
:106bb000acc3f4e228f7fccacff7785e1bf80e7f6f
:106bc000f4f44417114dd24d23d8ef1fc3d1cdc0db
:106bd000e95502b2d633cc00de4145c2011c01a703
:106be000bab226f8b0c812fe3a06ce6b8139d3d7b6
:106bf000141d6f612f13def54d112726f447eab2fd
:106c00006519ffbf2a81153de209d519ed1be7d3b0
:106c1000b93a4807e7191aee07fc3adb4b0412e3ce
:106c20000a18cad2d8dcc8e2b1dc11fc2ac9fd6a54
:106c300008fd1dead204d6efdb2b112802d6818a8b
:106c40000dfd574a46e2d037036027ff25390a2455
:106c50005310e248c6430de81406cf042337dbeb9c
:106c6000f2de0d33f243fea7d407fee830123602ff
:106c7000d40b2e0ad0e546dc3ebc3ceef0fa2e09e1
:106c80000f9ef7adeec2eddd81d7002c2525e0f19a
:106c90003d0bca93e5431b642a5e423ae019041592
:106ca00015ee18ee4b563cf1ea3ec31df7e7a0daad
:106cb00096f2260de702cf4a9aee67cbcc7ffc20f6
:106cc000d10fd4e912d3cede15340be223cc0c2c39
:106cd0000302021b0cbc54a1ace019ff235e43e786
:106ce000b5adc930ca35edfd08097fda37f9216045
:106cf000140e1ad20146e554ab18161e42513daa95
:106d0000bcd7e8fb123b25e4eafce6027fdbf8f1a6
:106d1000a2c3f327281a3ea86345250bbb9b1ce59d
:106d20000226f8ebb8ebdb221af17fcdb71ed8199b
:106d30000efdeb4b33c926393244c0066d05eedd3e
:106d4000e3a92a0eec220a24bd562ab0b7f2f33684
:106d5000fb08e6c028cdf64717ff7beb2fd011be0e
:106d60003c390a39c31ffc0f07d8c9ad463262c18e
:106d7000fa0b81c5c7aeaccd105dd6cb2223dc614a
:106d8000b73c06573e092264cde81df61bde7001b4
:106d9000e14a9cd841143b23b6101af6dec7e3043f
:106da0007feaf9cc38eadecdc328f30130de52e3c6
:106db0002dfaa73de14a997ffb2e0aac2a0fcb00a2
:106dc0000beb25f4e46f1219ac37e6c41fb3418214
:106dd000a743e00644c11806df9b8be8ec3232057e
:106de0000034f5e881e5a339dc1f1311133801cb1a
:106df000befee21012141305decf1e29ca2affbf01
:106e0000f9efe2c022e22311da15cfdffc06f72703
:106e100061c81ccaedc2db3b461231d7dbe70edb93
:106e20001e440e25f5d21429eced13d82f536a0613
:106e300039fcdda27ff41a03d1fa02c701cb053d6c
:106e400012ec22db7f6911130e22e8e7db25fb0b36
:106e50002b3655fedee417d005f1b7bab038f6dfb1
:106e60003accfb24a30efec3e524caf67ddabd3975
:106e700017dacc01fc560944093810d5a3271addce
:106e800086db6310150fdafe46ea1f25eb13c429d3
:106e9000b1812f3feb26ed610d342b0b02dbefd8d8
:106ea000e481eae4bd4de775f0f71ef9ed0513f155
:106eb000c7b9076d7847e2fb46e1591a116636e417
:106ec000d0ac093bb4bbf2bd093e0607fb40146ed3
:106ed0006af90fe564ea9781ef0add08d2b819066e
:106ee0008418d428e9cfe1247cb3df21bc8fefc91b
:106ef000042a3fbe17c4d1e071dcbb07f002cc0a04
:106f0000dfcabb1ff9ff4903bae242c40d05ff22e5
:106f1000cb1d7f07eaf6eaeeefc8f5f519112c2034
:106f20004e2ff9adbee8f4b1bbfaf4e142e3e4134d
:106f30001adb15f89922f4c068f55cb9180323e14f
:106f4000236514843e223d007f4a88343bf918ddd6
:106f5000dfadc141410d38db4df8edf31c054d3c73
:106f6000dfe60322fec5fa35faef81e2c2dedfee8c
:106f700020f16d22312816df4ce590395466ce4160
:106f800024132a291d1c0dfd096925d7de48153754
:106f900029c443ee190c173aec03cecaca0262beea
:106fa0002b0481e40fcacf08020533c219d3e5f3dd
:106fb000100c1c23e92419dae9ed050d42fb0e9ba8
:106fc000fcde20f8e781f30ad814efc318f0f20cc6
:106fd000110a1a181dea061019df180b0cebcf184e
:106fe0001208183f0209091bd40205cde106e46d21
:106ff0001def1a29080ee83e112ecac53c4d010aa4
:10700000dd22d1f6e8e70f031159bfa1f5ecf90d28
:1070100028de8ac9f8f83f19340d412e8117f4d9ba
:107020001318fb340ecaf57ff60e3e181313e9ea67
:1070300027302bf6050cf228181dfbb6001221d6be
:107040000b26b83505b0dbd8d812c3f81dec1ef7f7
:10705000d8d8df06160bec2bb603c581b307d3f4e3
:10706000f40f2c061fd2df0f31d70b3d19aeaf2f17
:107070003e1440a39f33031ef2fd1be9cde9ad4d45
:107080002c1bf9e5b6c1ea5fe8daf8630cf0e1bb66
:107090002fa8da30dbcbf711e301377fd3f74515a3
:1070a0001ae01728dec314f82c0d07fbfd3f10353e
:1070b00023c9c0d5ffe6eedf3a20f1121bdfdb2744
:1070c000ceb73271c3e45f81021210e12030e2f5e5
:1070d0000812a5d1e91c212454142cdc1c6a0812c6
:1070e00087f422f537e97f42d12c50e8b4393fd7f5
:1070f000fbce90f9fe1511a6b211c4382f5dd1a6b2
:10710000efed1bd20be00904f3c34814f03741cf75
:10711000443dcc7f1db9558e3f9bc916e3ce1a570f
:107120002f33252600fae5b01bdbb8b845c9466ffa
:1071300027f8b1d2d5f55ed9324fac1ad204d64e6b
:10714000c499d9d0ff2e137ff1f20bec391e150430
:10715000efe742c4342e6c2e2be16337030a89cc4f
:107160000c0e5cf7395ec3f058d9ee375ee8084282
:107170002b5f5a8cc1e704d1f2b1c81b4752260bd2
:10718000bce9d122e5fa2e43e3ffdf3a7f1d461d1d
:10719000574b30ebda0f39d94a360fbb3b1bc626ab
:1071a00062f0dadcb43b3fdec3e80a17c8ea07e363
:1071b000447fc51ddedee603cc39020b2e3d1d06e5
:1071c000cb0bf31825f10cc66befe296fccb3ace55
:1071d000f51bc02518c014e3521df401e8fd236e11
:1071e000d5364503e1c303027fe0f7174ce3eda872
:1071f0005d192003fb5deda635ceec0211ef002cee
:107200000ce9f729d9da59f41eec361a38dee0f623
:1072100037ee09d8ff1118130147d3bc2f202821be
:107220009d38d8e8e9dbba13e6dedbf51b81dadd51
:107230001dfe6b4f1520ee16cc013e18bf25d9e779
:10724000e158d623fae1d792e7d9cfea0d33de2809
:10725000e2fdf0e620942f0dd275dcc9e281dee07c
:1072600017ef2d11d8c3d609f22408c9d176a63656
:1072700040f5fb2318017fd11ef7f4f8a603fbc4e9
:10728000e2e24a27ccaa99cdcb19dcf3cbfdf69ddf
:107290001a181ff3fbe3d8cfdbf5f7f6267ffdfbcb
:1072a0002f02151708f91cf0fa0e1615c5ff02f685
:1072b000d32d086216d012d8fb15fc20fff0cfcedc
:1072c00036051bd64aecbfc1e83524ef6912b0146d
:1072d0004412f7281b06fb3dead908a33481030dad
:1072e0000212e6c1f1eab6f2efeb2c1f07324a199f
:1072f0000847ee51dff212f9f4592bee16e93d98ea
:107300001352e616f30f28b93ff1f3c1f63433fefa
:107310004443a303f0fb0be45a981023f1de8138b9
:10732000ffcf331ecbd2cc4fe0240720c8211a0454
:10733000f2f162322c2d29ed12ef25242efdffcb28
:107340003f3dfbf3180217f703f812e07f3742edd9
:107350000c256bf13f63f87fe22c21cb1c0ec1435f
:1073600041ddd90ef0ecb7dafb0b23d0f60d0fa7f9
:107370009d6018145449f92ddb27f114f4ef16ba67
:107380002b130610cde2d5dfeaff1fe82c7fe1f6d4
:1073900038ef2718fbf518ffdffd0a0dc5fe03e3e4
:1073a000e23fd95e20b726e6191215150dfae5c899
:1073b00032092d2119f1812e412dda1806a3f72269
:1073c000a8e0b608fbfe0cf52feded19e2edfcbbd5
:1073d000f8ea41f6361e09ffd6cff22908cb1dfb8d
:1073e000fba3de08f92d020ec1d523f410d0e90f5e
:1073f00012ed0018e72da9f62ff831f7bbf1e8cc14
:10740000bec97f220e0f05e6c41617f707e7f30c77
:1074100037c2101d9fece2e7f2f37110fffd28d098
:10742000c4d65e5ad4251dfe240732f45cfaf9aea8
:10743000bd5ea4e4f71bde52eee681df0ea9fdf788
:1074400022157fe3f50afdcce2bcdaf21efae93d33
:10745000f430da1c0da3110b3432f001c80928ef07
:10746000d30c2deeb500ed35ac1833f7f0f4fce09d
:10747000ebdd030b82d6cf1030fcdd1d16d8c5c066
:107480001243fedfe8e20e1004cb7f84e419ac0661
:1074900006d110c2190cf9e2f713d6ebaf0efe724b
:1074a00010ede7eb252b1f31e34b28efe1f5f8cf8b
:1074b000071a04d11ccf3127d1fa052dee7f12d344
:1074c000f1cd23e70578301be4d9be17c8f2dff20f
:1074d00057f2430f5d7f44cb15124f3bae2c33d593
:1074e000272961fc3769d0303ed63106502422d995
:1074f000dda5e72f1ebadde5f8da7adaf7b7d5a809
:10750000f0e1d34c270f4503ad03191a00abc2219c
:10751000201ecf08d8fde5d303aee319c63aed38f7
:10752000e3b147d8cb152563d000f06e81c4bf32dc
:107530002df6cafec12ad47f9d13350a0720e8190b
:1075400014bdb022f64cccdf43cbeff82510cfd8da
:10755000120a1634210c0135fcdfd505d612084c71
:10756000ca0cfb0481e4e16dd515fbf2dae9f80100
:1075700050fc04024024e74c16253e164521e2f15a
:10758000f5eb013da8d8eb29f82ae4e11be2cee3b4
:10759000013003a1090b866cec29fa0ee2412b4164
:1075a0004e1ef4ea1efc04fe463a2ed5182316ced3
:1075b00004dcf5ba42d0120bd981c1e3cdbec4f1cf
:1075c000eb06372d17020029b70c7f1208bb2321c9
:1075d000be0cdb1bf122271b27001cd610fd2fc37e
:1075e000d5421cff27f9f722c8fab70f01cc43dcbc
:1075f000f7ba2c475b811fe6c121fce54748efcd78
:1076000072f0dd2f1f00d4f722dc4edc0ac94726ba
:10761000bef937f06ea50a2d0753edf9200a41a5f2
:107620003a4c0833b82f17b2c400d4b838da3381d3
:10763000f0492153cf0deed606e4e6160805f94ec3
:10764000a7ef28cde1b9f8d2011c132a13542c0a54
:10765000d2c62bef10ce06b1dbd7264a4daad549ac
:1076600097e40629f23418c63758fd047fc1da12b0
:10767000fe621b52f61fb1e408223a48f231330091
:10768000ffd0f81bcae32cdbd96fbed41171f02eea
:10769000a8fc254f21ca6b23b67d382df7e1a41431
:1076a0002241f1e69fc4d514d0284d968c56811501
:1076b000a8e5fef3ed43d148cff95ff5f314f1e20d
:1076c000eaf247360eed3ff9e881c614bbc4ea0979
:1076d00002f0f1eacecfe228f71a09d845fbdade4c
:1076e000e73dfe0281a8e9ca46fd260e0bd3e90854
:1076f000452b53e7cd120c1dffc206064127eadedb
:10770000e42d26b4f84218b1151224e7fbcb37f369
:107710002e1df8eb3d9b0104ea45cb101b2de4c662
:10772000ee590110202a2d2b58c6ee4529cbd13910
:10773000092ea71881d524f0280a3be540dded3855
:107740000bf4acd2281d7ee9d0aa388705adcaabb0
:10775000c7e94319b1a006bf7fc504fdaff1defd47
:107760002313ce9d02f72ebaa3f91196d18d89d39a
:020000040000fa
:020000040c01ed
:1077700005a0fad1dcaa34e4ea01e11530f71bf4e4
:10778000111924841ee3101be822310c14f428374d
:107790008413f42e31f2d2132730e9f111f5d9bf59
:1077a00095f119e67feffadacd0cf9cedefcae38b2
:1077b000ec15dec2f94f08002f2137cef300f91c7b
:1077c000ceaffd0a192fae0c41221a54f82305db67
:1077d000e7f6d72905fdf1e82d29080e1ef90cee74
:1077e00001e61208f1c12f0df0f91dece22e12fa9c
:1077f000fb320006f9eed944f51a131f12f0efe43c
:10780000070d2dc81500ddbd0c01cdf5f51f263582
:107810002b0b48edfb0908132f111f17051d080935
:10782000c7da0b4b27021720fa2207021c101df49f
:1078300015e70efa4119b9eef01315fe21075bf8b2
:10784000ed0bfeac16f25ee1ccd9b2d505c3253501
:10785000a8ea8109f70af8f1bc4d26d5cb01e8f07a
:10786000d2b9e9372fdcff38531a0e20ed9f1900eb
:1078700053d91b7628c40d262c506d2101f9445b89
:10788000011af01edff244ebbef1f7d9dee2eda8fb
:10789000f8282d5efee5db20d7041c4cdbf81a36f9
:1078a00030ca5eece7f926ec14e953f718ff13171a
:1078b000d326ee1608250f1224ffe2c4fe0de215b2
:1078c000c2fe0ffc2dfacff729fedcf028cc0cf518
:1078d000ef1221f701d819e52f153dfa0826c0e26d
:1078e000f12dd91dfa0704cebb12f3f3ea0eef34e3
:1078f000fd0af6e206f4e717fde5e4fbdafce00436
:107900004bfb17dd3720d8f6d86610df090510e7e6
:10791000812214ea01dbf6db0ffb23b612ec180020
:10792000e6ffeee52e19fc071e1926c3031dff28ee
:10793000ef4c3bd5f3dae329f1020a1d120f02d214
:107940001ae2f019d8dd160d121512f6e7ed252909
:10795000ffb1d4dd1df209b70901272f012bf3ec8c
:10796000f701f81f14210135dad34117f5e006fac3
:107970001dc21f0f03ec11feff1a14c503eaf8e93c
:107980002dce15fca7dc04e9fd1316de03d6f21696
:10799000f9f9c1edd2e8f4300ef8f0ece5ff11f79b
:1079a0000efd3b0ac8d80a29561104fef9491711e1
:1079b000052c01dcf3fd35f4f6d2fbea0805ebdd1e
:1079c000e10908ef1d11f4fe2c22fff5ef0106106e
:1079d000e5a436f2c7111d0d24290c0a0415182040
:1079e000f10b11dfcd1400f938eddc2912000ef691
:1079f000ee157fbbe733e3ffea06fae7d2fa11049c
:107a000011dd104843093009e80203dd23d2132dac
:107a1000fa08230dd7e638022224f8e9eadcf50f4c
:107a2000f6f811ea03580bea4e1a0c2628df0b026f
:107a3000300e0008fbffb8080adffbf522e21bb896
:107a40000df9f528e618090e13f63d06dc01f804d9
:107a50002cfb1b04052621081ff1e026f1e908f4a0
:107a60000ec7e6e4f201f6fe1ff12a011f0f0df822
:107a700017d8de05f3ab0720e3f1fc49eae2212b3e
:107a8000ff0400f109fddfe8bcfb211006cf110c5b
:107a90007f441a14d9f9d24520f8f4cfe00bdded7c
:107aa000a4d654e82fb28bd01c300ec3e3eed11411
:107ab000011933f62ff0e4fa14283afa1f0df4fbfb
:107ac000f4e91e33d3d4102a3c3c20260ffc07e4f3
:107ad000fb23f9150519fddf0334ff14e10c161023
:107ae0000812e3240fec160ad412e40ad5facffbed
:107af00039112e0803e0fb1de6ff17e902fceeed4d
:107b0000031038e007c4e1aa2309c61f14fb1e10a6
:107b10003508eee008fafce8160927f705f3042912
:107b2000d4faf519fb191206d7e40eebf7fef90ba0
:107b3000d0e308abdf9ec6feacb3e9f30fefcf6a2c
:107b400062f4c438b7362d10ff6e116cf6e905816a
:107b5000676e0711defbbee9f9f30639072401d889
:107b6000171e001104fe1e57b3002dfd3130de1923
:107b7000dd010d5805c2fd04b39bf90a42c9fb277c
:107b8000000811005d0370313e27f7a92d11273041
:107b90002422afe31aaf15e8e435fef9fbbe19b5b0
:107ba000f713e11a02b65a17202b92e617d70df2f7
:107bb00031e21605fc2326c111b9df34cbe70f0de6
:107bc000de0b013f00ac2d2d21f0e523e9fe2b2734
:107bd000e2cadb50fdf22edacb40f92513fafb4066
:107be00010f5e5c2ca06df49dc24fa3b9f3d11f9d6
:107bf000dc301021d6fee623601a11fefafc228149
:107c0000287e1930cdbaf9f64422f00eff2c32fb53
:107c10000dc236c317560ae62a2acc15dc147dd4c9
:107c2000331a1002691843d3ac36f10c3bef30e342
:107c3000b714f5eb24f453cef8ede9fbe500dbddfa
:107c40000e2dcbe8ce130000ecd64fe1f3e606fd97
:107c50000ca2c998fc19f1fbf300f4f2e7af0a1487
:107c6000fe21cbfae8c50456ea020fedc2ed22313f
:107c70001be14bfddb1011e7d8defcd6f144f9fa2d
:107c8000173ccee136cc071df8f8ff2107020a00a9
:107c9000c77b00f5eff5d0d7fe0ef4dc22ecefcc7d
:107ca000001c17e22f0211cf0fe428d9fcb7f20e07
:107cb000dddafe04e20ed61cefdc73101b161e018b
:107cc00049df15041de1e8de1711152b25ee4a14d6
:107cd00031f1ffeb102400400401d7fbed260bbd72
:107ce000d4ec06d22532c719ef10ebc543cacd1527
:107cf000bff71f27f840e4abf0fc21e71d15ffedaf
:107d000013fc7f090cd641df7e0a0ca913f0785dc5
:107d10002aeaf5fcede4e9ff024813f9e0db121171
:107d200031f0d12af01417f72835f5e7ddde06dd4e
:107d30001dfe1cfc16f72811d4d9e7ef011110f82d
:107d400007cbba1607f80dda1a0114dfdee7ee07e3
:107d5000bd5cf53d2b1305efce03daf51001b40b36
:107d6000e40beaee062af0d3e7dffcfeed2c01007f
:107d7000f8391cb8ec3b14d6f3200cecda1ffb7f6f
:107d8000d7ff3a0a23490f52d2fe202940e0991b1f
:107d9000f426f6f212fc3fe3edebfd374ffa3a160c
:107da000ef09e80fa317f62e32cef2f328fcf733d3
:107db0000b491ae407d0c90a89dbcef1dadcf5e217
:107dc00001f5103724b956be07ecf9d5ee10c70af5
:107dd0001745200de6cbc0ec0f4772fdfaef0919ed
:107de000f106feccdc48fcc90369e629d4dc29cacb
:107df0000af40b12b22a4bc9e8f90345e34745e000
:107e0000c3e4fe56fced0b3e09e94b3ceaf5da080b
:107e1000d73f170b05f41442eb3015fbc2f1013fbd
:107e200033eb0bb40b05e2f2cadffb0fd836ee02e0
:107e3000ccc0b0b3f12af2e2d9e520b3040e16a704
:107e400039b8e2bef8f2dfecff2c1c0a1c07090669
:107e5000bce6b52a153cf8d0c0e21500d01f34d7d7
:107e60002334b3210011eff633cea728f338ca65c7
:107e700024d3231329010fc4dfda24ef112b7f143d
:107e8000ddf5f6cbedf72cb73c0cb71ebed25ed6b7
:107e90002002f30ff91cfc0111e634ef322ddbf95f
:107ea00047f610fefe11f6f018f20b36d5fef6ea94
:107eb000c5041be6f91c27251a1cdfe30743f6f768
:107ec00006b1dc01ec4ae4f213dcda2109d9e12540
:107ed00008c038d6fbe4d4e7fd13d8effef3f9f27f
:107ee000261bdcf30809ffe8331af92b30543b1d3d
:107ef00025e62ed8f109d8070fcafc0a14111a7ffb
:107f000003bf16f6e6301c070302161ad8011298b2
:107f1000ff44e44b93ea190bea3505f70c0332d919
:107f200014dec30de0040634fbbe3e0211081a073e
:107f300075f3c6daf8d327f90a17e716fcf3dc263f
:107f4000df0affc8f220f2dee6c3f101fb261fdfe5
:107f5000eb4d2ef01cfde92d05edfc0706f7eefbc1
:107f6000e8f92fd7e8091c0c3af205ed06122bf2be
:107f7000f9feef1c02fe091d3f1e1fddfbd9d51fb8
:107f8000e3203515293714f7f00ee70907d509da8c
:107f90000c0217e9b7f60704ecfad21e17153721c1
:107fa000d6f204ff07e1f7efccfe320d2ec40f042a
:107fb0001d0603ed021f36e3d016162f2ff512b95a
:107fc00002eb2bee35f60b1b2df10810d2f224ef4d
:107fd0000481090ee91b3ff5e6f6132517e3d9dc0a
:107fe000dceafc0ffdc21aeeff36fb280ef5fbf5ae
:107ff0002147d17a0aeae40618e32bebdaee0816f9
:10800000259ffc070d140502e1e2102f02ca23fe92
:10801000e0040c211bd2030800d0f90d1bfb10015a
:10802000e4ce21ff0fe904e8bafc24ed0f2d12e2a3
:10803000024b3e3525b527eef6160517f0f0daddd2
:10804000fcfe0b57e2072206f010f6cf2901de0fe7
:10805000020b07eeda01eb0603f20bebfef40cd099
:10806000dcbf02f403ab0100003dcb1309f7eceddc
:1080700002fcef0909b612eec1ebbc182ad449691b
:10808000e1d2112b1e2cdd341d1027db4d0818e921
:10809000e06a0e0c3e2f004a1dd4f00ad2bde1beac
:1080a000050816c44aee200aee5537d43e53e61aa8
:1080b0001418e288d2fbdee40b16e0c2f8fdac0730
:1080c00029f6d9e623bc39407f2052283b1736f8e1
:1080d000e30105e13fe49bd716f40df0e40b1eff2e
:1080e000183dd45714d0260cd107dcfadcdd11d3af
:1080f0004d0d17d309e5de042ccb57bd362b49d5e2
:10810000152a15f826e1fbb80248f407b7323d1be3
:108110003234b50e02f438fdeafc1a141c3ced466c
:10812000e8de552618fef4c8b4efe520f01818fd77
:108130001e232419f2fb0e45fa370b2116e6f8ad83
:10814000e0dfe41046d814c5f6babbeb09ee070e23
:1081500053d406e703da08fc120a30f507f9fbd21c
:1081600000e9231400d83605191610e9e9cce0e837
:1081700081f20eff67d50a74fe0a600002411628dc
:1081800037e5d011fb2fd70cf5190d44f3f3061d7d
:10819000fb0dfb140d070dfbf50ad21bf2f5291997
:1081a0001bfd2df7f723ed07fbe411edd6def800fc
:1081b000252d40332115130dde1a004bf100bed1e1
:1081c000e904403207f10a0a07f8fafa38fbd9083d
:1081d000de29ef35f3fdd8e214fae0e80a14e1fef7
:1081e000fb070b0b3b0cff29302715f20106d812b9
:1081f000fa2e15f93446560302fe0edc412effc45a
:1082000012492ffe31072a21f1c1bcfbffdf0ae52d
:10821000eabfdbf7fbdfee04092cffe76c461ae050
:108220004deddde50702e0190efc1e0212ea6018b2
:1082300005e1a8f4e2ed35eee8200b2e14eb3b222d
:1082400044f2c4e446f8fac9ad070deeb5efcb171a
:108250003c3309fbfdfcf22522191041eef8e30442
:1082600011ed28c8812cfdd61fe512f302c75b0b68
:10827000c8011ef1dade0dd90ef512a0f50cd925d4
:10828000011031c71e1fbc15dd16f51320fd1bd5cf
:10829000f34f182b2307aef4b219dae017150917bc
:1082a0000406db11ff05d2d6fe22fbfff402f82bf9
:1082b000230cf930ffc0f32256fa1dff6823168104
:1082c0002e3cbef50fc7f7fe1dadeed3f22e55d4f2
:1082d000ebbf18eee0c100f01ffe2103ead55d07f9
:1082e000190df7c83b1afb464adbfee71cff1ed8f8
:1082f0002a231aa31012fc2f3c132bf9e41a51085d
:10830000b603ef0136fcb702bafdebbecbe568461b
:1083100014e7ef1a0b57eed4c4bf58ff02cee51294
:10832000c00baef1bc3006dbdacce555dce854ff1f
:10833000d2d238dfd7f2c64ffcfbbf08f5021a15c0
:10834000302a0ae1ddf213e801e7f2fefb1f222bdf
:10835000e94cefffef0dffee420c150fdafcdcd419
:10836000f02223f7f309fcc82403faf115e9e9ec3c
:10837000e8daff7a1c2e0b712f1df2f21c21ecf8ab
:10838000281de708d83a031ec5fed4cbe1fb301ff9
:10839000095adffad6e31509f104383c29db1ae65d
:1083a000eb1606ea1e210e4be0b0f0d925f9c111fb
:1083b000282d2465dbf0dacc41dceee5e9daf2c207
:1083c000ef174a7f02970fdac6efe6da4e21dd0c8f
:1083d00004df07fdeae8f614d8d3f42cc1e2d91b78
:1083e00010241920d7f10f3301dd1405e8dfdbeb92
:1083f00001bf02090ee5daee2dfcf31c1ba81df7e8
:10840000090902f5c1ff22e5f60bf4b9c51821fcf4
:10841000d1d7eb0222252dfbda10c8342ce6cc2470
:10842000e9da20dcf7ece7bcb8e60e23abf828ed80
:1084300003de0822c53dd9b2e8b6b717624928ef76
:1084400042f316bbc1d4ea14e439dafe680166f4db
:108450001240d8f01f11f7dec6dcc5dbf48dc7076c
:10846000b0e357081e43d2f2db05c3d8352e2807e8
:10847000e1b3252f31d101aa0cd523f403caf60aa2
:108480008306ebfd9b090be75f40feb6fee5e100ce
:10849000478b25c989fcfd62f93662e6e709f50bd1
:1084a0002a182d2bc9a93a280244e5e405e9a003be
:1084b0001311ed08b6e80eef1015e803032cff18b2
:1084c000fe1acde3570be6e87ff9c3fff03b3127f7
:1084d0000c29269fb00adf11e7e75fd8d8bedfc5b9
:1084e000172bc8531627e7d5e33541ebcb0137f3fc
:1084f0000b0423d155f2f61ae9bac9d4ded200a78b
:10850000e83931353fca1ef2f1c0c530fdea09dd58
:1085100029a3eee5fa0209f33623fe7788e3f6068f
:10852000e0ce2cf2fa034a1f2f003499cce8f0e297
:10853000b9e9ef81e1cbfb06dd1af9081009dc058a
:10854000cce227baf14b18433ef93727f8c4b5f708
:1085500089ffe1bb074110e01edc491bfbfe34ee46
:10856000e8f21a1020420b19b2d20e5f0bea23294f
:1085700036e2e9d8615710dc0def3761e81ad346cf
:10858000c7fa1bdc6ae230284c20dd0efc1f1ef708
:108590000a45f1ed1aff14e61622ff17c557092404
:1085a000d71bff3de3eb032505e20413dcecde0102
:1085b00024e001237fe6ee01fecd1c40f1de29bf61
:1085c000dc54d928f3e3f7f621dc4cee0f1ef4d38c
:1085d00000f95519f44dd544141d07ff8f1d8b3a32
:1085e000e912f31b51bd0fd62615d6320aea03cd88
:1085f000f602cd611f0c1bfb100702041cfd1028a6
:1086000009b34aeeec292b2dd7d006281815c491b2
:10861000870611e14a412fdee69c0bfa0e02150b8c
:10862000effd0dfb45d9ea12f019d2d6eaca0019be
:1086300019fa11036e2dd129020ae2fa152028a891
:10864000140ad2f11804181637dcf0daf50d390ed9
:108650003f032dc21e02eade0be80c112de0e6f10d
:10866000ec01d8e906b1fadef0cff71141a900eb31
:10867000012224cf18fe10e80e0e07f624e7ff06ad
:10868000e0f9e8cf222b042813b02d1423f4dd08e1
:10869000b1f807d9ff17e8f0fbf0fdfac6dcecf102
:1086a000e90cf9fcfefe22100225032826d72fd95b
:1086b00014e7f433cf18e90a00ede208f22fea19c3
:1086c0001ae4f20bf8ee05e281ecf2c619dbd314e2
:1086d000e62d120b130fe8f907fef3eb06f3f0316a
:1086e000e2e3f7e04be7fde7053f25e928e02fff50
:1086f000000c142138dcef0910f81bf8f6dc33d736
:1087000004cf2638ef1deb43fa0539dcc8f4eff44b
:10871000f730e22a090e261ffae63318001e180861
:10872000ccc407020129020f0505e3f61c01ec1e6b
:10873000ff0df103e5da0dfbe6d2f314f7150f3662
:1087400004f6fbf206cf08fef6f0e50f1ae5f4ddbd
:108750007fcbf7d61821e60ceb08ce2cc5fa15b165
:108760003711fded1d00ff081657d930e1cd1cef84
:1087700049142923190a121fe9e521d01a460ccf02
:10878000f30e1f1e110518dc523d26eaf9ded20c4d
:108790001015fbf52ffbf2f1210433d8f9da23147d
:1087a000ef1addf9eb280d28eb0df7271ffe20232c
:1087b00020f6261300151bfbd2c2f5ffe735f3f9af
:1087c000f23dd7f52af4e8f208f3061f0cfa19383f
:1087d0000f1fde041602d4d22f0624f6d226f2eba7
:1087e000de1cf6da4310d7ecfdf4f9f8f9e9f1f7fd
:1087f000e5e2d003d6e12ac208037f132a2735e039
:10880000044e3d14bf26d0ed33f033a00d0cb7e17c
:1088100039c876ea453b0e1126dfeaef25f5ccf1a3
:10882000f30719076317fbdbf04008bfce0ae330fc
:1088300002e50607e6e8f8dec0d3d917f050daf70c
:1088400012daf8ebf4e602ef240d1900ea0ad1cdb2
:1088500055c5ec2832020f05074315cef8e9ee1690
:10886000d6f2f4f3d3b3070adb12d1c0c3f8d5cce8
:10887000153423dbddfe12d7f5ddf4b1e34822a881
:108880005747cce224e5fc09def2073e1416d73642
:108890001c2a05ca034602ea01e6ea17dde6f91fcb
:1088a000f9ca20c1492105da0f08ce010ad50cdf2b
:1088b0001512011ef5ebd65d44c3f2d8efe7023f77
:1088c0003f38f606f67f2e3f23fa3e2df70119e6d4
:1088d000030453eb0730d52a08dc13f3e2ecf90864
:1088e000513b02d1030ddf213ac5e726271be504e2
:1088f000444009021b17502cdf23431ff20bfab42c
:10890000f1f5514eefe4100a5d0418034cddfb0253
:10891000d33a06e3fc2b0acbd4de32100e072c042c
:108920001e35da0c0f18e4e6d540061c1af91b05b3
:108930003ab90b1ae2b40beffbd8e409563152c72f
:108940001010e81cd7da064d29ab30fccade38021d
:10895000030ab70601423f3be3ce2f382c2af32807
:108960003a0b27f226e8d71bfbbf0b061e03e7fcda
:10897000f07fbb0916e33fa9f7fd08dbe514d50a34
:10898000eb00f5ffedede2d629060b97bf21f91daf
:10899000ef643514f6b201e21fddc11fec05df11f3
:1089a000543a2aed11f728fbdf11cd16191821ebe7
:1089b000f1d20ef504d8dd2f00cffdf7f50a2dda40
:1089c000961016fc0efcd81e352bfc151a0caf1198
:1089d000ef20f843f9db08fee7f52ef1061ee80f5d
:1089e000f32a042310e1f8040d9eac14e30bd20328
:1089f000fe1a1116081ce0fd150ffa16dfc209f762
:108a00000d47d3ec2413d702e4160a5b05110efec2
:108a100015c544d2fee1e3c30f1a2fd1e5d80009f2
:108a2000db0ad5f120f7100e0b1800f138d30dff3b
:108a3000f61920fa16f9f2bbedf95302f1b14edb4b
:108a40000501eefdef16d410ef0c2c84a924fddff8
:108a5000b7ede30fa3fdedffadb81ffc2ec2fbf396
:108a6000050dda12dade13de3a93fdd40e0231047c
:108a7000ec3ee981dbeef3e715ef00e70bc735e7e6
:108a8000f8ede5f9df340520def90f180411ec01eb
:108a9000c4f0252ffbf7062817d712d8fd07b7cf4c
:108aa000f8f81d0e5cd2081c093314fa4c03120ea0
:108ab000d0fc270432d3e4dcdf0bfb09d2ba131657
:108ac000eac6fe0bfa16dfd7e406fbdb0900c5c0d9
:108ad000c5ebeec5e09df601fb0204edd2f2e0fb32
:108ae00047e801200bdc1dee0535faf70c0816e807
:108af00018cc1110b6dbec09deea1812e1a769e721
:108b0000013707df18fd67e7260d3c30eedf4eeb3f
:108b1000d5b6c1190b7fe212bf422c04d54114e334
:108b200097b53629f3cd22f804383506e0ddd80ca8
:108b3000edd9ed5ae3f1ffce533b08246ef13251eb
:108b40005ec0de36f6ed10155cfb1ffa3df9f3d181
:108b5000dc45eb273332f0136a16092ade1920f2be
:108b600046f134ff6bd630060bef21ee0918eaba56
:108b7000365a163c4a0f1d40121211f928f9e7ee39
:108b8000e0db770c4b1212bdee20ccea18ddf9a326
:108b9000522a0ecdc7f809ce151cfd121e621440d4
:108ba0009afef0d02fd6e612f4141d33201fe945ab
:108bb000f530f5df14fb0cea1511d5010520f1cfd6
:108bc000fa3e162623ccedf40a2affb3f427050358
:108bd000e4eb11f80f0ddf0718ec0f2cf4e82f1e53
:108be000153ccbf226d7f8ceeddf0b23f455040d60
:108bf000014df681fd140af123fde0dedbf2f1e226
:108c000022f625efea0ff6183f0e1823e93320b9b4
:108c1000179715c8ebfb25201a211ff4ff0bf7024d
:108c2000e70ef117ff042c0a10f7f230e6ef3203db
:108c3000f2f94eeaf6e1dd2d0319f9160d2521fdb5
:108c400013f414f6dbfa02ff41f019deff37420994
:108c5000fb48100418f3fe05fc05fdfd23c413f4c6
:108c60002d04121e29e2110be9ef15150ef325da7a
:108c7000f202f104f6031b06eb0d20fffaf806ac36
:108c800000120f0705fafdf90d1623ef190eeb166a
:108c9000278110020c0a13ff1702f6100602e4ebfc
:108ca000121f2af509eff3c7ea0ee4ddfc14fa07f8
:108cb000e8faf3df1e0c17eff7fdf4faf603050ae6
:108cc00005131c071af5f6ff49fcf602e8c1fdef93
:108cd000fbf7eeff0a0608f30f04f702090001fd97
:108ce000ec0bfa11ecfeeffbddf7ebf4e0031903fc
:108cf0000608f7f4042b05fa05f309f6fe260ffb28
:108d00000c09e4f302f0f4f6fd09f20a030510166b
:108d1000091b1c05120e1500120bf5ff04f4ee0fd3
:108d2000f80dfc0510f500e7f7f3f00e0eff0bf65b
:108d30002013f81dd8c4223d0c17fc2b1fc9f1f9d4
:108d4000d803e31221361a002cd5ecfe04111bd3f4
:108d50002506fdf6feff172613fc15e2db04dbed0e
:108d600012301cf2e109fcfb090bf12311fd04b8e0
:108d70002a14030dfefb1a162f21e6e60f3519e91a
:108d8000f8eefc1111e0de05eff6fa064f28e510cb
:108d9000cb131c0b0efee01526cf1ce6fe4407137a
:108da000bcf5f9e47ffdf7071dc70fff1e2d20f965
:108db000120d09203c41063e1b04fc1ceec51dd9ca
:108dc000f4e82a1809fada07f00d2d0714dd01f48a
:108dd000fc56de5f0b0605f80f060217121103f0b2
:108de000cb0b21ef20e607ffdb081a1030ffda0e6d
:108df00019d403944648301b3facfef30addee461f
:108e000018a539a7c629194ee5e0812322e8c4e751
:108e100094f0ca42f84b1d8bdc1f061cf533fdf0a5
:108e200024adb723b2f417394455bf1122f836e602
:108e3000bc4d0b202f1bccdae634d535ead7126bac
:108e4000a0f3fa10d234ebd804e0e8225ce33e1b36
:108e5000d60c24e5f5281bc840cd2143f0f6ccf014
:108e600010fe32f03319f78a13eb47fc61144a21e4
:108e7000e0349fd80c2ba20f13fdcfdf37f0e52194
:108e8000e48631a4a96ae01cdfc9d2b006260c0d25
:108e900060a5d561fb333610b6e04569e70915ecee
:108ea0002caafbd0b1e1def2e5ebd6090c23cb0a0c
:108eb000f8d0e110f9fff2efebe4d0f7d40c47e77c
:108ec000d9ce23e92b0ec5b60dda18d4112de50243
:108ed000fac401241d280e2df9dcfe17e3dbe01196
:108ee000e93622fbf3f7e7f70c1d05211613933340
:108ef000041b188123eef81b0b1311f720290ee732
:108f0000fafa0806bff013127d2026fce1ee0fe608
:108f1000e934e40e02f83ef0302e0befe52b33fe81
:108f2000f101fa2cd7f3eb14cbe400ebd71becedfb
:108f30001f3026102a1b0a41d71c0df4ea3c07e219
:108f4000ead70a1b0fdf0fc70c18141219ca030f38
:108f5000eaea13d1efdbdb012eff20d7ed08ee01ab
:108f60000000291e32d40cddf703fdec343215dd90
:108f7000ee22ff1d22fb02d927038120fe041a19cd
:108f8000f6fcff24f2f9de091206f0242b1c2d1842
:108f9000be29eefbd4e4fdfcec0f07c1df3030f559
:108fa0001a13fcf41f03fae0fbf7101cdc151bf08e
:108fb000b808080c0801d919ea045116d1c713e200
:108fc000e515f0ff53ccf82d1810ff0a1d1e03df26
:108fd00008d2feee18ffee2debd9d4ea05ffde290c
:108fe000f73608072a0a0c18f9fcfc12f9e0ef0e14
:108ff000dafbd5f8e2c5fbe3050debc006ea1dfb85
:109000003b22b302f007edeb14f40303f4f3eabde3
:10901000dff1fad6f30814fc1fede4130bd91bfba8
:10902000fd02f8e412f608d524fbfe0207da0b096c
:10903000ebbd182df1264206ff2ac2d9bc26ee81cf
:10904000e5eade2aefdf0af0cac4d80ddfc301ee7d
:1090500046e4d3f005bbf5ccd8e8c9612e0c181f47
:1090600048bff431c907fd03c701a335e52b5de710
:109070002ac6e142d40f142fdceea0ea3e00f2c46f
:1090800010f4f107df06c9c7bac8d006c9f2cc1977
:1090900030c9280dd738d610dcfad8280252f9fc8e
:1090a0000f0108f6dbe5e20215c9f9e4fb23c1274d
:1090b00004e2e0e3f1fdc122fa1df8fd2edae4330b
:1090c000f70f0cceef30e40fd9ebdc05ff22d1cc4b
:1090d000f4ee070112ffdef5e20fceef06e126fe09
:1090e00011faee3efd0f0dfa0207e11615fc02091a
:1090f000ddb32515de395925d54d4c18d30cdce7e9
:10910000a1a12fe11e09e02d8b1efe6719bcbf5bdc
:10911000219ed422e3ed3a2b0447f0ffac0ad5811f
:1091200015da54e22c3acae6f4ff17ade7f1fd4236
:10913000f3dcc8f96b35ab29d637021e03390315aa
:1091400003fedbe732a9b6c85642dd552d1cbb61d4
:10915000e64c07050848da040f483c691121230f43
:1091600050112ff9fe2cc9e0de2d43f9d00be0cdd4
:1091700000f39af8e3021ceb1b381febeffbf3e064
:10918000f6f3f4b705e3e39f30f9d0f60e07d41dec
:10919000a951b13911150339d7dee211df63fa3273
:1091a000fe19f701f846ebcd4ab7d649124af40446
:1091b00044b1ec17f6e6052ee9fd1f317fd1410bd6
:1091c00021f9e10eeaaf1609f8d0190536e855c7be
:1091d000150621d5644cb2ce06ec0ad7cb1039d790
:1091e00027fffbf30efcfe176af12fd5ed1501ce1c
:1091f000cad807ed463e18073aee32c1193727dfc5
:109200002f2ff17224eadd126ff54b3d6dea183d08
:10921000e70ae7d6fc13f8de3f2cf12d10eef2e260
:109220002137f0f63d55dac8f925063ac2ea2edeb6
:109230004bfd1e320cf5001617cdecf52c1defd0b2
:109240000bfbe20422e9fd022ff1e6eb023d3dfdbe
:109250001a54d259e4e7f4050e2c0517ef4b2cb83d
:10926000231206d7f72be119f1df28352303f2eaa1
:10927000dd04ff1e263faa1306c11e37120bcaad1e
:10928000dd1c4b1b26d3d7e024bbe1f5032ef1f206
:109290007fc53fe71a0dee0141241ae30d1c0a07b2
:1092a000222225ee05160de20615fef51ff2cb1360
:1092b000245ed6ebf6e1d4dacd1608f1d003d60b56
:1092c000dde90efcfbf30f193e2013dcf20fbfd2d9
:1092d000cad0c1eaf4ed08f70d00d410e5faf3f2b4
:1092e000ed1dee03e900e81fd3f705efc2e1c01d55
:1092f0002d05eef71aff0a13e91df6e9f10cfbf84c
:1093000029ffece69eb0160b090bfe000ee3cfff23
:10931000f51116181ce4f402081ad2f7f3fce00762
:1093200005fe0314ff19fd1bddf90312e9fbf3e54c
:10933000feef5bd90f93ec3915eaf5f83d17234999
:109340000e03b7ca0341e630f213292038e6ffd0f6
:10935000e60bf3780c032b54b4f96f0c01355cd495
:10936000e7fa31b213b312eadaf8071a0cd6811908
:109370003fce3583ad2ee92e1626f42c1ce01d665b
:109380003f0307b3382c1cc7d9f130f3f2cf239a2f
:109390000c56f3ff19540d56eaefc2e42fe9df1c17
:1093a00026f11de81fff00122455e900510fc322ca
:1093b000b600e3151095b0fada19ed300b0319d8a1
:1093c000b60d375112f3e7c7ddd8e535ed14d7d028
:1093d0006fcf400640ec4100eecbe323fdeb1503dd
:1093e000cac0ef213eeef915fd150ae0fcfd090f9c
:1093f0000fec0ee8552bceeacbb8ecddc8d1e4ccaf
:10940000e9714013f3c662d1e434e70d1d19b4daf3
:10941000f7aef6c7280ed0b1e775ecbefd1137b236
:109420005f080063fc16c30727230be2c5c5ffe1f5
:10943000dde592cf15eb32ca380e16258e15fa0ee1
:109440005111e7fed53dfc28f5b4301e03f005258b
:10945000b414fbd44bd3ec270787292703d11bd0a7
:109460001140112f4c31dbaee8a11c3325f17812ed
:10947000ecd6bd0c1940e8aa480b08f5bd0ce83d38
:10948000543b81bc3622060bdb02ffc337112f266b
:10949000f61119b4fcdaec1cfc50b6f0ecf0130a2f
:1094a000d618eefb0bebd14d0dd9fd0811a303f53a
:1094b000e9f12b03c8fc091e0b19b9f1fa17f5677e
:1094c0006e981303f6400e4ef625d415b5d8292c08
:1094d000107be508bdfb3603cfd0333cfff738e8ff
:1094e000ddf9f50cf6df29de14e1eb1cfcfa35148e
:1094f000080adb690611c1c90cf5e6c7fe011ff6b3
:10950000e01f2038e308efe381ebef1b0b4a142543
:109510000c1c4cdbeb12ef3deef8130f0015e4c80a
:1095200014001f112d1906e64ce4ff3c2a1ee51518
:10953000210103ebf7eff2d63025f241dbade00b72
:10954000f3e5f904f73b14171bfdead808ecdbd66a
:10955000fee8d0100c140d15e2f3ebf7e8fa24ed59
:10956000dbed02e60612e900033df003fa1afa14f5
:109570002843431013d1f8241530f71ed1073703c1
:109580001546021e05d737ec04e733f015ed3336e8
:1095900037fe17ff2f2ee0281efc0f1513e61212c0
:1095a000e30207e134f8f8ccf0ec36fe19ef13c310
:1095b00006170831342a1107f931f807f7e9def008
:1095c000e92fe80509240130cafd391be9040cdd47
:1095d000d2da09db0b023ce80df5000912c4fa01ee
:1095e0000313efcee0fb111ff61a0f1ddbf5550f2d
:1095f00000e92f180208fafd0fe2140de71f002bf7
:10960000ce13ed2232d4ef2020011aecee1e24f10d
:10961000f67fd0f4f4f600072af00105221fed0ac8
:10962000fc4ae8fa18f8ecfc10043edfebaeff242d
:1096300000dfe829b4bf07490217bb24f246e5164c
:1096400022e4ecf318e74e11c229e625a0df2dd65f
:1096500054fbbc3bf1da051ff4e84feff5ca12c921
:109660000efcf9d323fa18f5d1c532f8f420ee0434
:10967000fb3fff8158c0f06d64241b0807baee1f42
:10968000c7fcebc8f314dae9370bf629fd2804e030
:109690001b2c33e54801f457d8061e1f0a2a0af18d
:1096a000371f2402ee07333916fc3031182d060e11
:1096b000d8e5051ee802f52a2d22fb0ef1eaf04a54
:1096c000dafd65e3f715f6b72400ecf40cd118daef
:1096d0003a180b36f4010c11f908281d11f21b027f
:1096e0000d3ff0f937e90b3d1f31f7efbfedfc17e8
:1096f0002edd0a1f0913e411e4fe1518fc0a2206e8
:10970000f921001d06eaecf7f0e620faf2fe2c0142
:109710001c0304f12811d802320d2c04f902151291
:1097200012df2f0640bf09eb383805a4ee150bfcfd
:109730003c1ec1811be4c6161d2b16efb800f82194
:10974000ddfaeafb05eb200954f9f3121cfe05e6ed
:10975000d8400bd92e35bbf411f61f25ef3907ea97
:109760000226fb0cf41bf2c3d1da0219e7fdfdfa65
:109770002e0d00eeecf5f5253f0d1be0133c0be143
:10978000022428ddffe8090d3ce70efffbfb23fe6a
:10979000273109d3daf9f40f001b44f1f822dd0375
:1097a00015edf5ff032fe7f0edf0e1162ee3ec0bde
:1097b000de18e5d05bfd18a60f24d005cfcbd6d49c
:1097c0000a2224eab60dcbf2233ff1b2f51ad71cd8
:1097d000812ff6740324dfc463f205d219e447e352
:1097e0004217dd21110909fef404fcfa220fc12bf6
:1097f000efdbeb711a042da3b8ce1912abf40741bd
:109800002004ff1ef04d1c33ec35abfe10d5174f76
:10981000efedebebb0d2dc1ddbddea12f3f406e09a
:109820001b1042263bb2c903e3dca9f918b4d714d4
:10983000e13e1cbdc8def500112a11f1fd05ee0e5a
:10984000e1f527e1e8e4fa00e333f1170ec0e601a1
:10985000c78a4610ead6f4faf31f17d8dceaf015e7
:1098600061fb3deefd060e06da182fd5de08103a34
:10987000ef23d708d3f4d7daf7cd1be61301e2e6de
:10988000d7f11ee4e3fdea182afbe3d1d32af1ed78
:10989000ef3f25beb4d0eddb2cd4d3dc182bd71191
:1098a000292bf9ef26203d03c70afcf5071e17d721
:1098b000e009e981cbea0eed12e0d3aced2bbff16c
:1098c000430ee5dbf7f90d0b410a39e6eb261feef7
:1098d00017d1e0fd0cd512f1e42cd4e3efef19de43
:1098e000d705ba17e6de0de10a1408dee921d51422
:1098f0001bd804dbeee0e7f8dfee0ddbefce0a1c51
:109900001226ce09ff24f92ec61615f8fc162025be
:1099100020bbdd4f20fbeb1601f8f5dc10f3debebb
:10992000200c2006060f1226d5280de223e11bcdc0
:1099300018e74923eef84278c708a5cafda8fc2815
:10994000f04a887a07ebf8c6f1e2c30e04f0beffd6
:1099500057e7e3aeecc6f8c7f69c353ce2c2030d10
:10996000eb1fed1fafdf0122210cfa42de15158e31
:10997000d5aacd982729bb6a0cfc18f704307cc700
:1099800019477ec2dbb3e11939d0c70a0220fc4f68
:10999000ee04df181e71e500f2d41dad1deadffff5
:1099a00000d9b00677d9dabef9d007ef2ae0f5ef93
:1099b00058e4180b1f1f38fbfabafe23dbbee4ec99
:1099c00050fa242293cd2deaf62340435ed6b1fa15
:1099d000dbf7ff7f1896a621de19de813ff9efd075
:1099e000ec7c1144ef1031134f4accfae829eb29f3
:1099f0000e37e209dedde2aa2607fd110aed127f2d
:109a0000e5cce518f82ee8ef41f0dfd6f21f23eda4
:109a10000e5a320702e91ef013cfe6df330a073b86
:109a20000f1117aaebdbf2e11c09c105e42230adee
:109a300024e6371ce518e82e15a6dee702e2dcc4b2
:109a4000f524db02f9d7f611e0230ee7e725c5fd83
:109a500003e72af2effa36d6fe01dce00518fb3afe
:109a6000affbc412f4e8084111fab30413320ff645
:109a700026f80005f6f7d811d5d6f5021fc827ee4f
:109a80001c3bf411f9cf1347fafa33e9ecfe030c4f
:109a900034d6ffef031e0b0e4a032e1301bdf2282e
:109aa000cbeafbfd04022ccf20ea06f23fc3e7eb32
:109ab000c9e0da38fc6f042a13eb2304e20cded091
:109ac000010f43411dc8f2f8e935eee2f10611cf6e
:109ad0000581f1c50fd9dc1125511efeca0f0ea854
:109ae0002ff13ae64210120ddac4f4b1e24cd31d64
:109af000be33dac43dfdd3662def37e9b4fa18f46e
:109b0000b8f2f4e9f9c91bee7c3701ddffece41c87
:109b10000ac3d0fb31fad5d6ff111d44d2ee2d3346
:109b2000346ddb30d315121cc5fb300bdcd0e0e20a
:109b300006ded8fee8071b0efd3dc813faebf2ea7d
:109b40003d27f2b491cb2cd128f00ca102071815b7
:109b5000a5051f32f9d30fed2417220327dcd218f5
:109b60000b073f361e2a02fc06f2061bde2204c942
:020000040000fa
:020000040c01ed
:109b7000fa34d4dcf5dc8f7fe50efefee5fd0f2127
:109b8000ddf4ba16cae8dc02210ce511dbea1ce4bc
:109b9000f3eb17c33b2606fd0b1f50dc68f21cc419
:109ba000d801ed00d1d781241039f62a4815100ac2
:109bb000ea3e4dd0020327583650500c3b36d7c8ea
:109bc0004d5aebfd2ddf52174bbcde103820eb3029
:109bd000f82b2bf0f42d977f2c240c30184707ec32
:109be000efccb01416f90b520b0522f3ffda040880
:109bf000f6f5264af5020e101c1ceb450f260be568
:109c0000ff190e013213ca70f8d3f2e9aa21d7e284
:109c10001ad027f52460f7059e0aef17edfd0c1802
:109c2000ddff1deacce125f121fee1068e147f4621
:109c30000fe702e721ffc27febe72b1624000a099a
:109c40000bec1007e6fcf0200df80807e7d21f190f
:109c50000b34eff5e2eaedf715dd0011dc133e0ff2
:109c60000814e9caff40e84bdedb001e9fdd7fecf5
:109c7000f2dbc3290bf9d3fc2ef73639521fefe381
:109c8000122720ca07e12ade01da38e65fed3de25d
:109c90002ce60f214a17e2b54443e24609d5b14408
:109ca000eeee01c8ff1e091bb51d12fe36fbdffae2
:109cb000da571fac19fc50f3ff453c1e810befce69
:109cc000d1e6d3dd70f34c18bd5df624400af8955b
:109cd000e4a9188121ec033a0767c437ffe1330494
:109ce000f9e7f8ecd1ff23b14617e7ad3110aa1c14
:109cf000d19ab71907afc94de5d4ee107fc2f20b68
:109d0000400bbb092c130c4222e1143b01d3f6217a
:109d1000fc07d618cb05b9eb0912c9f2b8e6fecca0
:109d20002a07f1cc090ae7e0dfeb1b65f5c9e1d8aa
:109d3000fedb5df90928181e5114401e53df2fd495
:109d4000024a597f45e9f3183211cddf24333544f7
:109d50004ae508c7c793a3dc050afb36d52900d717
:109d6000d2f5421be8311d67244fe7d61ccef1c364
:109d700054424f03b51024f01adec3077f13d22cd0
:109d80003210061c12191d7fc9132e2df1b8c7fe03
:109d90002d225d0acc000dd425d3552e023af511a3
:109da000f8ebef110444d6cc11e1f74b2a2ef3fd6a
:109db000943717e8f67f011812f543cc10fed7fe52
:109dc000eb3cf6e72cf324dc0107ff2737c91e051f
:109dd000f006ee2360eecbeef00504f005a03ebaef
:109de000b74413003db60cbf7fe720313410fbe7ca
:109df0005e0bd2d1f6d00d4e4217e91011b80cee21
:109e0000acc601e9c6eb011c3743e608e0240af6bc
:109e10002d040eca151af1ea2feb3acd1815ffd70b
:109e20003b1f7fd4fd091a4d10f6eac6fb0cfbed73
:109e30000016f53ff1d00ffe15e5570e170343c688
:109e400010fc09471fcbe5db1e3bf30527fdfee4b5
:109e5000c8fa3ef31afaf1faf9003321ff1cd7d9f8
:109e6000ef2bf925043efc0b26fbdd142104127fa9
:109e70007ffc0714fd8aedb629cc24e2bfeece1993
:109e8000a9d2affc2628243a1238003308dbce9939
:109e900018060dc6a93f1722e6cddcda1c02dd0b41
:109ea00096e23705000be109f6ff39f0e0f5f3e241
:109eb000e7440cfdf808fadde61204d37f1afd1f13
:109ec0003e2f092a02080bd8bb1927e50dcc12e753
:109ed0000707f5d8eaeae62903fa004240050efb37
:109ee000ff10dece2ef1fc7f0c123af326e13a038e
:109ef0000734d0dd040efc0f3af60b150fee2a28be
:109f0000060ce2100c371f42f1b3f59de727021152
:109f10005607e0c323caf4fad91205ec0d1d1d3310
:109f200003e1e581db0301e6efc635220df2fbc05c
:109f3000ec3dc10328f6bab3052214e67fe2041d06
:109f4000edd8bfd63c16ef72d429bad84cc6e3ceb2
:109f50001cfacb0cfc02c5ed49fde4072226f9fff3
:109f60007fe6e4a243dcd9e2010f1244d6215ad0a5
:109f7000ffc73b75c8b946181e0502b8f1dc13f5da
:109f800055ec522398bd36162fb0d2fa481a0f2c32
:109f90000e0d07d20e1b1751031d21e43b051fd6e2
:109fa0007f1d1efcf82713e3fed905ffe4326c2663
:109fb000f7bbedfc17f0e827012cfe14382af60752
:109fc00050c2a3eae3fd907f3008ff11ffb7bfdb6b
:109fd000fbb9bd82ec10fa06c0541df432e20a2b24
:109fe00023cdc80906b818b538ad271c16fa1c28a9
:109ff0003036e82fd59cbc29e8f80b4ee51ad3d5ae
:10a0000006d511e4463b1865224c0fa758dd2e14e7
:10a0100042070bb6be1718393d0b0e067f1705d643
:10a02000e3791c05c724eb030d165afa752708e7d8
:10a03000ec6cc93d1e7714c60b8df247811851dcbc
:10a040001030e8c756ef4ffae50fd3e8fc0a2da908
:10a0500055a9c44dcfa7d74be4dfe901e4067ffd46
:10a06000d60d4ffcd6d1c23e022c018b011c905d57
:10a070000bef2416a6ceeefc1a4cec251b2ceb0e97
:10a08000ebf514f7fdc5dd0904e7d6f22a13ad0a96
:10a090001b52819fee3f771128b6090782bc163507
:10a0a00009b5232e01e0ba0ea83902df074f1404c8
:10a0b000f8effdf23aca33c8100118fff7d9ec00e7
:10a0c000b600e3d0f9e9e181ce19daf6dc20fa3006
:10a0d0001dd603e8ecf1f40dfbc6eff9e3aaf7d8bf
:10a0e00006f415e70fd0cbdd2cfd03f025eaddf8f3
:10a0f000e1f7fefe0e1ec82cfed5b3ecf80b810d69
:10a10000db03edf7fd0916e5e809eae906dfe516e8
:10a11000df27d4dedd8104f423fbaffb3b31eb3dd5
:10a1200062f40b3a174f14de8c5d3c5fe3f2fcfee9
:10a13000d1dadd4b81fbc09de8d7060ea5dbcbb79e
:10a1400083ff1dec2d2ddc1aeaba7fe92a3fc89c5b
:10a150001534214470915d08d5bd28eb5e10441084
:10a16000300a0258fcd113c1ece9e3284a43100c31
:10a170000dc3caefa2819656fa28122c4ef9e12996
:10a180003301d828152a50459ce1f9030dcac81b94
:10a19000f6e1d627ea1e0a2e190d1c61f2aefc4428
:10a1a00019120a01b9dc17d0f7e7ee16def2a9fea4
:10a1b000cbf27ff9111c18f82f1e0b0111d019e0fa
:10a1c00023fe270df7d5f6ec142c01e9f6ead41698
:10a1d0002a4e2bbacf21eed0e4c00abbc98ce8d5f9
:10a1e000a47e5b30d2de81ed094935d20c332112d9
:10a1f000fe2de0a416e5e623bce28ed59d23de30dd
:10a200001af4dcddcdbacd6334040833c527191048
:10a21000c0b2752814ca2ee81cf62360c4d117c634
:10a220003a1f64fcc816e237ce7f33384b604cece3
:10a23000e9430ec2ebf62b153ffebbe59fb01801bc
:10a24000d91d1b7000d2819feeafbb04223da74ced
:10a25000c000f520e80b1e2ef7f3f4be3fa0d20598
:10a26000ee06fedc00300c0cfeb4277de516ff4c3c
:10a27000b920eaca3eebbde931ded2aae027ee06fc
:10a280000b0ac4d4f915791581fdb9e724cdff5027
:10a29000e94efc120cb6ca1e2d4cfa12faaa0d0891
:10a2a000d29c7f40f9d86620171303090b49bf04dd
:10a2b000cd532a2d7626b9e0f74fd1195f3639d222
:10a2c000dde1f1fc0316f4f4010e19e5f804b21017
:10a2d00024f47fca2405e7090ff0fa064fe20006ce
:10a2e000cd223438f31cde2218eddd131a0ef40ce7
:10a2f000e1e5e67ef35f3538d3c0fbf426caed1402
:10a300000dbfb19459202325e9294d4d13a22c17d7
:10a31000b60d19bb224798e427060d42c5c94481f2
:10a32000dd9e468249ddc50c0aeee0d7e33a35cf23
:10a330000055a7ee27a7335e813400ea4b2af39835
:10a340005c09fff6b097150507e72aced546f6d08b
:10a35000cacdd9af362cf72a35f311f268390e3948
:10a360007fde21f31ef1eaee3f04e8f0b8ba2815cb
:10a370000332b3244b07cb9befbdf844c9a31b0b9f
:10a38000fb991d06e8e7057f0beafcfafcfe0dede4
:10a3900001cec9abf305031be00819d1ebe7faffc7
:10a3a000c1190647e9dc9eb5d9352c3beef6dd1c1c
:10a3b000f8074ef43e007981f21214f0c7d5ff374a
:10a3c000e903ef3e40f7e38fdfccb7eec33bdf0f8f
:10a3d000d4e81ceffc03a55be1db17f0e6e8fdd653
:10a3e000f00115dd46f02c81ea061abafef4b1013f
:10a3f00018ebb0c6e101fa0bf3e51bbedac3d1449a
:10a40000e6000c07f5ffbd1510e8db0baa250b0dc8
:10a4100017fc050006eb0bda1937ec2ef0d1c6fe5f
:10a42000d1f33c09df7fe5132e2f00ccf6df01f1dd
:10a43000ff3c2509fa0c01001e0f2e00effddee5a2
:10a44000f1f3f3a1e5e9cc24dbfdda0cdbd449da46
:10a45000f8072d1256e846f013067f1f32e7fe2557
:10a46000f51cfabcc9bc444fc7bc0b2a02fa36ba69
:10a4700011eaf0e3f212fdddf310e1253107fbfbf9
:10a48000f2200eed0d26f200d781ea27e01a0839f6
:10a490005a27eaf6121d0b0c0503e7fef2270bc93b
:10a4a00029f3cef025d21081e1caea2ac90626deb8
:10a4b000c6c1d130dc0f0aee1b171d7343eacb0572
:10a4c000df1ede170f0e0fe919df1803e4de0a099d
:10a4d000aae2f71147632b07f400cd37f4a16c2ae9
:10a4e0002ce781de1dea200ee2b82e03d8dd236ab8
:10a4f000f226e09f582cffd90ae32e4ffcd84e04d9
:10a5000013e60c06fc08dfc4fb2d3c161bd11f1cf8
:10a5100006f80606e2d922d22bc72aeb1be5e11882
:10a52000f2e2e4fb1be9f64939c024d4111081c2e0
:10a5300006f8090dfff9e121011c13ffc4131bfcf0
:10a540001be41616ebed0f1c1f7febf25609f0af64
:10a55000cbe219fceff9d9f616e501ee14d9e81ea5
:10a56000d371e7eeeb0f0211c5f11b1a35f311059c
:10a57000fe018104053042d40cdf0521dfed39fdf9
:10a58000ddd8ffeb4ff6f8eff2e3f30df4110ff225
:10a59000eceffdb654d860a5f6ffec1407d3b50b6d
:10a5a0005da6848137dfcaebfed914efb3c3f44d47
:10a5b00039e635433d27c00fedab211af012161bcb
:10a5c000ac6ef501d44edb32e307f9fe7ff722cd06
:10a5d0004316df37f73c33d206ef0bdd8507470b19
:10a5e000e8eddbe53cc503bb3fd81001dff847c908
:10a5f0009712ffe1feb8f1e7c0efd6e57f4a32ae31
:10a60000eb372fb9fdd9427bec38c14accd60f0dc0
:10a61000ca1efb280d1d1e0de867c9a7d7e2ad199c
:10a62000f0dd0f2639fde05f1bd8c44ed4cfece13e
:10a6300054ce08222f383d7af5e77ffa28c6f03845
:10a64000370402f1ecdd030dc6afc412e9bafabf5c
:10a650001905d7285f15fbdf2a67fb0801de986f15
:10a66000fdd87fb01552f7572944f3f975faeefa81
:10a67000f7561a19dff53342552a2118a10d0d1f7f
:10a6800000532adf241afaeb04f37fc4281ff718bb
:10a69000260cb0041753fdd4fce7fc53b7ee32cac6
:10a6a0000dd805de53280f11c4e4faf5fdec31e2b4
:10a6b00007dcb502a481bb4e163a03cf249fa1dc70
:10a6c000c52615b1f0277a2f9544c700000d151b3c
:10a6d000d6a7c6002d1929fc0dfce7020bb0fb3ee6
:10a6e000e67ff6cef208e7d03defcd02f60bced1f5
:10a6f000d9e804eccfe752dbde0fece0f067d5e8f9
:10a70000e101fdd42a31f7d00c63071349f3b428d3
:10a71000e8e11cefe881c3f247ff11474634eef150
:10a720001906f4cb031bea06fed5f521e9fe100d50
:10a7300013d7dff80717451114280d23e50812ff7a
:10a740001de3e51beee909810a19260aeff305442a
:10a75000f310241014cb17f3fb0af0fbfad6e2f93e
:10a76000eaf1dd094e04f7e402caf9ed032fa9de90
:10a770001fef1f19fef354811ae8e9072af5f400c8
:10a78000d4181bf30717f4e9ceb9ec0df000e53d42
:10a790000b11d400f405fe00ed17ef15ca32d103fa
:10a7a0002f3117d800152008feda7eefea33bb17e9
:10a7b00018eee9a8311dca141714127f05df19b568
:10a7c000f1fa2ff22f56b030de09c1f2ecd00daa0b
:10a7d0001f4254ddf1df093166efd2fdddaa5af2e6
:10a7e000f5fd0c81dbe110b96aeefc2ef9d0f86ab8
:10a7f000da0fda30cf2743f2b4c108a3c80cf6f75a
:10a80000081bf6f3f6cb068114d50dea641ebbfbdc
:10a81000091de8d6001e393fbdd41437e0efe555d9
:10a820000d28cf2fc708defb05231122d408ecf03a
:10a83000d13ccac94c0548bffe50791a501ec913f5
:10a8400036fceaf7261b4b9e41181a59481949ce87
:10a85000301afa597f22f402cfe5d7fae0d80c3744
:10a86000fe08052525030407e9ebfc1e03e02c0088
:10a87000ecf2810bf205191eeff60a00fff0220739
:10a8800000f90df01408f20ef9161016f90d240651
:10a89000f7f5003a2ba2c5d4d0ad190d58c3e41575
:10a8a00010fafa0c5c16fc59d54d3a1157e635e70b
:10a8b0002b2bdebf8103d0f22ac6be02e7f505c40a
:10a8c000b5decf2a6a7f239bfeef38ec12330802f5
:10a8d00034dde2def9feea45fd1cc021c4ec350e94
:10a8e0001e190fd6e2c7d9f614ea2f4b61cd03d754
:10a8f00013e1ce2719e35a0bff0d0ee441b7e2bd79
:10a900004818f10dff05ed3bd205cc16f5bebbbbdb
:10a91000ee2764f7bdefedf6d29b4c0dd4277fa157
:10a9200008281426190d7fb115e92515c7cf1d1765
:10a9300010f117373ce024e7e8fae8f0edf8f33ed1
:10a94000080a1f01f611d91507eaee220518f0f4de
:10a95000c4b755c406c7c38412e936a25dced8db9e
:10a960004b546eef2bcb2744a61ae3d87f2203f873
:10a97000f4c3ac34c015bfda1205d313bc30a567dd
:10a980001b2d3b233d39191ff3f0b403b5d977e9eb
:10a99000539816a013e7cab77f10da3f30e5093c99
:10a9a000f15ff6e7a3223a910ae6098df62ae0e97b
:10a9b000e290e47a95f30c7a0eb4814edeb8f8fe9c
:10a9c000b3fe180c35ef0a10c7435ab573ccdb3b06
:10a9d000fefaf0da98ecc2e90966ebe82013baa2b5
:10a9e000462ff8ad292a31e93e1152c82413edf55e
:10a9f00065f0eee83b21e5f42b3e293e81d7e1e806
:10aa000055ad0e0e5c16ecfee2161ef2feef1fb107
:10aa10001041080a717f60e11c071ced9ee0ef0603
:10aa2000b4f3e0e9f8e6aba9221617e1fb3d20f20a
:10aa3000fef726fb0e9b93dcfcc3e6e31f0a32c93c
:10aa4000b01bbd4ff50b6b14cf0a061f25b7be4dcb
:10aa5000fed045b4560bc51b202c7ff536c4467f6f
:10aa6000e61940f32d4caafa77cc2036f20e69f5a0
:10aa7000fb102804c999ccb21bdd12c77f3fe1e36c
:10aa8000f308f1c4c71067279d02081eb7cd025313
:10aa9000e5dab830cef8275eda31f714aec4e30950
:10aaa0002427e80040372bc0d6fa2d2308facf35eb
:10aab000f51c2981faf31cfbcedc53def1b6eec89f
:10aac000f70df6ef1ce6effef6060f161035a30e97
:10aad000f5ee100ee920f20d211ef5d50e11ef074f
:10aae00036297fe10c1ee0e902f3fade1ff334128f
:10aaf000e11ff5fc25090eef1bea2717f3eb04e035
:10ab00000eeff2e4070a19da020ceb302ffef9f12e
:10ab1000e4110ee10d22f40ce781ea27e2110f3f68
:10ab20005d2df404082112050708ec09eb1f09d27a
:10ab3000b1083a15b5dde43281fc6623b2fd19c0d7
:10ab4000cdec0efbba131ac820ce4135c22a9602ac
:10ab50003cf723cef60ef7a0f5a8d01c0151a81f94
:10ab60005a19edf8feaf0750f2f80f0d002d1b2e0d
:10ab700063bd9f1f022afa62d02fd601f2f62f2c56
:10ab800063091081f5f10ee6e1f6fe1202d7fbb57e
:10ab900034cd06d72df513811d190f0fe71a2ce4bc
:10aba000f7fc0a1dd2f0f3ee0fe9f704bb0ceae163
:10abb0000b05fb3119051118da0aabf235fd0461fa
:10abc000170f114e27f615b1e2651ae4a61eccc286
:10abd0004b7fb01c3426d9df1feefd13e3eced6f85
:10abe000f719dddcfbe9e60964fbfc113a10fcfe19
:10abf000fe0a16cfe93058d2ef42d8057f16e7eead
:10ac0000f4ea1b01dacfe5bfe523e8ed05c1b1f9b0
:10ac1000f6e9edc7f71906dac40af324051d76181c
:10ac2000f526ce8dd909f2f0f8bb06d21253124a9e
:10ac3000e57f83da0b9a0f50e151b4e1250b6e0edc
:10ac4000dc865a113136a79dc5da74121c37aed591
:10ac5000e0c605ece208cced27cef3ee6c9725fcc0
:10ac6000d281eb20d2d115f95ba600f109eef3ec0d
:10ac70004551e6d863e80050dcf227d9c539cd92ba
:10ac8000f6faf7c91efaadac1a1abad40ff70e4984
:10ac90002f231fb2f9ead1ea9fe64737fbc61ce132
:10aca0000be97f0e12c42117eb1d0c3136c6e518d7
:10acb000dd030bfef2d5cded11f9fd1f170a1600cd
:10acc000ec39de11ff3cf62eec25fe0101e8150df6
:10acd00009fe2d0a1a30f5f41ce5f5107f28ebf477
:10ace000fc653dc60951fcfc2d0340c537e2e0f48c
:10acf0001d0ba007153928120df125649ae137d9eb
:10ad000006c708d57ffd2104cfee04edf6072acc57
:10ad1000e9dfc7eba3828100fbed20037d2cd7ddab
:10ad20001641ebefa5147754d83e1c24fbe5d7f869
:10ad3000afd88ff3f62527230e460624aec9fd5b58
:10ad40005885e1c540c4680e7f0bb301d7f23e2d94
:10ad50004c04dc33c2a05141c808e8eed55f0d07b2
:10ad6000fde8d31bfd34e9eacc44ca1d1f08b556e3
:10ad70005c527ff5c367c90a4f9312f0d9c5166eae
:10ad8000341aab7df070b2b9eaaefd2a094ab82791
:10ad9000e73913ebeadef7f3e6132e48c9f9d8e3f7
:10ada000f4fa2cf7ebdcd434f40c02d4def4260bea
:10adb00017ed0921f9fc3508137f16d333f6f8cec9
:10adc000c5c7f5fc0ff5eafe11d806fdf7c10c303a
:10add000efe317f814eddb220909fde9d607f4f7d4
:10ade0000ad10e07ecea1e0a1d7f08e93006d7b02b
:10adf0009ae51c160af9f5eb040616fa0ac7f74796
:10ae0000a415e609fc23c6d40043e84e50a536b588
:10ae1000f0f50712131fee49fa171b81e2e2e40d69
:10ae2000ba2cef3759e005bc79562d24c51d65c9ec
:10ae30002e4ce0f50aae895bffe932d425efcdc98f
:10ae40000f2f630c462d137efb2507ff53fa11fdd0
:10ae5000e6e7761b3122f3dd4952c40e7f29c1fba0
:10ae6000e3e81200150c101df1ce19b8122d2907b8
:10ae700061fb81f731ce052aceecd8f1cf15343302
:10ae8000e699d6b91e29f2d7f010402e332dfcc119
:10ae900002f7120d45df56d0dce9df073fb7c3e903
:10aea000f503c2f92cebfe7fe1410ee7ed96f316b8
:10aeb00034cc54020cffeefdefe810ee2df458cc2c
:10aec000f5f1fec0fb5ce6d63d09000f03d9592f12
:10aed000f59410b110b30c26b5e95f107ed0cf7f8a
:10aee000f21132da5c1f3a1231e70f3d4dc99bd0a7
:10aef00018b747efed430c9a81ed16547f5dbee520
:10af000058d9f00613453344b2dec5039b4933518b
:10af10000f30214eea55ed5ff5193847f6ffdef3a5
:10af2000bb39ff811e16fee00116f70b0c31b22a69
:10af30001d0dca1cf72554e4fce0b44513f055a8d8
:10af40000904f2dd08f20f1102abe8d6d5e500da0c
:10af500012f8e7ee29d22ed16af835333a09f9bd55
:10af6000fd31f881d0e8042821dff325171245ffd1
:10af7000f3a4f104eeeaecd31608e229ce100fecac
:10af800010e096d7373b052d0cda4a05fff41bd0ad
:10af9000481b0b1de9d6137f04ea5013f2f046f963
:10afa000ede9dccc1e09fcf2e1e12bdb151cf754ca
:10afb0000d15eeebee144b2bd8bf35c5e559eacf96
:10afc00029fc81140bb62405f112f80f33e8194b54
:10afd0006ac20511f8f1e815d7b1caf5180303de06
:10afe00050ceeed20323f14d7706b6c8080710fc09
:10aff0007fe934c902f6053ef6e5c2edcec6fc286f
:10b00000d7f4d74a08f7d52934a0ff04e83719ce7a
:10b01000cbfbe1cc17d2ff014e868319153d30df03
:10b02000ca7fefeff844ec012a5c1613b1225ad71d
:10b0300002ef232ef03b090ed3b15941ff15d6c4c0
:10b0400003bde0d60ce72b2d1933f46c1fffff0670
:10b05000e1abec46021638ed18f4eb0311c8070714
:10b06000f40d4a6dfb0003fb197f07f10f2c60e420
:10b07000c510c9cdc7923186f7ca1de87fcecbd99e
:10b080002e29bbd5fa1b5e509ff30113e9caf03499
:10b09000e4c9ad421f0ab32bfa0afe1d9a15ea67ee
:10b0a000ebf03cdc3b340a2113ec1cf603fcc8eb50
:10b0b000d3f8e4d52606e62fe626207f06c00bd679
:10b0c000fdbef9f6582af053f710d8f1c6f22295d2
:10b0d0000e06fe37152cf44bf544bf0a105863e2f8
:10b0e0007bc9e5e73109236b7feb29fd3fc9cdde45
:10b0f0000e742b16ec2e42131aea17e6040afaf71e
:10b10000ec180ababc27cbab6343c3261d3046f804
:10b11000d77ff61017fce4adab470df2eac1d8cfec
:10b12000ede6571e1370f3c432111bc97724fbce12
:10b13000df53160ffdfdc203bbf01fe31fff260008
:10b1400048edce14132331d0387f11ffb5d8fec29d
:10b15000b9ca07d831e8f6fc15e305daeac71608dc
:10b160001701ebf5f6f31ae72306e11a2309f8f4c1
:10b17000ef2e0adf0c1fe40bfc810514eb0d0623f8
:10b180005010f7fc0310090d1014f108ea2a04e628
:10b190007ef3f141248fe01a0ae7b2e09302c41b68
:10b1a000e7e730ec14caba71de37414f35cdc52d13
:10b1b0006eb12d81b2403f62d82407cd780adcc73a
:10b1c0000a45c3ecc814c3510223dd26ff51effe2c
:10b1d00064b72d07db6d39e02008e29b4ca13100fc
:10b1e00013061bddbad20f361d81dde746f7fdb62b
:10b1f00018e6fa0af2db0e797f482f10e4fd200ce6
:10b200000ee6b6240725fb1a29c42ad93f11f9dd19
:10b210002bdaf01bf2241a5750b5067a0afc3cede3
:10b220002a2bef3b01b57fdc1d26340e3af7f720c1
:10b23000fcfb2ebe06ec4ce9e50cfa19c3c6362c15
:10b24000d2e9f116a4213204c620e428cb08d507a0
:10b25000fe02b3f229071200d9e2521916f944f29c
:10b26000d1ec811d1224083ef600064219dbf9ffdd
:10b27000ed123f00351b0ff3ebd4a834debee1f531
:10b280001dd5f8051aff22d91e0eed1f27fff9ef75
:10b29000e03214d21211ee12e381f410fc16f547dd
:10b2a0005c2c02f7f91f180b082febfbec3bf5e0c9
:10b2b000f1f0efdd3229a17f43eeff54c21cff0302
:10b2c00049ace4b4723c4819f0e51e1735f5ea1da7
:10b2d000212f211d0dfd0500f60d192e32e92efe40
:10b2e000163bf5dc1a277fe1f0b8161bbeb81b0f22
:10b2f000ffe9216664f3a4d8c5f2f91ddfe1d0624d
:10b30000becf45d8f415d6c6dbf4dcff3fdae99ea4
:10b310002d0a68cdc0b706aee9d80e4e4ff5ead972
:10b32000062681cc3330fac5f2940e12c0f62ff8ff
:10b33000d1001eef46f01ae7fc0c1a08d4053bb901
:10b340000f0e014d00dc1946b1c6b4303dcf0d26bd
:10b35000f9158710dbe75b4ade0ffcaeddf84143f1
:10b36000dbd4e98103bd98923876622cc7192a9afa
:10b37000edb7f49775f25ed819e34ea4fac1d3dea7
:10b380006ebdc1e21c15ee1ff0be1ab2c008bd149e
:10b39000bb3d590f0e52512022c4c837347fff14d1
:10b3a0000be9fbe715c8b281e01c3a224813f8e626
:10b3b00009f429ce314b126df62e19f124bb2ed58e
:10b3c0002c1a1f4416eefef902ccbdf909151f0d0b
:10b3d000f90bde0aeb0127990a04251d07c426e3b1
:10b3e000e5e840e9242b180d1b04351212ee0efc83
:10b3f0001f262c7f0412e11e470aee053521174f48
:10b400005a10c2db3337568b0f122c21f9fd0b4d2e
:10b41000e67f23fbeff91609f139f72653ee2329ce
:10b42000a00510fd241403d8fbd255e74419fecc27
:10b4300023b0f2451ef2e024ee02f05fff4cb11b98
:10b440007bd68fe645e540fd07d025eeedc4691ab1
:10b4500007d3e751ff0d82812c34ef3510eaaea8f7
:10b4600020d581ee0d41bc0b1956f8e4def218210f
:10b47000f1d305c9f73d110c12f84e152dfa32ca59
:10b48000630620130c0738d74ce9132e591913fa09
:10b49000fc3ddffccae3eb7fdf0708d7fce019c9fe
:10b4a0002816f135ce070115f9d801c90bee1ef7a4
:10b4b00004063b0a0ae5c61ff50dc504ff11e9cadb
:10b4c0002d451cfe1bc6180ef7081dd0cd220627e1
:10b4d00044171402fcfa1224cf1e01f5306909fe4c
:10b4e0004f06dbaae70333e7e2037f0e0b05f1f615
:10b4f000fe9a2a0922d8a23927f8080aa50a07d1f4
:10b500000c263ac63ca41054a3f504da7f26dd14b9
:10b5100067161a28c710f81ac52705225841c823ec
:10b52000c01109262a7f2cbb0e25f0ed39da681ae6
:10b530001d37a61ec6170ef6e4d7dccc961c2006d7
:10b54000cd1af6c01cc106cd02de2a0eb4002404ba
:10b55000f7ef06bdd1373010c8c76fcb1dfe5be3d8
:10b560005816c0ee592e07070a64620451ca227f9a
:10b5700070db1e4924eb2404b80ccb05f90955bb3c
:10b58000f9cef1db0c2b36fc0b00f409812211f310
:10b59000408dd62e5312fdbd13cc010f26dfec6675
:10b5a000cad357fefce7e60b0e202b1e5ffbfad03a
:10b5b000bb39f3f5131d609ccef847f87fe10cf61c
:10b5c00049e3d40203412bdfd4f7dd2c3bd9b2e0b1
:10b5d000e4a443d908e10a01ab25433c1c402ae41a
:10b5e0000b5cfe9b2a36f1bc1c1225251c07ee09bc
:10b5f00062eb8313f74373c917dcb6fce3bc7fa18e
:10b60000e45501132308ecbefa84ca46bed3e10414
:10b6100024d2bcf9200381e0dc091dfe7b1bdeeb9c
:10b62000dae8f4c1261cea582a2ffc2d2edf3ea4ae
:10b6300017fbf9023af61a964a312e29ff22fc3bf3
:10b640002414da060ad400d001261d1dd7f547caf6
:10b65000e7227af80f2417ff02d70e29ecf41cda40
:10b6600001dc8ef500028aceb9bb7ff3f5cd243e16
:10b67000de11dfed2115cafc1b30b13c33702329ec
:10b68000f802a50e282c064ce80bebf90881041ae9
:10b690002bbd1f1ce64994ee2701d91cc8da21d026
:10b6a000f807fee0f8fb1cc823fbea09360205f7a1
:10b6b000cefde4ee1d1be103ca81050eb20ff24878
:10b6c0004549d1f3160f2202ff1b06ecd4160ee4f7
:10b6d000682c4b7fffc0d7e6d428c2f906c810a05b
:10b6e000cbf73a69d491215b55daba5834472f1910
:10b6f00003cadbfa42cce434b8a1d2d7deeb363e43
:10b700002f23fce41309e109e9fbec08ecf6d6e58c
:10b71000b3e7e452dcfa213321321d2e7900d677cb
:10b720001e1181ed3bde19015111afc9fbccde04c6
:10b73000b2e3b603426064fb04d630dd3823eb0885
:10b740002c182ef85c99ff0a13ed2ce655c62d71c6
:10b75000f0e5bd36454281f513d3adfd060a1c2b3d
:10b76000f1f10607ecebd6ebdb30243bf631ca11e6
:10b77000eae001abda3981d71fd5dae30c29f8f614
:10b78000c3ff1535ef4d0f0acc10030b19f6af04ac
:10b7900003f4f77f3538fad1f9f7c5cc4df92ed738
:10b7a000e7f6c6c425bad358f701091cb30cf0fb61
:10b7b000afdfd5fa2b15de055c0f1645e9224f47a2
:10b7c000e8e5b8ad27b3a04b7fe2ccd650d4f90a58
:10b7d00015d70307391e282d051c680c0de7e5ef6a
:10b7e000685ed91dd70799d804c92e1db52767ed06
:10b7f0000bfce3c7ecfba181f2cf303fefdce22e84
:10b80000c5132ffc2ad5e30ff310eff315bb52f548
:10b81000e010fcb82befece9f6221fc6090a081766
:10b82000b1ace17d03cd03bd4924190d1f3af820c9
:10b8300025d8c4542ebd8bb70c2b2cd0c89daf413e
:10b840003704cb33f8070710cdb6e9ebc20d81cf33
:10b850002521fb183c06278ef823232f2fcc0ee73b
:10b86000095cc6eb3e0c0714e5142d06080a903758
:10b870000bf8c51502cc3e4d7ff7b32752f6b33215
:10b88000fb1b06c309ea36b7080cc7ea2cf6080208
:10b8900050437f1a0dc6ff41dd02dff2f3de2a5c62
:10b8a00023b8033a28ab23fa3ae220e8fe17074907
:10b8b000da3e89df07532ecaf3cb11ed7b0609026e
:10b8c00048ecc4f3e44afccb48f30eea81d61ee50b
:10b8d000c90fcc2340c9f1ef2e86aef2bd083cf172
:10b8e000d611f9e6bc1281482856e4b8f002caef36
:10b8f0006963d398f905ff0ee10555e7b71105b562
:10b90000eef26ee4bcbb1d66c658d2b91ce2a7437a
:10b910001df6051a0bd03ef2effcd8200b0022d00a
:10b9200005c18120c901010fd1110211dc2a07fdd7
:10b93000be09def5303cf2cd1810d6ff09eb1fcd65
:10b9400044362b05172c103a33e12f51ebaa2ff375
:10b950004ee4f8e8eaef3612347fd604f1a7d77c3c
:10b96000e59a3358ff1e4607b3934255e82cdfc8cb
:10b97000e82136c0cb81d3e0351f07e934eae9f48a
:10b98000d0e0e3c0e2271e12fae05bf5a7fdf84124
:10b99000ca0bde23f8d534f00e2917d8cbd91dfcfd
:10b9a000e5ecfdfd0fea0410ed3206ec3381e7fa19
:10b9b0003a3ad6f1292320e31c0c181de4e5f0cd1a
:10b9c0001b023af8e40748f724f11745572fb6c190
:10b9d00049b415f4f446092118ea45221e3f4644ad
:10b9e0003adfccaadd29ad0e5b14e0a8f2131e00ed
:10b9f000557fe4850004c4e9e58d0e35d2ce0233cf
:10ba000063345d6f5ad1f4b60018c74662aa5484f5
:10ba1000d7c99c7252ba5ec7cbf404b118fc5ba1c3
:10ba2000ca1cee3e4d0ceb9f0915137f02646c0798
:10ba3000f90d0049efe11cf0e400a3a9d7eace45d7
:10ba40001cf85cb5ef56b7040b16fedb340d48410d
:10ba5000efe3c981e3fe1529fa0e50240101e5fc4c
:10ba6000ffdfd4cd18090a33cdba29e80bea0a065c
:10ba70001acefd2618bb5510f7fc690911b466faf9
:10ba800031fc61efcaefdb16cf01f31fd07f77e9fe
:10ba9000eb14c82d497f537306ec380c03de211cd0
:10baa00041c10a2ef2fb2824de0b0bfc43ac025ce6
:10bab0001c05ffeed70cf92a16bf0533131104f647
:10bac0000953ec4b0e5d47872d07222598ca67075f
:10bad000014b5b7f0ede35f9d631effa3401ef57bb
:10bae0001b176b12f639fa2afc0ac21c0001e4d3b8
:10baf0002903e553e6c0bedada07db1f9cb106ea8c
:10bb0000f0ed04bb2a1c815627626f03fecfe513bc
:10bb10000cec3ecde35de93649f11540401243118e
:10bb200063011035f878d4921ab200c37353c7d7a3
:10bb300026188e81bdf86566432f50cf63e727cf67
:10bb40000e462f1b2fc91ce02e0009fa042d5500ac
:10bb5000fa1a06f7f76646eb5af7f4f6c3f37f13c3
:10bb6000f6ed13e3640de0c435d20a0dfedcf919dd
:10bb7000335d44f848f0e418d3cde63c26cde80a1e
:10bb80006f22e1cb1ecee99c40350362fcf1f30845
:10bb9000e4d7263f0a3530781c7fefdf389f38ea3c
:10bba000672d73e715b23139182db9e0211209f963
:10bbb0001626ae0eaad4ef2004dc4ff42ceadaf8f5
:10bbc000ffe31b2759263941f74908ec018135ff6e
:10bbd00045da4440f70c02402115df505023f81796
:10bbe00001edfdb1341fb5e125b62dc524d74da813
:10bbf000cdf30aeb3f06adf5cff930a9d6b719c49e
:10bc0000cdf9ccd1f07f1b4321be01cd1226535676
:10bc1000083c107f0128760d163a432ea5e0fc144f
:10bc2000e214703004e949c1fc3302fbffe40f0663
:10bc3000e5f44049d93ff41d01200d252522dc04ff
:10bc4000fd39e191dca504e831ca16f451ece0338a
:10bc5000293af901320b7518dd143d2ab5ba3009bd
:10bc6000efb7b6ed9fca81c8fa2229dedddbd92500
:10bc7000c13c3dc0c8e86719b5e6f21f85f68efbea
:10bc8000d1f04518bbe9b9f93bcb2d1cbf0f134dc3
:10bc9000f381eb633602161ad1f028d304b7f928e2
:10bca000e0a4e98dfcf53520e7ea7ff113c63eee0e
:10bcb0004df8f7a7f036272ffc1209d50cd80cce7b
:10bcc000fa18c0ca2623095046cf2b5b9833cc0ff5
:10bcd000582609ffe0e3b0bec410ff19b8812dc19a
:10bce0009e17151120f3a1d814e942f92d461cd353
:10bcf000cf4cf0196f0d07f4fc35cdd32d6f043dfb
:10bd0000f91517bf00294a57071bcf1d9fd781bac6
:10bd100002ce04c51c44e54519d2e8adb9f7fd4c87
:10bd2000f4c6031f1733e1a3b16a022c3b248e062d
:10bd30001d0de9de434836b5f911dbcd27d3cbfe27
:10bd4000f0efb9f3d0bf0334e52332d933e5360839
:10bd5000f50a60f4d902cee024cee7fa81eae10ddb
:10bd6000e0c7d5b2eedc145f0bfc120b2c184508b3
:10bd70005adeaefc16f6e1470816f51b4f18d6172b
:10bd80001e2bcee9ba4df3387fe40826eab5e81455
:10bd9000e4300a1402cfbbd299e6262d04eb6a8167
:10bda0000ceedef3f374c20cd5d2f3de57e5c5e03a
:10bdb00005f70116ff2f02d2f802e75048f3def133
:10bdc000f121eda6f9c100ceff47ef53219e40734c
:10bdd0001596432571cf4709014133f62ef3100c18
:10bde0000d26150b2bd5134208304611b80d438193
:10bdf0000af9e54a1013ff4cdbc24ab9ff1a03f0f7
:10be00002cf2dcce3fabfe1817fb3bff7fee251478
:10be1000f8ecf42d163abe0c1b12dc363416fc0975
:10be20000d3137c5cd0a3101e401f2648bbd0ef14d
:10be3000f81b7ffb022507bf3ce2fe2a281e2617bf
:10be40003b1a26e0fcf5f916df0805f95a0ec5eb9a
:10be5000ea17b708f0e346a6f33ad338efec2b1b0a
:10be6000061d85ceee1a22ccfe030214231503090b
:10be7000f97f2ffce195b01dc8e6f35601dec943fa
:10be8000b81b07811bfc2c0d2107e8f012070646a2
:10be9000c92706060b2e1e07151f0c020eddb32642
:10bea00013d5f0fae44e04cf29e033042926f4d266
:10beb000051b27070de025ecc4e5d8d2ea9ffbea75
:10bec000d0651829f5f681a1f5d7ecdee3152ee64d
:10bed000b7ecf6d715dd1639cde7fccb24bde6e38c
:10bee000cedfff25f3d20d90edc47c55c7201f2f68
:10bef000cde486cc4c4039b5fd73f33781441bc685
:10bf0000e635d3efa41aa6cfd5f558e62e6d66b068
:10bf100040dee3c906dcf114dc484a11c1e424cf59
:10bf2000eadb1fd94ca36760a8c5082046bec996a6
:10bf3000dbc77f43c9e5e610f5fa04113134f3faa3
:10bf40000fe7152b2ed92081ffdfd849dbefeff764
:10bf5000f821a4f82d042243130af2eae7f5e6f0eb
:10bf6000ed4b084fee0a1e0c3ad8a434f9f71a0725
:020000040000fa
:020000040c01ed
:10bf70002313fdf204dac7fdf32b070d1dfb294344
:10bf80001ae934e422f7b6d00fe1ddeb0b040381ac
:10bf9000fa1a68f0c3ee0002eb0a01c2e5fdd1f522
:10bfa000210adc048110f6f32103b0efe9eb08cca1
:10bfb000f0465e23d0ff022a0c17c3101176d1dea3
:10bfc000b20d361981dcf743d2cab508f7f70d0078
:10bfd000b513f7e2a996c2d2c60a3af318ce0a817f
:10bfe00000f5e7f046f004aa1220f4d9f91d0cf38d
:10bff00035d57f0e5b32f803d3ea4745e6d4ee2b06
:10c00000eef8e6f0d4f4a538ef3bfc3e1532dff94c
:10c010001007e0c5ead2db11253feb49ed29fb20f3
:10c02000041bedfec87f2e34c20bfe95b21a041b12
:10c03000f83ded07357f0142f3552a4c2c2c28d0d2
:10c0400001d40c0422d7f66af6f3fb011f361dadae
:10c05000e90b1343ec070d0108fbdf8edbcd311b31
:10c06000e4d311eeffceeefd34e8157f03e55ffb70
:10c07000b2e144078128aa2307dd0924b5d1f8e4f9
:10c08000ebc60af947f508dadad8f4e308ea1e4500
:10c0900044acc4d7cdf2fc0224e777cc32f881114e
:10c0a000ff04ce0079b00ce533fac7f08edcf32242
:10c0b000f2d9260eae8121e003bafd18f41a37d367
:10c0c0000adef9d22f0f1d210cd01a15121c24d80c
:10c0d000f5defa81e3e6e7f525eddc2fe62d2fbc52
:10c0e000950c31e0e804dce83929e37c0dfff6f932
:10c0f00016fe1a2a9881d2c51002d80ff5f8fd1e37
:10c10000c83cd1f50bf5ed4b1ac6de3ed84c098e76
:10c11000ef087f19b5ba180ffd08f9100cdfdc1213
:10c12000000ac5e90033e4d9f006dc3e0e09faa89e
:10c130003ad27fe5cd0a6214dfcb00f5f51f3ef958
:10c1400005efcfe5071000f1f8ec27f916eb00a694
:10c15000f25e8102f3df092d03fe240d1efc00eace
:10c16000c370215a12fbded20fe4d905fe01136c15
:10c1700026aff9315fad3e21582cf7f660e238c1a9
:10c18000ee20feaa9c34b9f47fae7cd3aabce55164
:10c19000f10e0f06bd81e408020605252902e5ea35
:10c1a000fb0af21908dc2afae4fff1080e03fbc9c6
:10c1b000282df2044be6e872ce022418e9b31a3cab
:10c1c000fa9e3839a6ef06070f20ece32d81dc3903
:10c1d00039214ee6dcb92d0e7be018905cb32ac005
:10c1e0001807c50d1a8d2670edaec3d241f581b783
:10c1f00025067f00e1c344dff6dfea0908f02612d6
:10c200000218e4cc3b44f7fc240af5f500eafa29cd
:10c21000f3d438f30325f91d1ea51f3ef0c76a0f9e
:10c22000f507f8f5f2157f1a05e8e118f34ddddca6
:10c23000cb06201699c0e020eceee6f5ef12472d74
:10c2400001ebc9f509020207f0321bfafdc2e77fd4
:10c250002df025f03b891bc5e646050207dc0923c6
:10c26000eff07fdcd2112910f6cae3fa1ec1e8e331
:10c27000de360e156df470d523af6d09b051eb2c81
:10c280009f19f02002fb90f1f11f6cca02d081bf10
:10c290004b632643209fdd0a518f1b4bfdc0341793
:10c2a000ea04197ff817dd1a523d0fcc26370255e4
:10c2b000fc06fa00ca8133f31de9300dfdec08ffde
:10c2c0000bfc4d08e600cc0a18e7f3f5f44b134cd1
:10c2d000feee3c157eb02a8b02460131dfc2df261e
:10c2e000d9f6403286295cd2e981ce0e7313b02193
:10c2f000c020faeea50081eefccee5dc2f0f1fe694
:10c3000011dcff101102e7e7d63ef8e8fe19ed2038
:10c31000c126e3f6468ecf3cf0ba1ded03fd04e5e1
:10c32000ebf14617bdf2b2f80cd140d1b0b7ee81b7
:10c33000d419d84f00e0e826b218d5511719fb2db3
:10c340007f0de6fa191b2b07e80a08b7c30c030d8b
:10c350002bd252ef8184cc5d0614f8f2207d2e5a48
:10c360003923240eb2d106ddeb4d9ce209c6198caf
:10c37000d3fd0bd729f0cf34fb06d6f87f030f0887
:10c3800013e02b8bbf144de84cd402ec3540c5357f
:10c39000172a16ddedd20d2448f7e4811ac341f7c0
:10c3a00017b1fa1b21fb2564e6e4e4ce2f12d90b6a
:10c3b000d013f944f3b50bf65506a781cf1877567d
:10c3c00013de20c8d6bd09400403f253fa1734ec3b
:10c3d000af0981cf0ab1a80d0bf0102223ccbdea22
:10c3e000dd07b317bbdd04ce0089f3e929bf208d3b
:10c3f00032cdb5f4532cb6cde70811e918de03723f
:10c40000e41a7f0896dbdae30c51c3cad9ed297e22
:10c4100061a40802a82b1827e1d4812cf100f40da7
:10c4200001f0dd412ccaf8ccb7b439f6fe28f0f79c
:10c430001edeebf2ef2423a20399cceb27d9d6fe24
:10c44000f50dfd4b8106eb0e30ed4adb09fcf01fcc
:10c45000e74752f9e9eecd23081a021de60be8f38f
:10c46000d8ca0281e8e5f3d901ba24effb17de7ad6
:10c47000dc28f2f8578147f40ff5f726f93a334aea
:10c48000e11ff8d789eb0bd4cf05190a0ee358a3a7
:10c490001ed4fa16176a61d8fa1df9de401cf1eeb7
:10c4a000f4ee1ea1e2f31b1fffe910e9eb0ee27fa1
:10c4b00047a158f4045df21adb2611fe11eb7fe769
:10c4c000cff7242fc8d70ba718fc0cacf1e6f2234a
:10c4d000c51cb83ff50feb25f5f9da6b0d3a1bcb10
:10c4e00058d70dec19431ffb051bf6e6edfe810244
:10c4f00062551bcd7fadb8d919e1f7fec50d64af0c
:10c50000302fb773e1c65bf654a06bced73431eb56
:10c51000f206c9f0d88112ef1d0ee3f0e20addc584
:10c520001c160d342314ff2d552504f21e08040695
:10c530003d07b40f81261be0196c0041d4d31205ce
:10c54000241315e7acd9d702ec1bdc0dfef738db62
:10c550000010ddd01a93ebdde6d9f2e308de3928ce
:10c56000e9021e27d9fa2ef9400cfed5fdc5007f41
:10c5700012dc64ffaf289deee4f701d802d1b9cdfb
:10c58000edf942194bf634e60a20cbe8bc100381e2
:10c59000547fb53e00d88d665213b0eafce7e2d86e
:10c5a000d3eb2815ea27e1db1ee7de2297e3b1494a
:10c5b000ff262cd6032a2e1d7f16ffc31bb2fa407e
:10c5c0002b17fb1d0e0beb3aaecfee841f04dede05
:10c5d000dd7ffde01c90d2c5d8f34be2de3325bdf4
:10c5e0003444c94fa7e0384d3bd02a0aeb2e048bc8
:10c5f000e1e0f916dc8117f303f317eb0f2acf20e4
:10c6000003202105c604d9240ef5d91a0b4216cdf4
:10c61000f8a981eddcf53b06f0b9effd1add541efb
:10c62000f7ebf6e13909ed18d0dc4efb0325e050bd
:10c63000a213a3419e81b00facb02c01eb3f84123a
:10c64000ea0ffb48ebea91083a1fad56e36721ff7a
:10c65000e77315f38125fbc09410fa1935e6fbaf9b
:10c66000de134edf59ecec0ecac236e102c21af6f6
:10c670002a02aae3d7e3ea2dd5e0e4fef2d9168137
:10c680002f1811c8fd06fef10bcf01f93510134e1e
:10c69000921e3e02e879e403fda903d82241d21597
:10c6a000152cdcf9f62511f3edcfbf2bee2ce28132
:10c6b0004c2690fa8f7f65e6ecaf3cf1092efd33f6
:10c6c00045f4e709f53cd015fad9ef2a53c5efee4a
:10c6d000d281c3dfcfb3f903fb11022a2c26330b1f
:10c6e000f1e033f394bf77e6d2cf0ee6043f481b68
:10c6f000160ca607ea33e00e02ba090fe2d61c4771
:10c70000d0eefc6d01192cb44241d1f54619db8104
:10c7100090b330ec1e563a6232fb340c0a2f23fae7
:10c7200017fa5c7f1a0ccdd91dabdeeef35d420e1d
:10c7300010107f18ec99db1df82316f2040bb0e4ff
:10c74000fb2a14c21b2cf7c4e53702ef10e00e28b9
:10c750003ae77f1415ff2ce107dc0b0cf0130af805
:10c76000d7f913a31137eef1261710dc2a20feb6f5
:10c7700012c2d2e1fd08ec2419fbd4bb190720ef4b
:10c7800014df50f17f0f27ce054b34c3f037f1f1a2
:10c79000092807fbd2401933e9b8c919bce209aa34
:10c7a000def5dbbddf409281acbe43ea5a270105ce
:10c7b000f2b8592c9698e73f0ccceb0308040bf920
:10c7c000d7babde80e2a22010e1dcde1210db98197
:10c7d00001fd4215230042e8ccc49c46f5ecd2c0d2
:10c7e00058e83f29356d11104ef0e87fc5d215b5d8
:10c7f000e129bfdc52980620d3f3aa1d22e6180fc8
:10c80000e216b7eb2a37f00e23812c0e3dd6f61731
:10c81000089aa1eaed55e8f1d342f20e130a05c6d3
:10c82000d01fcc81ceba46e99ad946ff3408530fbf
:10c830002ce8f6dd08d6840c16ec0e122226380ef3
:10c840002c1b2517eefb19e0e0df142c09e6337fe3
:10c85000dd062ad529da8e0adbdf8a992a5eb2dd67
:10c86000fff981de27fde1277298c0d2f8310f5c15
:10c8700051f455f711814b000ae7da0b01e2cc0fb6
:10c880001c0326e8fa0801e5e801171127dbf0127e
:10c89000f3f1c40c05e653231bd706f0f659de4c22
:10c8a000e2f9083a81e3f0e517ee1218d5f9caf17a
:10c8b000352cf600f41e7f3ce9a82519e8e92ff095
:10c8c000c709e3f3e1390c0e0dc32cfc13b004c807
:10c8d00026fd9210f8df23bee7f0002ff3927f1eb3
:10c8e0000e20fad65109e7d82b0df1d4e50e03cb73
:10c8f0007fa433ecb9efdd30feddec07d7f7ea3784
:10c900001504dbfa3dd3fef93b272feff128b10fd9
:10c91000eef3810c030a4edf0d1dfdfff1f9f61a4f
:10c92000ebfa00f8eb03e7fcff000ef711f7dc3a37
:10c930001f0a76ae0955ce79b68a2bcd207ffd052c
:10c9400009da23ded7fa5f0bdac8defd1ce10c1032
:10c950001cd4062a062fed190ff5fdda04e9f315ac
:10c96000f63806100c81e1d9fcf0271af9e9c75016
:10c970000132c22a4826d4e2f6c80b04d633ec2e84
:10c980008107f1367c062f2521fcc0c228be1deb95
:10c99000f20713d6171b1935e5e1e4e819d204dfd5
:10c9a0000e21dc38cc0722060dfcdde83b92f97f36
:10c9b0002df3d4e613471e3a0781180f00edd90d69
:10c9c00019f6ca22ff1a263230f3083c4a05edcb8d
:10c9d0002b0ffb1935cbf131e33b1ec0eff4f21df9
:10c9e000c30d14370a091526230439d4fcf6008137
:10c9f00001167f30dbd0f910dad2fce8fa19e1ea4f
:10ca000006fbe3f9eb121e2dfae9d3f401f60df261
:10ca100032e3d3aa15f5ee26e319027f0d1ecd05ec
:10ca200009eae725df7c0f22d521f8a1c71ed9f23c
:10ca30007f6c28b2cd06c90d1608ea380a25ee55d6
:10ca400037f946ac35ea070f32e5ff0f3d1a4a1eab
:10ca5000f8a2090d1b099e064cf21f1602f42d17b1
:10ca6000e10da7ec07162d08d9267f1e21c6ffa9c8
:10ca7000fafe0b342a17191f29d6e1bbfedf240565
:10ca8000f5f0180d0381f9f7280408434dfa0bf06f
:10ca9000331efa136fe34e4d22fbd2dff6cff58142
:10caa000c30ce4cdf1f529c409030dfada52bf072e
:10cab000dc71ff01277f9469c63256433b2326e091
:10cac000fdb25ee9e2d7152dd0100116242507ce60
:10cad000d6b434cf8186dd2db891e54fe41aa10597
:10cae000273fd516537410de0edd0bd704dffdbdd6
:10caf00026fcf913214016e908da2711f9f0f0eec7
:10cb0000f3ea1fee7f16d8f621ca05fff236e95484
:10cb100058c66211e3fd563225cc042aef2ee109f6
:10cb2000f8f9fafabd20e828cd991c312b2e218185
:10cb3000080a7ff910f2bb1309e7e1f6f92fe5ecdb
:10cb4000db20041e94f11714f80dd100faf108ec63
:10cb50002b457fc4f41a120ef5a2b604e7b60de613
:10cb60001334dded96072af46632cacc11d41204d0
:10cb70000ae90920d122c23d4b3df3e37f5f2257f2
:10cb8000d717052e1849024af5eb7954e9dcfed493
:10cb9000d4cfe82715000bf542fa9df42d4fd4e2cf
:10cba000c8cff419050d213dc1037f053aeb04ed13
:10cbb00021c8cdc5cbeabef5d44581d10fe6372bd0
:10cbc000d6fcf202b7d8f9d51d3ad4bff1fef74131
:10cbd000e1d02f513a32d0f21307ffc11a1ad23adc
:10cbe00018d9df8e7f26959adc42dde5a6efefac03
:10cbf00046bcff0d81f9e41f36db9901f9cdf50d37
:10cc0000b4da4a308601eff122d8d9d703eacc4210
:10cc10001a1e0ef428d5e32ec63b23e7dcfedce823
:10cc20000512442299bec62ef62f2511ebc0a8810d
:10cc300018ae1ffb19b6ebe5f47fe1c31a392f7468
:10cc4000c33c0c26d511d6bc0e12d6e80c0a041231
:10cc5000f4ede2fcd5c00d12cfa77a0ffa81092db1
:10cc60000253d6a4351236f50a22fd1bea1115f33c
:10cc7000dd3308ff81c0e52418dafaae16ee2bcdbd
:10cc800005cdd4d220170fd105e324671c08011766
:10cc90002534fbccdce5fde7c82fbc14ffe352fcd8
:10cca00022ca2c7f23cf5f2e2898bae1f1bbd68e03
:10ccb000f3ca06c9d9c2f109f0052bd1d3fce91694
:10ccc00033dce860e00b0aa534d2deee13daf4813f
:10ccd0008742da1305ca122e2d04c20b9f2dc9c735
:10cce000a4fd9b73a31ef1281df499dc2181ee0b9a
:10ccf0005ac8e6ff7fdd22d8d14611302394efe1f8
:10cd00000b035784def666ec2e0a06b521ed10da29
:10cd10000c1a472d7f5792d1f6f131e117e51ce649
:10cd2000f8dfbd3ca3eb383b083e3dd212b9065ab2
:10cd3000c3c021f1dce0dd37eef02d0be3b80526b2
:10cd4000f039a22a812712bb203f351e5d4ebfd786
:10cd50001ad005f1a39a4bfd25d48328136ce11654
:10cd6000d1f7144a2ebbe738d781260fcc271205fe
:10cd70003912a3fcd17f4a06d31c1721d1ae150d61
:10cd8000f4f6e4d91af051e6e5ed32d8108ed62942
:10cd9000f0f1fe7fc6f6002ef2ff0ff70fd8f23645
:10cda0001e0ffc0a01cc13f2e5da27cc1200200a90
:10cdb000330c05ee08c00727d6d43d2159d9d50d2f
:10cdc0000ece81f2d9bec2d8f636b618ee29130fb0
:10cdd0008ea90fb3e31cb07f32d2130d27d01b20d6
:10cde000db113f1d0f18091747f469e9ef2a4fd8e7
:10cdf000acc9cf4e9d5fc554e420c836c345e8dac0
:10ce00009ec6816906cfcd1cebdee4f7eab61ce4d2
:10ce1000f42fcac0b09cf90bef21a2f81453df0223
:10ce20003c0b3651cdd6e30d16d1e340d9b1117f7d
:10ce3000bac92ad4f370c55ea39faa12d9145df2b1
:10ce4000200f81c4e7d9b33245c8c3c7e21a40da1c
:10ce500057303207fca17f0406ddde0034fddeaf73
:10ce60002cdec8f847140b08190401b53fc9350476
:10ce700035f023be1c38ca3a2f934dd1af27e9f9bc
:10ce800057ae5437a9231da3fa7f2c003fbd226a59
:10ce9000f54c1014d4a2fbf350082fea6ef4ebae5d
:10cea0004fbb99227db1d1e0c1f8b0814f2fe6f39d
:10ceb0009dfdb31d02b798012d0265ed1e4ff60dc5
:10cec000d2e85d49eee7b8da2115c3e6fc7f1929ff
:10ced0000c27f10a0cf5f10d05ed1efaf4464a0a8d
:10cee000eb0cea0401f841f665e181c5000ff1039e
:10cef000ffc08117ece8d7dc0c23300e05ec1feee9
:10cf00002d131ee3c6ce0b00ecf3c8e9fb0f4a1d40
:10cf1000f73c42fae381c4e5ec0409e5dbea152fae
:10cf2000072d26069d2fe8f53b46c9e628edccbd2a
:10cf3000286e7050cdc190364a30f30b13bfb51038
:10cf4000cb2b4a149637e28a082cd1f92c8127e69c
:10cf500012efdfc2da16e81ff2163edd2917188538
:10cf60009c81cd03081fe6b8ec1dce5cc43e3d0598
:10cf7000eda3ecedffe3b9f60505cbff400c0bfd8f
:10cf8000d0c1f6a1a4c77f3feff100ef03ec04d9b5
:10cf900019eaf829becbf766c9f4bd25d706d0bf7c
:10cfa000540d310f297f47fc31ed2dc2fe094ed5be
:10cfb0000d1c180510810be4070e230cf9be1fcdc4
:10cfc000c9143bb80d173b181904d0d61bea0f3211
:10cfd00022f3f12854fc052804f1001b18e925ee82
:10cfe000884e0f7f2623231fca021f0e1a0d1dec29
:10cff00023c3d201d2c608ed094221c1fcf7e78163
:10d00000c81629f226052f070e25030904e0d21fb2
:10d01000fc5549b5462aec91a1ad20b0151cd2773c
:10d020000bae714957ededf42e39fdaaefee047ffa
:10d030000828463de7e32f3b1df5c796d3c631656b
:10d040003f281006e8eb14faecf2fb812efc101cd2
:10d050003417caecdddb1df0e720eebbf95746ae16
:10d06000ee2b0aec0e001551441b7fc41d2ee7d891
:10d07000eedae1e6dc8f0cfacec838faef8155f72c
:10d080001f28c8dae73a3bdc2c53080233e9de25d7
:10d090004aa171e1f4a45d402505d651b2e409d955
:10d0a00010c30cbc25b9cd185381e1badf382381f8
:10d0b000050cee81c30404092f0b22f30ef109fdc8
:10d0c000cb0adc040a47dd02b6f4f5e9d80c0d1be7
:10d0d000f42924fcd81912e6f7dcd4e656f822b677
:10d0e00009ef7ff34f2231c7c3ee0dbfe6bd0d5be5
:10d0f000111508e17fd7d911fbb7cbbf10fb9c7589
:10d10000c9f52fa0130217391dec2305cc44eb26db
:10d1100004d8813603f74abb15d3ace9defe02ec36
:10d12000e7fc0cf4071712d3ba2b1ad0281c03ef14
:10d1300004d81ff30c3af9f6ed260fdf2d2dfc7ff6
:10d14000c718dcfe2907c90f0f0705fcf7f40b5cb5
:10d15000f3a8bdee04c6eefdfcb0e4d7d4fae2813c
:10d16000ece9cce52cef10a3ee1306be0c21011c5c
:10d17000b5021ee7050e23312581283d47de67f8fd
:10d180001d025d49b4f6c4fd3dc4f4de8fca28a774
:10d19000052b6bb781d44b5819abf02cffb4db0bcc
:10d1a000cff1fb3659a9f7cc2e4bebaed5f80203e5
:10d1b0000ccae9bac61381cd1cdded1268de06e7a4
:10d1c0006003c01d3dcf4c8fd106d249dd01fddd8e
:10d1d000f70e00ea1eee4bc6bd4324fe6cd111d300
:10d1e000e8270a12de0fdd420e043be7f48139ef37
:10d1f000bdea3629d2ea12c329e634811ab639c209
:10d20000f1e2ffd35f8400fc2dea205c26f0f20af5
:10d21000f020fd1bc77489e936d10e05c92b2ef10c
:10d220000ae6da09d4f5fbb728df3eea81fcf10c07
:10d2300026d37f18d6dba8fe0fc3f5fc4ac7efc77d
:10d24000c013130bf418f000e9eef2e502e612ab9e
:10d25000f3e91805d41c4bde31000decc81d33ff7b
:10d26000df3e53cf13f1722526285be881f1ff28ba
:10d27000bef1cee9bab40128e6c29cf168dc2347ce
:10d2800015e55d260b12b036aa7fd7062ba6e81f40
:10d29000c6ff1302b0afd0ef30b105dc01f4daf60f
:10d2a00003eef7ec7fdeabe9060acce2135b1dabc5
:10d2b000146721ab998def5bad23e2e833e5017f85
:10d2c000cd39db7a7c1b35b149caf6312577023d71
:10d2d000fe3b7f0a8da7fb2534e835cd18bffdfb4b
:10d2e0003d20b5fd3103df10b9ccd8a12c21ffe2e0
:10d2f000c9d8fb868189b5fd39f04a0732f828e3a1
:10d30000c838ccafd4fe4df5ad12f6e459f11a1180
:10d310005285b9ea3018df440317e535aff59b6451
:10d320000f09092fbe790906f2ff39b88104fd689b
:10d33000b9167fe651eaa6e228e8f30bc347bf23fc
:10d34000fa10d236dae93cc905db3220eecc041102
:10d35000f0d42bd3ee4d0ceb1311c766a7211d5a49
:10d3600026767e0ccd63527f06f334dcdbedcd3bbd
:10d370001f14d1033fa72c15fbb3fe4129c616018c
:10d3800037e0b70e062281eff454f20c170234c8ce
:10d3900001253defd81325f2cf14ed09fc062b1d16
:10d3a000ec26ff7ff0daeccff120fce0ea04160e69
:10d3b000a0724a0b9183b1ab29753a522520177f91
:10d3c000fcdbfb1d0d19468f15266c490840dbf967
:10d3d0001a11fce0fc01fd1b032102252fdee529cb
:10d3e000301ddc1beb451238b7e4f881ee3cdceb7a
:10d3f0000f12282d810fbafd50b6bd27e1b70bf8eb
:10d4000035c927311151ce02e4bd101244cee031ae
:10d410008119bceba323c7ebcbece116f6b2f314f6
:10d42000cac51110fed2421ac7eadff50654e968f0
:10d43000dcd1c6ec40ca5106d8dee549b0c040ebad
:10d440002c0dbde600b481f0de132cce072d4dbab5
:10d4500023c3001dde07d0ca5324ee1333c7dbbe3f
:10d46000efe32c17e80feee309e2811df7eeffcba7
:10d470007fd3c9190de33fe728deeb355821002c97
:10d48000c1e2392b35dcf1edd39104eacd0f152d36
:10d49000003115eba0edeb1eef109f16d9081ace48
:10d4a000fdf88363a5de3cf7ece809000681fe1b6e
:10d4b000c9239219ea7f38060e2a130ee1d9f40027
:10d4c00000cfd819c4f5fce70b080dfe1605f3ffd5
:10d4d0000faff521fe021df611d20af51527e7243c
:10d4e000e8f85fffd300a43ee9aef50bfc7fec1e2d
:10d4f00005165069e51551f11ec2f5a627810b12dc
:10d50000e4d7f0fbff8bf3f713de103e32fa33c1a2
:10d510005cee350406333bf3c9e4f37f1ffcd1080e
:10d52000e3f7111cd17619060ee4fdbcd50717c62a
:10d530005908ee2b81eea3d40daf0ad8b31650399b
:10d54000fccfdce9e83c99b21de032d7def8ed65ae
:10d550003b0e1b29dff1c318c2f3f2d62181072845
:10d56000c0ffe4193531b6c1f4df1508df1ea1296b
:10d570000581d1e8b7fe01dbd80efe19ec8efded7a
:10d5800027cbeff4cd12c707adb619244edaf59dbf
:10d590004e04dab2f926f92593c6e3231febee32e7
:10d5a000c81af2e78fb10be29d13d15f8130dd75b0
:10d5b000dfd311cbdbf0f1f8e7fb175bfc0be0d01e
:10d5c000170ffeec227f1f00001013e4b707d502ef
:10d5d000210dde19f181921213b5e219ca014b3ff8
:10d5e000c5e516235f041c28a251070f01da1d852b
:10d5f0002ae5f0d81b81dd2af926e5dff20c11b10e
:10d600000ff745eac3e03b1fdb2bf0122414df23a6
:10d6100048c8651582452a2c99a4f7811f5a5e5780
:10d620001213cf0f5277e8eb1c0baa0acb489d07c9
:10d6300029eb1c1ae189fb2d0d11373fc80733b0c8
:10d6400014fcbd1d60f31df6decf0a19faf9f77f51
:10d650009ddd7fd3a2fddbe724abc2c9d61a57d22a
:10d660009deabada3ea9e2e6cbdd2b5551c00001b6
:10d670002781fceeebd115fffa85f9f71fc63e2690
:10d68000ecd325ce6a09f9df03df43e0e8710f2a06
:10d6900030f103b311dc13ece6d98118e70c0b0e63
:10d6a000edae2e40fe3def084843e44302c1f427af
:10d6b000062b0208f28101f2f24f02fc15eb193d34
:10d6c000d72f13080a2704b11b0abd25f315f8bb91
:10d6d00027da1635964d2c3e5dd20f7f8dd3fa0397
:10d6e00001dfb1ae8b1214a9bf05f14509c6da27d7
:10d6f00011f14529cbb228e938c7a8f21a50c40c59
:10d70000da0c6017fc04e633f1bce909c57f13cbe2
:10d71000abe8e948d2bab208b3e60c1e2619ea0013
:10d7200021ee10e4cd077fd5fe362230140f5f2c9a
:10d730001d559df21b7600e90605eb32ea74f2f402
:10d74000e6dec5c3408e317fe5fde80aca04f5e890
:10d750000fe2f3af8189e3f5f80a39fdfdb7e6235f
:10d760000a17b8d41dd429df60642feacae401f98e
:020000040000fa
:020000040c01ed
:10d77000fcdd07c325192e00fe15b4e9970271d20e
:10d7800021c52d10ded6eddc1d3d0cfb163bed81d9
:10d79000b7e5faf85ac3f5c41a3a16006f02cdacd1
:10d7a000f21bcdab1804572201332520b91c0e0300
:10d7b000f1110b2ff0e80dddf1fdedd8f2f4dee70d
:10d7c000e8e430ba3420f2a1ff0f2050ee29065ec3
:10d7d000b61298c52042daee03d9fed5280ef81ffe
:10d7e000a01727f4271ff9e41816f2ce39fe51f2dc
:10d7f000dafc33000bd4f4121ce1cfe10f180b1547
:10d80000d6ffdd12e22beb060729221f0c34c30cd6
:10d81000f0ce0400ce0b08f6f621e2102d40eb1cf2
:10d82000110fd9f0fd1cc83d1ad50a0a0512e9ea04
:10d830000f290ef8e9caede8f91b810bfdfa2d104e
:10d84000d0181f400609231113f1ffd157f3f6e357
:10d85000eeeb4ff74e44d3040214f4100af718c746
:10d860000917020ada3c09fd04ee0ff50d19f11251
:10d8700000f51b0300fd36231bff07f21cfb110400
:10d880002b010ce9e3d100fcc103ea2d01083208a9
:10d890000cf2ef1f01f8fafcfb0523dbfe0212ed90
:10d8a000dddf0519ffdc1dffe2f8e51403eefc01e6
:10d8b000cf15f7f7dde22bfadcdffef317d8fffb1d
:10d8c000ebe1f0fa2ddde9eb2bfde518120701f293
:10d8d00017eeedf000fc22fd12da0200d5dd17eda7
:10d8e00011f31ae6191cea11db08c313ebece11c77
:10d8f00048fc14db270ad6ba15d0d0cad4fbe6837d
:10d90000342d68ca0940e8ccdec875f7e31a302e1a
:10d91000e2f70527e82aebf57fdc0a201609fb1958
:10d92000f7e72202fe15df49291241f5dd1af6104c
:10d93000001801c2fbbd04e7d910f61bee15fbe68b
:10d94000e615d54a0b010dedf1bdf7e52e04fa11f0
:10d9500006effaddca222822fa0fd8f1f6f4110aee
:10d9600010150c4b171b05223cfafb0cdee61affc8
:10d970003fdc061cf0f91023052b3415d923fdffdd
:10d98000dc1e0e0b3e0c11f9f1cd2ef8220801f031
:10d990002101f4fefa11cf361f0118b9c2d90804cb
:10d9a0000e2c39f02907fa09fad804dfcb22df2a36
:10d9b000af4481ee13f80d2de1e85f0dfcea16fb94
:10d9c000171b3c1ebe3b0811c5eb2ae61f110c2e8f
:10d9d0000e240e56f95d11b00df4efd9092e272a49
:10d9e00007ba0e0510e6220d0dccf005d8ca0ff3cc
:10d9f000e7023ffacd00f0051edb28e6d604df2f54
:10da0000222d283afa1cf6e50f201f1c29f9fe42a8
:10da10001b1805faebce182cfcd944fa1edbdd18d6
:10da200014e9f9dee6f724fc0d08122802f800fce0
:10da3000170907f6172af8e71b2ae2fe070d0b1451
:10da40001eb1f9edfec2e4f8f01505fce5dbe3f6e6
:10da5000e03432f7df3114f7fd14f7f3fe0916fb5b
:10da6000daf4f406143c2510083437f505ebeb1214
:10da70005904f05e31b25615aff9002ce31efc3aa2
:10da800009e33c4635e015000cf0c310fd7f14e7b8
:10da9000341d4a01174a3416f5ea210af3d4322f0d
:10daa0003e21283322e524f809dcdfd22c11d8a44a
:10dab000fa0c212af617e7e62e210b25d6d71717e1
:10dac0005102ebfd0b180e081ee92c1bf30dc818b4
:10dad00016fd13d8edf915f822120bf43c12e736b7
:10dae0000df4f105eee713fdc9f232120318f9f84f
:10daf0003c123328dd1314e3311df5ee1919180318
:10db00004adf1bc608f707f72c0406e62bee1d10ac
:10db1000f1d84308f90523df20350feabebf1cfe0c
:10db2000f524f2112a47300834eff9f9d925130505
:10db3000e10decb581fbeb40f5cfe0ea0a5226425d
:10db4000ecf7f9ad1a1d1bd05d765320ddf2e6fd32
:10db5000efd6f11f14a79945d1f54935e1491ad1fe
:10db6000380ae33536f9f1ea11c0de5b25410d18bc
:10db7000d2fc2cb8d70730e4c61ac007ede10df689
:10db8000ec0725df1a27090c1372f918e42bf1dfd3
:10db9000fbb0eaebe8f0caff49f52cf71efdc831ef
:10dba00022d8e11bd002f6adfc3c21d5eb07dbf01f
:10dbb000473129ecf5214ad43afeffeceefabcf7e6
:10dbc000f8dd26e422d04116ef06fa20291110b321
:10dbd000f62f22ef0215e4fb153f05eb13edeb11d9
:10dbe000e0ed130122df27ef2b2021e6eb34db06eb
:10dbf000d5a3f17f02ebec41fe269b0dd33d1df634
:10dc0000bf22f217e30ff802ce55f62aebdbea1635
:10dc1000321c233bfb01a3ec31231d25fed4f6ee81
:10dc20001b272cfaac95e626cccff717e2ea35b9dc
:10dc3000d90fd04117e71805a0b9dc1ee622182d30
:10dc40000ae1cbdde72f14411adafc0f0f069f071c
:10dc5000efd6a8400a0b29f60d1bd404e014139e3e
:10dc60000c1a19f7dc17f0486008cf27bdcb0b075b
:10dc70004ab1c1edfc76fe47a0e7aa13d7faf0ef50
:10dc8000269fe8ddbcf9db0e03f2ece1d8f90e4685
:10dc90000f2f0ff0e02a16f50c9739c3eeff2df980
:10dca000e6f4c62954251f2d96e204eaf1cf520569
:10dcb000c428d1431afab4d44d31fb0dfd47dec15f
:10dcc00069332526dad63dd4d739230ae91414e17d
:10dcd0004337f620471cfecb17e4cbc9e5391a7f42
:10dce000ddf72afa220f39011af9fabbe9021d12ef
:10dcf000083bf51a5c1ee634e91919b90ffcf31854
:10dd000015ff20fae9d515e8d7282708ffeed6ed4c
:10dd1000de0016ee1430de3dafe711071ccf0f100a
:10dd2000f704efdded26f70de7fb0c23fc27041ac3
:10dd3000d3dd0226f819e1d70f11ed05552509c9e4
:10dd4000092425012d000d223020ccf72cf2da0d0c
:10dd50000fe61006ce1dfbe8fb120536f0eee40dd3
:10dd6000fce03401f4ed0c060b090af30525f02a5a
:10dd7000b8dffbb981c7c4b046ed02fbd982f5eb31
:10dd8000bfe241a807eeed88300dd55d3f2e055767
:10dd900007d1f5cbc2e42542f918e9202749012132
:10dda000e11f295e14323ef6cc0715e52257d03d1f
:10ddb000f18f9e25221bb62fd93bcff8020418ce37
:10ddc0006c1c35e72c263aeb1431d98a511f111ef1
:10ddd0000eeb04df0302320917f8f0dd0a02081c1b
:10dde000efff861132081d2ae8671740e3c9f5e204
:10ddf000ee393d39e827e90622cf3413052df30922
:10de0000df396bfef5142f2f402b1607452ee199b5
:10de1000a604eddbc4d2f1c3e64441f5f2e02bedfc
:10de2000f25411252608e2c025c74c19145601b337
:10de3000460e022a14e0f72222017fd027f4f417bd
:10de4000c8ef11cdef210c1133171cfcf9d14bcfca
:10de5000e60c2013fe46e501ea2cc31403f2bad403
:10de6000200814f60d0156e013e73009d9122dee03
:10de70000af6da3607fb1816d8ecfd16231ce80b59
:10de8000f8fdef07fce7c701e8f4f7af15dd1cff6d
:10de9000dc0606c5fbdf10ff09fdf9dbeaf43709f4
:10dea0002134020a0b22f9fa091fe1f0f704f61ee9
:10deb000fde1fdc302f4ed0a1509fbffe006c5ea2a
:10dec000dd26d4c80ceb08d2cc0cfc00fcfafb37e6
:10ded00007ee1aff23e2fcff0f1fa9ff1618f10d32
:10dee00011090bdffde90fec17d61b26ec0ee7310d
:10def000b9fec932d6fd1e1ada061aec0f23f4fd5c
:10df000032da1e071c877f183b250eb7cbe737dabe
:10df1000d016fdb8e6ba04d759f9e7169a0b31dcea
:10df2000eee7b1cbeedf1af30208361cde482b68b1
:10df300010d960dced15ddf300ff2702049ed81a2e
:10df400022fa0823fcd821ecd3d31ff8e4270226b9
:10df500008491b390335f2f61edde3580d98ceee65
:10df60000ce8e740031f2542c30bd9732a09fa24a2
:10df7000f80206e604f80841edf0e037cd27f7fa9d
:10df8000f3f9101beac33cf1240118fdebd9ff02a1
:10df9000f011ef15db1bccf701f8ff0d00f00dfac7
:10dfa0002406e0f2e40ef104e012c626140217f093
:10dfb0001dd8301e01cb0629f203c2fd5cf8fcfb24
:10dfc000db9b29e1f835d8633f02da5a3a25106025
:10dfd0001f2a65b2e8b3e0cf2732e4e90ca51af3b3
:10dfe000c3c501bddee8680b061ded7f55e88299cb
:10dff000f156cfdb40e60be92d32c9fcd6ee0d38e9
:10e000004cdf9525f40cf40401ec23270134bb29e3
:10e01000f60a280ff5ae313bf010be1135d0db0efd
:10e0200038fd0651ec102bee5dfff910e005010afa
:10e0300007e15be31d07eb36122f0961380bf30d87
:10e04000e9040615f8fe2a0600e113f01fcae00de8
:10e0500019fedaccb8f9cbf5220734f3cad625116c
:10e06000e7c3dd1741d31c2a1140e5ddee17eb04b1
:10e070000f56e5b6dcd833cc2213bfa43a9c050b6f
:10e08000d76b81eef7f2edd5f50c65c40806f2d634
:10e0900025005ee9c5ec37a0f3feb510c6be075bf0
:10e0a000c63fa9101eef18fa090a440ce028e9b788
:10e0b000c71a3dcb19ca1b09f0e4bbf2f4b5ef4413
:10e0c000c7d7b5e5c63bf7302e071b2cadd0ca42eb
:10e0d000d2ee4734e418f2f9e317e9a4dea6e70725
:10e0e00015012000e5e1f2eebae2e3dc37fbd1e90d
:10e0f0002ad5ff9ffd0ad9270a03fa1d4de305eb38
:10e10000f81ef56fc906532ee9c89cf0e5b809253d
:10e11000ff00fe14f03a29e6dff524ddec28be0e00
:10e12000c2bceadcd12f0353fe2a15c7f607ceafd7
:10e13000dddf5019da12cfdf3841eddf023bf9fda8
:10e14000f68798e71cc5fe3cf6e67fa006313eb791
:10e15000260cf533294707ceea092ff4ce11f5171f
:10e16000c923e11716c659f01801ffcbe7c1e6e84d
:10e17000dee2b8d90c2102ef29ec29e4e307f7ed40
:10e1800023f6f13be4f7ff1af1d640f204f5eecea8
:10e19000ec14f60503d564eae800f20d2ae6321b1a
:10e1a000d111f91fd616f1fb3109160220fb0a1b0b
:10e1b000dffdf0eee01bd04c0a0e05e3f603f5039d
:10e1c00014c611d1ec0f3e05fbfdebe1fafde212a6
:10e1d0000d0ae2100c0ed900ee08f2070900ea2e33
:10e1e000fff2f214eafa08052ffb0112c9fa03f94b
:10e1f00012c225fbe0202af00ec5210794f87f0704
:10e20000b5f0e60d09114411f5272bc236ce5a227e
:10e21000d118fb038b0323171f460a1b15dcee2eb8
:10e2200003e80deddb182cbef6d9359cf210e8dbc7
:10e23000f4ec1d1ee8f5c9effaf8aa1a1ae0c3e2d9
:10e240002f08fde4f3b9e709b3da0be0e2ecda13e7
:10e25000b706cf19a920e2130ee5d8db17f70df7a3
:10e26000feeff5071cd20219e404fcd13df22f05a4
:10e27000edf3f1fb014518ddfff5f508d8cfe7f523
:10e28000e3e8e8ef43db37d12205aef22b2c25146f
:10e29000e80feee6110dfb20f4ecd6ee05eaf907e7
:10e2a000210736baf41de5d5fff7e317e627fef799
:10e2b0001eec7f2419efdd1627cd19e0e8330be5be
:10e2c00006f8c5cc2304d1d80cf6e418abddfddf8d
:10e2d00008e64d1af4fb08183dfd2f45f2fd1df22e
:10e2e00022c91163d2170320dccf19480aa715e809
:10e2f000dfe3f1f0f9e2f2f9f60606ff030515f3a4
:10e300000ffe08fbf1011306e0103ae4f0f5b80641
:10e31000ffd70904f80bf9c91107fa0dc7e6f2d7c0
:10e320000a12df12e715c5021a0cd7fc09f9c3e47b
:10e33000390bda14fcf411ead91dfde71fdf1726ab
:10e3400000f7f26f0d02e50ffa0207d01717d1f1af
:10e35000dd18dabe0ad1281f4bedd3ebfd0235e8fc
:10e36000f0111f0608e202f3e6eb1810d5190c179e
:10e37000dba00de039f73e097f45def612a818f95b
:10e3800018131bf81eda2afdee36cc21e2dc0f3919
:10e390004a02f6402d4f49e308e538f50e3f08d80c
:10e3a000f8e929e01120f9fc0406fe0bfad8203226
:10e3b000e5eaff240c1d2b07bf1407fe03ff0a0824
:10e3c000fbfbfc0e10cffaffc10725fe00f230c8a0
:10e3d0000b1a11e6240f1720000409de1b3f0d1451
:10e3e00006120ecc3218f3f546301e0d12ec241c2a
:10e3f000f21d0ffedf11d24012020e38ef0e00faae
:10e4000010defa12eeec1f0cfe16d309f4fa21020c
:10e4100031f414eeea1ffcfe15111117f9ee16c8bf
:10e42000fae1e1f5441c22f81af42d1f1103dbf583
:10e4300001ce150b0b13bd2d0e0b1b5118150fec38
:10e440002335cf0f2738d0d61c332ba79c02fa3e9a
:10e4500039fa01f9ed7f0fff0ceac9e704ff3ab979
:10e46000e818d1f1cad733eaea130af3f02934d70e
:10e47000ede2ebd4f3e1150aef2ff30df4f1fe0f0b
:10e48000eae604f601ff0eee11f82400fc3ff3e784
:10e49000f403eaf1d43b3ff9f9fc0013f7061ce161
:10e4a0002bfd2e1c250b0c1707f8f425f5162af862
:10e4b0001907edf7231aede9f20ae2fc15fdc90c84
:10e4c00022f8e9e30df6f4f2160428ebd6fe11006b
:10e4d0001e00f41400040a090cd6192937150c156e
:10e4e0001be604e1eb03f7eadc131c12f4d5030f7f
:10e4f00036c58156e92282c2fb332307c9fdef1ed0
:10e5000018ecb8f8db12413f0b2bd004f240ebf6cd
:10e51000c903b3db31d1342a28273f0b07b6cfa676
:10e520001e021de42db62bc1f6c41feae4f9e0c8b3
:10e5300022eafa1310c7d9d6cbb7d9d616c9e7c481
:10e54000e9d004f60eaadce2b60a1ae018fdfa8356
:10e55000c704c0d8341141d308f5e4fcf3f33a25dd
:10e5600012efd6fcf0edf9090620fdfcedec07fffb
:10e57000efe20af0baeda6251be9201dda13040329
:10e58000f29f0238f1f81ade2e031bc53b4de80d51
:10e590000c03edfbbef602d8cf3622f3f2d4efff28
:10e5a000e908f3ebf7ab0ddf22dddede1e19e8ed47
:10e5b0000181d90c31c2d2de031b2e1fb3037301bc
:10e5c00011dafcebee4aecf0f6ca03fde5fb011aaa
:10e5d000bbfb57c8fafffa27e756371a2533070d52
:10e5e000df07e401d65213f1f8042b040df1ef40dc
:10e5f0000d1bc91d1d0cece10705fc141d19cb27d3
:10e60000e82eed19e61fec1d0809a9ea2af10b0016
:10e6100019fdeefef0f7cd281ff4d1ece02512e94c
:10e62000f30ff2ee15020b1e1e02f2c83adce208ee
:10e63000140be512dd151e26ded2e01dfcd4fc1401
:10e640000dddf51dd42617010e1a0a00c7f80c0db2
:10e6500006fbdcc6f011d20febe2b1ecd2e630f4ef
:10e660000fe2d71e0c52c2fede021cef45e5e7c5e5
:10e6700049fd16c71a5c60234aedd426c813f8e595
:10e680001c045a1c23e2c71e4f920c030bc9d1ed88
:10e690005323da1dd4d72012c7feeabbc8182ff3c4
:10e6a000ff2c2d50b9fb7f0219e5e02e461101de4b
:10e6b000ecf71f1d312800396107d11421c5340240
:10e6c000f0c7f6acd0f40e09e9f9e1020016e4d87f
:10e6d000ea0341df15230727bd29efd0dc00bdcebb
:10e6e000f4e6ff1ccde9211ff04cdbfff617c90251
:10e6f00047ffbcdd2b26e807d0bf030314170eff2e
:10e7000035080fc1e52335141b0bcdb1020052d0e3
:10e71000e9d901f6092b04fde99802232814de014a
:10e72000ffcae93be6db240fc2211a31f0eadac066
:10e73000ead5e715eb15a52bb8383f43da61d5ebe1
:10e74000d937f0ec26b9812111f3032413f715f71b
:10e7500002d9f0d2f01f36f32512000a0cf8dc03c0
:10e76000d1f2f82ddbecfbdd363249e3e62902136a
:10e7700008efeffc2f16cb15fbd4370f1901cd098d
:10e78000df2bff29eeece003f6f6bfded6eb17d267
:10e79000292be8bf0913f43513dbde0ef0f5ddfca1
:10e7a000f5d2f318154008d40e1af31734362ef9a3
:10e7b000e010c5dcfc0bf90cf8f7f70efe21241b6a
:10e7c000e824c42ef3fc2df7d10deaf6e9f1e914a3
:10e7d000ff0806f717d2db2f0f000722fde914d838
:10e7e0002517ec000abf0ac9fbdb0f244bd61e1706
:10e7f000150deec19f24f707e6f8f4aef58bcf3286
:10e80000f70c14af7f33efd0242b0119291005f832
:10e810000925f0a441df321c101a1eda5f24ec0b2c
:10e8200017f8c7e3ba2530ea2a2e17eb1fded716f2
:10e830000e12e5fd082220df1d0538faf4ddf00c8c
:10e84000f92f3118b6ffe90cf21410f7f5dc34f0ab
:10e8500009ede2c4f321f91fe14521e7b7f3f8bf61
:10e86000e8ec100c164625f30307a90df9d1231b7c
:10e8700025ced6100ae3c7e0c411deea21eb4c0f27
:10e88000e51b17f7f3f7300a06ed1c32e8f7ed1831
:10e890001de405f53de4095828b81b1714221bf6a2
:10e8a0002ae8032208041422d20dfe383d03062b69
:10e8b000ca19063203ece2ec27cabfcfbecee4246d
:10e8c000020adbe4f1e50af5f1d2a5ea777f3fbf62
:10e8d000f85fedb6315ee32c38201b86eb050bf5b7
:10e8e000c8f8f40d26313bba0ac21c55ff5fea0690
:10e8f00001e4ec10c835020e1bf6e1f63ae501fe24
:10e900003105faff11e508d0d9d0fceca8f0e92dcb
:10e91000d52fe12f11e7db14cac7de3a1732e21e0a
:10e92000c33a0f06eae81e9ddf27f954f7fce31a05
:10e9300016c147fe12fbf11e3530ba5ddb1ec1a1c8
:10e94000e620e2c7dadba312f216280dce14162950
:10e9500000d4f207de22edd2e52408fc3534da4992
:10e9600011eee20b1b05f8281c0fe40614e8cc039b
:10e9700079a21d2fbd0b021731fc21f2487f023f07
:10e98000e77d362331d5371a10dc5c226eeafa3a7d
:10e99000c602f3e7d93a4a06db1e0d23f4eff53e33
:10e9a0001adee91017d35de8fbd83347e5f208f625
:10e9b0002debf6f5ef081eca1e0ad32400fee7ee83
:10e9c000002be006ee2de207170c1435f5dfd8e733
:10e9d000f2052009f006e7d44432c711e90f00fd23
:10e9e00005f6d1d4fbfbe2d70aece2083ff225f2b0
:10e9f0001103d4fbf9eb0b0df612cfdc00d4d01ac7
:10ea0000e2071ed9d7faf5efd912f70cddf8210984
:10ea1000da155b1319c11623fb10c60a040af8e6bf
:10ea2000ee32c3c9f5f42dfb1322f91c05d92803d6
:10ea3000131009083637285810bee9f548c87fc7b3
:10ea400031d59edef5c3d9bb10fbe2e8f7052504fe
:10ea500005ef22e82254d9d10cfbe6272800f7da8b
:10ea6000b0e004b10b08fc2d11e205023712fafcec
:10ea7000d41deae5350d22f82334eddee2ecf00b8f
:10ea800000dcdb2c0b4c1b123d1ee901ec03eb01ff
:10ea9000f4fb0c25ccafd716fcfec4f6f2f7e70961
:10eaa0003101d11ce5161b1705f9090d16e5fce02f
:10eab000d21af34139ed0ffa02f218e536f3fd0de3
:10eac000033b42030146c825f7ebfcfa35e5c8eaeb
:10ead000c3cbe5e1f629f804040f0f13f4f5fd1f8d
:10eae0000204ef25da24de0f17f309fad70d11e738
:10eaf0000301a9086bf530ca1d04cd3d20fcc236c8
:10eb0000ee45e12e7fe6310119f6301d4cce1fff98
:10eb1000f6e106ea1ecbbd1dfce917063715ea0231
:10eb200038292a0ae003f7160619f9c62603f21453
:10eb3000d958d81ef20e1aed410413e0492aeadc36
:10eb4000bb19e4ed12e81143e6f2231efaef482167
:10eb5000e211140e3855fd3ae4ed2b07fb33c9f3ef
:10eb6000012be3ee0126f0b3fe4effd6f50c12f7b3
:10eb7000f70bee122b2a160df50a1a18f218dbdb2a
:10eb8000e0eeeefd3104db2df01b0ee72628eee370
:10eb90001a3d19182120b84e21edfdebf1facb26d4
:10eba00003eb2322dbc3f0fed4cbee19350cd8eef9
:10ebb000ef7f99022606ef150b1002e4061125f9e6
:10ebc000d8130a08fee5ee0bf70e132de9cae1147f
:10ebd000fa02120304c7323f05fcfd0d0ae1f0e51d
:10ebe000f7ff1bdeebdafbd605f5021fe4ea07e2ce
:10ebf0000c0cec23fd0708e9d7e6e609fdfbe6145b
:10ec0000dff105effeedf107d810e40ae7efeb1fa7
:10ec1000091d01e3f624f8fcfffbeceeeece0def50
:10ec2000280b0605fbfff80ff90ddef52c02071582
:10ec3000dbedf4f603fc0bf8f813f60a0706ea1a04
:10ec4000e90df506f4fd0cf32802d00501ef1023c1
:10ec5000f514e2eef4021005f9ee270ff01926daaa
:10ec6000e8fdecf814250b20e607ef04150802fe7a
:10ec7000c8eb13e81c33d62bfdec81881c1e1a420e
:10ec8000f36308a91b0cb63306defe4fede51779da
:10ec900047f9dfa5d73a2317a80ad8fa32ff470564
:10eca000502a4235460631a207f505dd3c0d170e08
:10ecb000db09e90e05e6c123170f1f14fb06f4322a
:10ecc000d0bfeafd3bce2510c836b4ce0fd624dd2a
:10ecd00010fa580813fd30f2d5fd050de436bc2eb0
:10ece000fe500f1ceae8ef25d51a1d1a00d5fa329e
:10ecf00031d4e0f6ebd81fef26e73df009dfff1334
:10ed00001cf100132adf00f9effcf10c21b5132ee2
:10ed10000fcf03d4210afaf92a301ff2fff535c6c6
:10ed2000dfc7280bfb2e09d639fc09080148dd2a6c
:10ed30001304f10afb045113fbe0b139e4e281f161
:10ed4000f2c6cdf7d7f6f6f5f7e951e5ea32e7d4a2
:10ed5000efcb24e4401ef24203340419114bd70eca
:10ed6000f5ee212cea1221d0eee84500fde5f8f1a0
:10ed7000fbdc271311f9b6e8e7caf43cfbe9befc5b
:10ed8000f1f00df9f6ddd606d819e7f413260e1dbd
:10ed9000da04ec04120009f91aefdbf0f106f807c7
:10eda000e0d3d92504cec907ea26040628f632e8be
:10edb000e628de02f11a04ecf907200026e113052b
:10edc000f3dde8f61c1708eb0619f5f4080807d080
:10edd000c4f6f1eafcec02f0fbfb05fbddd90bdc31
:10ede000d91e1bde28d205cb01e90e12def022cda2
:10edf000f4f6edb340ce19c506e6f50e366381e0b4
:10ee00001dfee3e503322a3c9c2a9600fbd02dff31
:10ee1000f7200a39840d1a02f8080ffd55f1ea3778
:10ee2000f5df0cdbddcd3008edcdd5f4eefad3ce39
:10ee300017081e5efdfdcce1fffbf0f9171c05066f
:10ee40000e091defe3fdebebe50ee8d117dfe7d789
:10ee50001dfa2ad72df71c13ef0ee1f3e507ead9c7
:10ee60003212dd15f305251eeedbdee409f621fc8a
:10ee700025f7edf3cfeb91ebe415e9e6f9f5d116c3
:10ee8000fbd8ffe61adad6fb1df608dc09040901f7
:10ee9000e213411b110009280cf22304d3f5e30807
:10eea000f6022402ebde3022fec9f406dc11231246
:10eeb00040123c503538e0ece908e4524d81fa0e3e
:10eec000ab145360c1f60d290aefea50dfe1efff02
:10eed0008d48c99387d7e0e7f546178613cbaf4334
:10eee0005ec56939e4e002cb27bc3037a3c03ae005
:10eef000ee12cc38f2ca40f89086ee883c3fcb2622
:10ef0000cfe6a028f5e6c701ca0d371befcf2fe1ea
:10ef1000fb1bfefdea1df109b6f6dba617dd5ee779
:10ef2000d4e2f1edf931d4b0ff570d3629ce1342ba
:10ef3000a814e4d82ce42754e052efe901d2e50705
:10ef4000b3eca017faf8f1c4ed6a13e6f1b502d6f6
:10ef5000d4e1080923d01cdc1ccb9d290102d5abd0
:10ef6000eef0d58c00b70801e462cf0fe7b11ad9f3
:020000040000fa
:020000040c01ed
:10ef7000d0fa1760eae24e63bd1218b7f0e2e2265b
:10ef80000f3ffdfae7b0030d7f0ad8f5f113fcc976
:10ef9000053df4fc05fdcabf523e280800dc1b0fee
:10efa000b60cc00ddae6f0eae8f21202ecff201629
:10efb00008071f19cdef03e70bd337000bd8e1008b
:10efc000050725a92821e8edf00ddf01dbf5ef1c91
:10efd00004ff0cd1301fd0f2cd06151e15170d13ee
:10efe000bd0bd7d8edf6e4de211ce119090c0012a7
:10eff000feda031a4ade38f531121f0117d9dfefa6
:10f0000001fe0031f30f0602dbfae9ed30f214f5f0
:10f01000ede60509defe2cf8011a270ac6f3e10d1c
:10f02000dfe405f337f52bdae603f0d5e4f74a071a
:10f030000ff003d8eaee19ff01fb810fe0d6fd3d8a
:10f04000112317030b28ea35101a10f614e5130bd9
:10f05000fae1f8e80fd016f9e022e304ebe0d93149
:10f060001509bd00e2fad5ed2ee9110e060afeedf6
:10f0700081f407c61f0ceaed08440a2cc4fe12ed09
:10f08000e92fff0704030f210e3514e3f409d8ef2d
:10f0900006f741f6b7fbf5340126f7e2e8333afc10
:10f0a000250cec33fff000071c0afcbb00e2e41463
:10f0b000143bd81334f305fa171a02ce0acfdce852
:10f0c00001f01cfb0518931bd917fb211c301122e2
:10f0d000230f0aead809423a1a2c0a0c31f2c3df8c
:10f0e00004ce03330217e900d924d30d00f2eafc61
:10f0f00068c9135a1548ce101f07d7101a1700f306
:10f1000015ed0e01e1be551e81e64ddcbd1f25212a
:10f110000c2c06260805ec3708eb1b0637f657378c
:10f120003429e8241c14c3360b97d616dbfa09578a
:10f130000d3326c819bb05ebf60e6106c41206eea8
:10f140001e02e300c538fcfdc2f2200f070011b615
:10f15000e01d14091605dfef19e60845f91ce8451e
:10f1600000ed0927c8100923e8192b1a0ee5d8cf9e
:10f17000479441b386f948b0c32c097f07d7f8ee0e
:10f1800009e50126fefe1fc4ff0b21c3d4e6fe05e0
:10f19000faaa5c01c712bad53df416fa22d11ddbda
:10f1a000151ade1121c3d5f74d1bd51c1033aeea5d
:10f1b000ec21ce100abf1a36eff6d9194c2915cf1b
:10f1c000f7290af3dda6e1e810150820f0fa2b086c
:10f1d00032bb05f56025c7c207f801f81c08fdcd54
:10f1e00012f249310901ebf8c3243eea06e4e7efe5
:10f1f000f7960393b947d0c62afafebde8070a611d
:10f20000fbf73bc90f73042cf1b4e546c5ca31edd9
:10f21000a4af8b1e150810f0190310f6020634db9c
:10f22000b6fcfff9813df9e41fe2ecd9aff839e80b
:10f23000ddbd39c4ddf2d3f42938efffc4d961b1a3
:10f24000cc6212f61c0822b6c30bc722d009c7171e
:10f250000cdb02fdffe70f3d030fe2120c26bb069d
:10f260000a25e3e6f139e6ebfaffe0dff10e14815f
:10f2700034a9e42af6cd1d1b2739673eeff103a31d
:10f280000bdb19449a5f2d5c815fde6763731d2f72
:10f29000d9b550304327f6de1c7027131be3e0eb93
:10f2a000194ef1a9123ffecd1db244fa91d5a5f336
:10f2b000aabbd2fc236329edf1f50eebe2f4e9f9e8
:10f2c0002094494509f3efb93122fa2fcecd02340b
:10f2d000fc1027e5ee0e071e2128323c00d7ff293f
:10f2e000181406484c4637e0093e1b27fb5ce3d563
:10f2f0000447f5a649277ffec1e4e645d71b5831f0
:10f300002703a630205e0cf5b2d33de4c1f6fa0225
:10f31000cae296d3f21a12d44a27f103f6d7decd09
:10f320000865ccfbcfb1c81e5935c9040409265a5b
:10f3300008c1f1c7c7c349d6256100dc1935f1c43e
:10f34000180ffee6f8ce1c32c5e8dbc439ecfdb977
:10f35000072378fe460af6dae0c80531fb43c6e328
:10f36000dbfe66232cb9e9c7b123f5d3033ad4e514
:10f37000e4140bbea5cc3f240503133170f407fb46
:10f38000cb1cd7bedbf13d2febf7bab00908141d3b
:10f390001bc61bf761fb03eb2ac109220124f242c1
:10f3a000bf1040edd11ff008f80af3d0ce29be0ff0
:10f3b00005e8fd1c04e601f7fe2eee7fa8033bcb1b
:10f3c00013f8132bf12a0910bef6f9ad05ee3aeb4e
:10f3d000fed10cc5be0febc5ffe437ff0418ddfc02
:10f3e0000501dd02d716de382ed9db130f10d3331b
:10f3f00081ce0f5f3afddefc28b2d5252ad1d2dac4
:10f40000dc223d13012b18b1f101c203ea5a353356
:10f4100029fef3eccc3cb003abf11616e509c510a0
:10f42000e42df1e9d907c613bdc62ce6dc42e4faa7
:10f43000e7fed30ae828fb40fdeef7b1fddcfeef66
:10f440000ad9cbcff2000def1a0ad00824fd4c30b8
:10f45000dfcbdfef12a914f4f0e0f3f51be9f90bb1
:10f46000151df72201f11c1ae61ffb2813f6cd012a
:10f47000c9ee401f7222ef26f8ff1cd445eff1dde4
:10f48000ebdcf9dfdafd3c31ac0b0e071eeced15c1
:10f490003536f91d0dc7c8f81fdaf4181604121a0c
:10f4a00037e3f1d2f32614e82cfae821142818d413
:10f4b000e836cfd3fd13dab3fafd01f4060efb11e3
:10f4c000d3e3280801f31207f301a5fffef2f2814e
:10f4d00006e309fd2b1d170e294bf9ecde0550d76d
:10f4e000d91ef00407fac703c8e5dbeed7d8f1f15f
:10f4f0002102ce461d2aea2c8108a2e1fefa58ea32
:10f50000de47537802e0170c3f05ecbacc04e74e17
:10f51000192ff5f3df56d31d012a94c5c83af5ea31
:10f52000e79feab71c41f736415ed5feedfa054884
:10f530004313f224280470f2ffeef5e224f0cf2406
:10f5400022460023f65a1229abb9db4a9e46051c17
:10f550009e0b0cea03e5192f2a13221002d6111c68
:10f56000bccfa934c8e9e511c9bfea041b47e0e4f0
:10f57000371aa2acf0cb2014f7059613d0f0041282
:10f58000f916e4f306d3461b1bf9dc09ec03d5fea0
:10f59000090c24083b09e50bfcf4dfeb01feceeb84
:10f5a00002dad0f047f72fe3fa1008e03ae8071b39
:10f5b000202ed581df06f923fc0402c1e0d7080123
:10f5c00018fd1dd304f30df63540f7db2cece5d226
:10f5d000ee38ccf11efefb18d9fddec2f513fed2cb
:10f5e000060e3b0a05021cb3d417073de30c20228c
:10f5f000c65e173be2fd46fec62c122c0133049c6e
:10f60000f52a1ee2075f9a2ae227c2d9c74ea1eb6c
:10f610001fe5f11b1ef9e72809fe3805fd002f3d07
:10f620005ccb2c022d33ceb9dbeb02c0eff94c845e
:10f6300021f822021a1f23d40cf2a6ebc13486ee65
:10f64000f4f7f0d4c511d4d0f034ab45873ae7b520
:10f65000fcfbd81ee481881d31ac009d1e12ebed31
:10f660001221e43d12104c1b12df141dd4f31807b5
:10f6700069f9387f1cdde72a02e23bfdf3d834eb61
:10f68000b50aecd3d7131e05d3ec165039e6bffbf1
:10f69000de0235ec113409e703de2bd709e4dcf890
:10f6a00011f0fceac82cd00b1c17d4f604f5fa11a3
:10f6b0002953eff41befeaffee04dc12f70f2e25bf
:10f6c000d601f1e7ecf12a0df91bf1f8effae60ba0
:10f6d000daee19ece10b200b0308fbe9e358d9f54e
:10f6e00012d3f004ed2212dd001be30e0803121dfd
:10f6f000b6b52a04fa1adf4dcef52c7fec0aeacd16
:10f70000d6aac1322503e91e371ee1d1e5dbe52685
:10f71000fff2cf330cb309e5d3e43ffa02eea72b97
:10f7200009f73301282d22160229efe7d1d1d8f1ac
:10f730004b26fae71d02e6faad2019f52fbd0c3075
:10f74000fe023f21fa1e160e2a20fd110e03c1d71c
:10f75000d71810ee940ecdd81c2a0ddc0a0d26f019
:10f76000cce100e2083c241bf1f55df011203009ea
:10f77000fadadfb9b320f404c5f9e7c2013ddee9e6
:10f78000d20730111eab01d4c9e000f70211e60721
:10f79000f67f2100e5e60ef00e1810e604baf2fb43
:10f7a0002b26fa39e4611304b02613010628e80e6b
:10f7b0000f15a6fbf52cf83fe915cbe90ef2d7ecb7
:10f7c0002907fbf6d7bfefebef472d1125e412e435
:10f7d000f81b26d83f0d00e10618d6daee004114da
:10f7e000041b07e008e8db1813fefedbec053fc84e
:10f7f000ecfae7b4cce3e1e6af1bde04261ad5f061
:10f80000ecd5f63a0accb703deee3131210003de47
:10f81000f2f61f091243bc1dcb0bea20c7ed2230c4
:10f82000ec500de5fc1e17b9dee3e204c91beb81c9
:10f83000b01029ee07f2df1b26fe07f3f3fc2313bb
:10f84000341b26d0facbf1ec05f3e2e9ece928070a
:10f85000cd2619e3d7e6c2feef4311f02baaf9df5c
:10f86000ef10f5e4eed2fdfe08fc3de9e40c0308e0
:10f8700082ef017f0bc20df6def110d80a0bff23d9
:10f88000dac10e06f3e1decefeefa9f01bbae334d7
:10f89000f0f110f93aef04220502e9f00dfc0ff740
:10f8a0002910f7082d0802f4e72401ee1cf7e7f011
:10f8b000e50605de20cffa07fc0a1c05e608cdeeba
:10f8c000d110f100dee8f1ddf8fd1aeff3f7d9030e
:10f8d000d7052507e801240df3f8f605f1f505f243
:10f8e00015ec0c04e6e922dd2dde09ea11e0dcfe70
:10f8f00085eceb9d4ef408272ad8f5f2f1acfbf924
:10f90000fae147c34800022f111b04f2c601f8f6c2
:10f9100012bc13e0062617c0fb81ef10ed099c0313
:10f92000e2f9282abd00f906d1f00034f6fd570aa5
:10f9300002f2fb01e206f1f202f71828170b05fab2
:10f94000fb06d51ac6df19f0070b04ed1714e21aef
:10f95000f709161f66e3f3fdf5f9daea01de0e1684
:10f9600019e04e24ebf00efeefd21931ea0d46f10c
:10f970000dfdfdcbfb4a81d143fddafdf1defbd667
:10f980001c051ee1e9041b2011fa192ae8eafb0c08
:10f990002b27a401440602a54e2103bedce6ba2ca7
:10f9a00000d60beffcd1eea14307de28371a285210
:10f9b00034fe30c0d22cf5c02620103f070be208e1
:10f9c0000e27cce70dedec02f903d702dfb1fe0103
:10f9d0000812290dd8f92540fc3adde50fe1f6efd4
:10f9e000e51443f8d9500e12eaead00922e939c8e1
:10f9f000e8f329fc7f0726fd050fd5faebfc2d392e
:10fa0000d34bf40411015e071dfe35d1a7268cf4fb
:10fa10002fe5fc2236171cc7f93212ed2b0a3eecfb
:10fa200012cc580b0a52e7311bc6482ed44f1f1c6c
:10fa30000bcef9ee1618e4f20b36fb1802021a4d43
:10fa4000edfe3cf9f5e62017de12f203e0fa190f9d
:10fa5000d1f816a9f500f5eafdc4d029e303cce4fa
:10fa6000303ef5f3ee2b0c11f70ffcdc2206dce246
:10fa700014d9f5d8f631f4dd22471b040b24d29fac
:10fa8000f80ec737a09807cae506e848b72cb712a2
:10fa9000e397e89d24ff611ae30d19d0e533e512e1
:10faa0003130811bcfe00845da03fe1005ef60ea34
:10fab0006f17c621ff01ca220c111cf8dad02edb09
:10fac0001acdaab4d801e625d64a9445042af635bb
:10fad0001ff3093c1100c3cb222d0e01cd4bfbebd4
:10fae0001fdde7e0dcd3d4dd0611c600d7feb60784
:10faf0004317f8e89bbae5ccf61d2ac8270de0affe
:10fb0000a9ea31292915f5dc2187cf29032ccc124c
:10fb10004af2ed474904db3a59d20aef98cc4f3606
:10fb2000421cf6f5f9ee262820f10556cbe5040e29
:10fb3000dae7050701162131970c185143cb2ce267
:10fb400003470b7f2649efca11465f9064e3da1d35
:10fb5000251f25faca20e32eea3ff8f7d91c023206
:10fb600020e5f63bfddcb24d2029e92ce616e31634
:10fb7000840ecc33faed05e44225e06b1e1e28ed21
:10fb80005c243467cce023d637daec080d12051478
:10fb90002b3c12f2fa2f2babfe31cd1fbdfd1f1bec
:10fba000eaea3f0eaf09e71526dd1846fbc4ee284a
:10fbb000dc4c3025f637ed010a100b0b9114ee19d1
:10fbc000eff3ea91d312f430e8eddf023a0704a92b
:10fbd000feff813c49db10fdc833d59fb146e213df
:10fbe000f2e70fe509b633f41e4fec39dc0ac8f230
:10fbf000688da16c27f71e3d20cce716b4d22147b3
:10fc00004a3649332554c5bcaa0b25eaffcbd7bcdd
:10fc1000321f57fc5cf1e357c3e4f2f7b42d230f16
:10fc20001c01eb52483e130446f8361b5a3c2e1179
:10fc30000205f07f084bff300cb2f1c12fdd23fe2f
:10fc4000f121360c28233b1f1e0d26ef2afff3015e
:10fc5000e5f8b6100c2dfa0dc81f16c3fefac6fb48
:10fc600002caf70c0620f33700dfd4ca14f3fa03f4
:10fc7000f6e7f04809f6ff20ffd8ea353c49d527da
:10fc8000f8f640000b06471009f20c1feff6e6f9f4
:10fc9000bd0326e616ef017f20dee7c608e5e2cdcc
:10fca000e3e1250bd0c039dc190a0b0fd5f516ddc1
:10fcb00018fb1e0bf3e025efe12c2606f2fde5fd17
:10fcc000fcddc300e1283f1bd4112ae2fdd508e783
:10fcd00002dcea2eecf214e7140c0af20e0cc8e770
:10fce000ef300ac8fb0f0bf20b19f9f42bf512f7e2
:10fcf000140ebd6b1c231ef4ddcd16d8d8dc0a16fd
:10fd00003cf02acfd506e9cd43d8d2c25141d685a1
:10fd1000f3d93fc8e1cb07d8dd2d213622fd092fcd
:10fd200034e863d5a744eee4c06106ec1b004081d3
:10fd30001ff72917ffece42c0bab390dd2eadbfbe4
:10fd4000171118e3c812392d101407fa43c91ee918
:10fd50001f0315e63a070ec3d612040f0beed9acfb
:10fd6000f0ea060ce521bd080004026504f3ecf39b
:10fd7000e1e611813315f503fa11f8fefff709f9f1
:10fd8000fa0ffcee08eed405eee0f3000a050b03d3
:10fd9000fffc06fbfcfef31df70cf6fff80ee70672
:10fda000eaf7f1ec01ef0bf6faf510ee0cf00a10a1
:10fdb000fb0ae209ff0ffaf4f5f717fdeeecff106e
:10fdc000fe140afc0af1ebff14031105f31706faff
:10fdd00007fdf1fbeffeec05fcf10a02ff010cf35d
:10fde0001805f2fbfbfe0113001c030d0101f7f1e6
:10fdf000b058dad50904f2140bfc0a10b6fbbdd1d9
:10fe000016497a2d55f61e2115d732a5cafa48f59e
:10fe10000f0816fcdff12b10ea20c2c013c4ede777
:10fe20001de7abd5d17f18a10a60d2bc0a310e50b4
:10fe30003dcee01ccb41ab0fe2c02102e6f0252213
:10fe4000ea15ed38f42540c80ff67814cd9ddec3d1
:10fe50000bfc322adc2fd4da089915dcf91ec323f7
:10fe6000ffb13c8ee7ed0a28fd4ff2e12612fd07b7
:10fe70002a021b7fd819fcbbe408f823d38ff807ac
:10fe8000ce1c0cdae8cf122016d9d503d4f61f0cfd
:10fe90000bd5012007e9dd0ff3ecd921f004e40ec6
:10fea00002450ec9d8f7f3f3f216dc1115eb19ff72
:10feb000f1caee1ac4d908c9092314132fea060c93
:10fec000df2df42e2cd9fef8dd1b2024dfc410f327
:10fed000f8113cee20d805eef11ed7eee509c0e59d
:10fee0002ec8fa2316173514fb19200f2fecdbf55b
:10fef00043ffe2f9feb8ffddfac701ebc7ec1dc511
:10ff000064eabae3130313f1cf7f27e01a20f3fb6f
:10ff10004bd50eec14cd215fdf02f83309fec4f49b
:10ff200036fef2f5b005f5f5d2ad5eced4f59bec1c
:10ff3000dd1813e904f6d7d4370c2edf3134dcfd9d
:10ff4000f611f8e0b909295d20e01e3004e912ef4e
:10ff500006c24a182af41ef007c9ede5ef0504cee3
:10ff6000bc1917e20caafdddd9fbe611cbde1d287a
:10ff70007f1e3591f3dfd6562548ddc3ebf9cb6ef6
:10ff8000edd37735214333bb1c4a3f45f509182390
:10ff9000fab7d1394ddd26c537100424b3317bbc07
:10ffa000ce06f3ec0deb0cc6cf18cfe22004ecef3d
:10ffb0002bf6fe49f8d3e937e04bb504e8e0baed9b
:10ffc00001d0660c360df41800102307fd1c091e25
:10ffd000e5f5df261632e2ec30f5deba3936c0e65a
:10ffe000fda8230e440cf50a02e31a0c1602041da8
:10fff000f91f9652fd2b29243a1aeefc5c09e10dfb
:020000040c02ec
:1000000020fdccea0d20e7f751cd21fa2d30343d0b
:1000100099c0cd7fda0aa3e9059e18e3d20637bf5f
:100020007e4f173cf92c170ffb2d0c0ae54ded1bed
:10003000f70f9fd8c510e4210ccd200ee4b7a9e03e
:10004000300b5c003bbbcb19306af7f83d4e220504
:10005000d0d435e31904d839340d43252f40f8f5b1
:10006000fde12e10c52b49fd0c00fdc30424ffe665
:1000700026d7fc50de0a75130511f414175d31c83c
:100080001d270edeca0e43ea29f0618112e03aca4a
:100090002df746c6cbd7504af60f9ee0bff1d5aa42
:1000a000f055891900dad9fff12d05b1dc05f2020e
:1000b000d71626db2ce5e0db513333e1dc41db14e2
:1000c000e8c7b912bc00f6e19724bacaeb07c5012c
:1000d000420fb90f17cdb55a0446f3e2f1e2d5fc51
:1000e000faf317e4d9d71df6dc1906f5e5db37106e
:1000f00042030f5bc5d32df5d5bad400dd0ae75214
:10010000102b14ed2517df19e01f10093537f508fe
:100110000be0a7fef0d94fda1222f40bd4411508f8
:100120000913117fdb01f21dbed5e6443807fc132d
:10013000fd3628bcc828ef001ddcedf5f6082df3d0
:100140003725c21ed8e525f1e2fa153705050efb65
:10015000ff0d1f01dbe42529f02c04f866bff4f83d
:10016000050530bde5081f1219062c0718f316da2d
:1001700028233442272906e0e8f5cde5fc04c09a9f
:10018000ec0e1625f37fd3e801f6f9bca2922a0003
:10019000fed6df3401ee281c303621ddce07d23a00
:1001a000b8f5de03dd1bfe9cad3bef69b21df1052a
:1001b000eee9dad961583813c6e330e0f5f904fa0c
:1001c000f8d5f216e7fff43224edf2e7d2fce201b3
:1001d0000055ddfd51330b1515e0fa421224dc4dbc
:1001e0002905e61b24131907f34839d4d72c01e25b
:1001f00044faf872e1592fe949eafc2b63203913dc
:10020000c2f52401289af0d7f74cef4743e3b9e34e
:100210001a02ab0581d439a2cabbf6f2f90fe5295f
:10022000f82b30cb74f8efc814d7efc502ffec06fb
:10023000192714c21b480e0a0cff4d16e33c60d967
:10024000f6bddae1e8612c2214f62fd91493da977f
:10025000182020ff05cfd80716f1b40ed012c0e544
:10026000f8f4250caaecbdfef346ddc93622c01811
:10027000e93e6ec2b4196f2a2623ba1d4042d5db6f
:10028000eee831f8dfe62b1cfaccd1072a1815f876
:10029000a262ddf5a407a5f7e3e7cec9ea085fcdc2
:1002a0001b26ffdae90220e7f3ff5b3654cf10ef9d
:1002b000dff5102828f8f83510dcbecaf9b80ef9b9
:1002c00007f33d22f6db221a06f725c4ecd5e47fbe
:1002d0000fe231301404fcb833130f25dffd2a433d
:1002e000f605f80a1123f9fd0c205c15e828190120
:1002f000c82b10a6a51fb93735f7116aaaef4c39dc
:10030000c535e748c7eff320a5da1c815d20210c35
:100310000ea7fcf3fda2f81428f02da5c8d1ed031b
:1003200030e2f2e014c5fd05df071912b01efb58dc
:10033000fd64f90ae949ede6232a0e12012bd2cb1e
:10034000092badd508033c0e08fcd909fedfed41b1
:10035000f8f8040b2ef9fde5f227d222dc21dffeae
:10036000120af909e620c4f105fbe6f4d4c2f10152
:100370003fab54c42e0adc35f30f01260201c60838
:10038000ef0cb9042d004617df1fcf1231ec15af6b
:100390003dee0fe9e22e2216f4eccc2550fbcad834
:1003a000d7ccfcd55b23f1af7d7fe854cff2e3e5fa
:1003b000f01846f7bfe0fcf8e3e0f80b460effe765
:1003c00024eeea280fd0b718f1ef0914cd220cb4af
:1003d0000a3e0e0af3ee3314d6ddf9f31826cad717
:1003e000fb10cce2f30a112825e1fec4fd4e4622a3
:1003f000d2680bb8bc123d0fe0cc4f8f3ae3d0ed82
:100400000e57dc18fa140504d2e803433416511fc2
:10041000ede4460335dc38b681ff565a5bf1d72050
:10042000e50a0a253622a8ee5ee3133010d437041d
:10043000363e27ac81ef345cfe32f4ed4821ddea34
:10044000c3c2e2f72312fd5de3f12dbbe50e16c238
:10045000f7fae2daa10be61e374411ca3b9897235c
:10046000f6192e0a26e4010fed181104502a2f1157
:10047000f2d7d21a022a7f172ae410ecf8171af3df
:1004800013cdbde6301edef6ee2ee733e61aea5255
:1004900012f75118cf160021f3fb1207ddeae5062b
:1004a00014cedcc2f62220fcad1aba412e13e4fcb5
:1004b0002f131505fdf8ea39bf191408e92123f9ae
:1004c0000b0ef3eff401e3d7f5ec06e0eced0b0dca
:1004d000e4fbef14d41aebfefbe2f7f8f9061aeb93
:1004e000effa380ffc08081e04040bf50cfdf31b93
:1004f000f7bae5cfda1939141cf7d6be11af02f5f9
:10050000ed7f13e3f007c0b9d72b2bacbdf2ebd3d3
:10051000dbf82c4504fbdce7fb19f7f40ccc493e77
:1005200003f12ada2fe230ca074110d71ce7f3f0b3
:10053000f1e62e14f30a36f1fdd8e9290232690ded
:10054000f1e8f00d20f80221260be3fd08d20d237f
:100550001ce1044bda43d7fb3fbf11f7f91428ed38
:1005600015f1eaf945a4f3f8d73b2c1f0703fd1456
:10057000fbb2ec5a61224dbed935b5d1c5d0d202fd
:10058000ecbe0334bcd7e006f1191d5502f858e55e
:100590004ee9d214e606e3ecd4f02721ede7391753
:1005a00003bf5a172ffa180bfa7f13d8f6ae1c1494
:1005b000e6ddfb013844dc0f19031ff2edf7efff16
:1005c00037f21710c829a2d120e706e50113f53349
:1005d000f9caccdcc731bfdded33c82120241e3879
:1005e0001328d50b26de41e6efdd2633d4c00a38ca
:1005f000cbbdb28301103edccc2401e281e644dcb9
:10060000f4f246fbe7fdf709bc77c7181907072383
:10061000241cad08ec28583e328717ebf8fdb825ae
:100620002ef9d91de1ea002de52aaf4b1704c8c900
:100630002fe9cdf9120e39102ed2261defddff3c29
:10064000cbcb0200e320431f1725fb00f6cd0eb5f0
:100650000027f9e28cc638b615b00942f5d69c469b
:10066000218befa40f5afdf91eeb062d4ef6e84a3a
:1006700013f8f9b3411cf0f5c9335b471820eb7f41
:10068000fff30adaf2c4d2c5ef413701c404031df7
:100690005205ff20eedf0c25d72c2816e30c022e86
:1006a000d702faf5d61ab4e4f32750283945e3dd2a
:1006b000070d2816d20d6522d0e20c0a0ff0b113f7
:1006c000f22c14030f1abed7fcf916f914eb0ef72f
:1006d000fbece7f2deecee26fc00cbf1f120121190
:1006e00030ec075fc505de1bf1dac4e2092f2717de
:1006f000c2bad97a23fbef05eafedb02b659ff1e28
:1007000031dfe7e61f8209e92bd7e0f4022d2fd174
:10071000f81ce52e49037f30e6f041fee3e421bffb
:100720001a1005a0f3eae6a91fd22216260a2dcd3b
:100730000a41dc06150fe620d133def609305ed51e
:100740000908231ff0e8b323c0f218beecd73ce23f
:10075000e7e8afcadc54f1fbffe6202e11271dd7d6
:10076000d7f642c9fe24d9fd01f21402f5492c2026
:020000040000fa
:020000040c02ec
:10077000f60813f205042503030f0a16d87f1007a5
:10078000eafb3210fef1160c0bc50dfc060608053f
:10079000750814fcebf90201f3eb3809f4d91ac21d
:1007a000de051fd31526b2f2e5ee00000814f82985
:1007b000beead908e908d80ef97f2504cee6ce189e
:1007c000d117e7ecbae9f0c20bffe2f30b2bbb1a2f
:1007d000e8142cef011f27dd0403d9f914f733fbcc
:1007e00050f00900002e15ff07fb11510125d80913
:1007f000eefadf18fafd0308f9f6f716e3041af823
:10080000ef11eafb08ffe8e3fc1f011df2aef6e979
:1008100008f8fc01f905f77fe3e3efe9f603f5e8f3
:10082000dc142804b21af42d0518f8441220fa3a00
:10083000812bbbdb07e0fddf0bdefa1bdc18113e72
:10084000deecefeef503080ef508cde6e223cdff72
:10085000fbc93e05f9f01afd1b1004f709dbe9fca2
:100860000be2fc110cbaf4d9f1fdf417e229b3fa4a
:1008700081f80c06d9e1fcf601260d100407e147ca
:100880001af2e323d4ded1ba0b1d00f4f048f826a7
:10089000efe6fa03f0f40fecefffe8ec26f4ec06d9
:1008a000d6d5110f0f7011f5094f1e3c0df5ee094d
:1008b00023e5ee15f8de0cf7e8dce0ccd8c1ef1745
:1008c000e121a4cbf3ace30ce645f1eeda0e07e947
:1008d00081f4050e98d3d9e12ada3f37f2a6c40b8a
:1008e000151ea7ec10f73cfc00c3f8f0fdf6e1285c
:1008f000f9f5f207fef8e4fe0cfbfc0000037f0ba9
:10090000f7f8f805ebf706fafffbf8020007fb071c
:10091000d40711040a37fef3fee707fffefffefcd3
:100920000905e53b0e0edff9ff0100eef804f4f9ce
:10093000f9baddd5e17ae4c8200439efa6dd0e105e
:10094000e140e111edfacd0e2cf5e72dc013b7e132
:1009500019fae5fd0d035bf71beceaebcaff7ff527
:10096000ff24fdf91ed308d70d0630e70cd726ea81
:10097000f5fffa08a80d0ee3000d3401fef515028f
:10098000fc0205ef00f7fcfdfefdf7f4090208e2aa
:10099000fdfe0681f80df3fa02f000fffd0908fde7
:1009a00004f501f8f8fb0107fdf9b50c0afd06f5a1
:1009b000feccb91b499cd0b4b705eaef3b04151a2d
:1009c0000918238116d505cc031206261f287f019e
:1009d000eb353701e812b815d5edf5cb52f1ea1831
:1009e0002d3f07dde1af1af904a5cfed19f206d3cb
:1009f000d19689d7f6a4102ffef2f837cf7f965afa
:100a00001c00831e2c2a91ea0c32cf3912eae7e14e
:100a100010e523f41663ed1b54e2a2c4fafa69b69a
:100a200029fb3b2d44ff2f3559de100f81c69d5702
:100a300006efee1181ea16f2f3072f1104012c27bd
:100a4000dafae33811f44d32e80f02f3f508f1fe5b
:100a50001506f955050ce30801ed190ffc0c0912f8
:100a60003ef521ff0000fee306df0b051dede3f080
:100a70000922f0d00bec0a08d9f2cadee60e1b11ef
:100a8000000008eece0ae0ad2d0cfdf10b0781272a
:100a9000f7e80ad10a04cb0a140efbe3ebebf8f0fb
:100aa0000322fd05fceaf70d1503e007deeff72e44
:100ab000cb37e20cfee00021faa7f10b03bcec0ef1
:100ac000dad1eeed01e6f50bee0fc724fab1dd8abf
:100ad00023d5e00100df3506dd06d418f6d93bd575
:100ae00038c3eff236036301d831017fca20cd014c
:100af000bcc31030231cc5c4bfb6c6c1a93d120873
:100b00009e2edda7b8defb22d1db2f08c24e3ecde4
:100b10001a4ef70551ef04d0aeeed9c9f8f0ea3b12
:100b2000cd3fd222eef0c2e8d681de0828eb58dabb
:100b3000e803f4ee23f0f4c101de2ffb03fefaff1d
:100b40000606f2f0f6f1f5e181f7550afa110bff0e
:100b5000fb1d0de5fbf5ed07f8f6f6f101f90003d5
:100b60001218f500fc0808f806fb38fae411f9033e
:100b7000b8fbe522f1fefdc51c0efad1d0da151b3b
:100b8000eadc09e6e5fbfe06031206e00fb700f01b
:100b9000fed5d70cfafbdf04130204e21aff13dfc1
:100ba0000bd7f61de4fef206f718040b357f171c71
:100bb0008103d3100f903cdefade3705e80efb1000
:100bc000e3ffd0d11a090a011c59a7050b5dd30810
:100bd00006eb1403000337fcf61721ef30c9030bb3
:100be000158e3a3cf382edf202e30107c51ec0d335
:100bf000db21f0efc1ff2f5d1a4f390cf530dbf62a
:100c0000e0e4102c935008151e21ebf52ec482153c
:100c100001ebdff6f6fc2e158133dd38befdbdf7a6
:100c200022ffe1dd1705b868c9273443d6e08312f7
:100c300081ce5449bced13020e97b8dc1c202feb7b
:100c4000270d1804290a0516d1e90bdc0a35dfce79
:100c500001222202fa28e61e2e27cce4fc23deef36
:100c600009fd0014f2ef020412e815f92bd72a0748
:100c7000ca21fae709005305f832150ede05ee1a0f
:100c8000f5d806281dc8260a19e304161f090f0afd
:100c90007f080afa4a3be9f5f0f8ec14f134f6f86b
:100ca000fe573e4e07ed82fd0e1c081aeb0bf46357
:100cb000f2f21afc070018f901160b199fdd0d322c
:100cc000fbff1100205f16ff0a1f14003701111ce3
:100cd000f30714005afbe5f7ec1581d30439d2d899
:100ce000fbe003910ffbe0f332e6fdfd06f101fbb3
:100cf00022c9f70f0febfc11fa0806d524d427fb05
:100d00001cf80f10f2021afaf8f10a04eb010612ad
:100d1000d8ef060426f5f212317387e7063104fe98
:100d2000fed806811ee5e0fe091ff5141d02fcd762
:100d300035da69ffcaedeefbfbcfdbb424142af4ed
:100d400081f806f912fd0324e1d7eee8f148e6f850
:100d5000f404feff1002ae943128fa043605e1ffd8
:100d60004c04bf074fdfeee9efef14b000e50ad601
:100d7000e1e00006f6f700f5fde20208e5f60f0ceb
:100d8000bced14f80a0b0305ffc7f6f6ea01eb0306
:100d900026f4240127f21e04b30a0d8112eb492325
:100da000f9eda31eef040ee423fb02fc08101dfc6a
:100db000f6220a7fd00609bd2d0ccb8e9af0fe13c9
:100dc000361fdfe1f63a0520e32448ea182e0dea43
:100dd000201ac812fd0a15e6e4f027fb37fe4be2a5
:100de000e73006ed25ed05d1142f101243ecf1622a
:100df000b92deb0305e76bfaf32910dd07e6f109de
:100e0000c9f9b20732971515116303e9f80c04fd0f
:100e1000b1170f0570d7000fb114a238f2c70e81b9
:100e2000f7c7b264fe042c0acc1d0108ed07c5000b
:100e3000c6f4f11513da7f0aca1a1a08c05a08f460
:100e4000aae1e9f10891200a13f806153e0d1c1bd2
:100e5000da1214fc18f0e0f6f32d08110be720d994
:100e6000f5f3f21601f6c1e9f01efff804f4ee36d0
:100e70001604fa01ef00f2f3f1fb0606eff925e99b
:100e80000107fce61fff0002051403f0f416fc093d
:100e90001af97f01f00ae801f6ec15f867faf30891
:100ea00009ed0202dff7f8fdf7ef09350612f40e3f
:100eb000e6e0ca05c611f0de0113fce49fed103137
:100ec000ddfee77f0df3702f05e30bd3f81ed3d1c2
:100ed000fa21ff023bff22101eba66dcf74916d04a
:100ee000f1f5fc0043aef6be08da230d11ed05085e
:100ef000ecc7030f15f1131bf30b06fee62a2210b5
:100f000026f8d000278103fd022ef219fcf70f38d6
:100f1000fdfbf204caf1ed0f4c06ed28d110363975
:100f200009e68fda1bd037411e12f6e2d511b574ef
:100f3000bd74b1d21e0d2b1b074c28f8ffbf6210e9
:100f40000af313dc28813ef620e918103f1e2741e2
:100f5000412404084b11c8faf706b21310552f4963
:100f6000ddf6d42bf9e8daea4b48fe2fdadeeb4760
:100f7000d7fdf507d6d615c0fb013ce005f11e07ed
:100f8000ff06091912f4fb9f811784fe07090b075e
:100f9000def519eaf4fedbecf8f606d407fbe7f021
:100fa00004f7ee02ef07f9f7feea1ffcdd290e0b4e
:100fb00016d60a150ad17f16e9f706fcc5291af0dc
:100fc000d3e2d3fafae8050509eee80b2de70cfdac
:100fd00009fcf5fac815ef04bc0e06ac10fb25158c
:100fe000f3dbfcff04fee7fe590400fefef1bb4efe
:100ff000c5e6e1e801e148fb082f0d10e4e5fb0a36
:10100000dced0af815f81c270e1f22250e171034e8
:1010100034130c04a6f1e5f82ce8a007e50fe4c8aa
:1010200000d41ae026d80f16332b057f18ea1eeae3
:101030000301f31002ee4d11f6fefdf514d9dbf8b5
:10104000ef04dcf809f0faf4000ff50501f7fdf9fb
:10105000d4fafbfec47ff0faf709fe040202fe2f69
:101060000ff6dc0af90a1009ff1b0304f8ffecfa7b
:10107000ccd6dd2400f234090dfefbfc04ee122e6a
:101080000af0fcf2f103e0e6fa06f2f71fccef01fa
:1010900000e88103f709fe221b09e6fdf2fcfbefe5
:1010a000e60b0006202201ff080e02fef9260a19af
:1010b000e940eb110bfe7f13fb0e06f4d42328f757
:1010c000d4dce8fb000efc000742091bd11411fc24
:1010d000040df701ee0606fe1af5ece210fecfbc99
:1010e0000b0a1c0013fd10f8f6f8fbed030109ddf7
:1010f000d6c40f2e28d36818bf4c1bfad87fc2f96c
:1011000006deb4ebf2eb03f909a61312ffd91b11ab
:10111000f30b19fce32be5d1962008d12023fc0723
:10112000de8ad7001c1515e50627f1423ae9a16fc2
:10113000f081bbe5fdeddcda1e37011bedb1c851d6
:10114000e9d119de4012e033130a22f311311d14e4
:101150001f03381ff601350da9529524d010c3e2a4
:101160000fc002962c52c9f8297df57a08f5402b5c
:10117000df14eb1c110a1418f13a02fb1ad20b0807
:10118000f9fafd150df3091705f514daf7141e0227
:1011900008f60903e8dbea08027f05fdf2bd09fb5a
:1011a00007e9d53516eecf1a0422eff7eff2ff1f4d
:1011b000f4120e0e02fbed020f0b02f6e8ae21ef69
:1011c000f90211fb107f070903f9070df711090454
:1011d0000f000efeb2d902080af12406f617de222d
:1011e0000a4be3e21bee01fd26d403dffe04ffaa57
:1011f000c6fd04c6ff070a31e5100dfaeaf7f0e470
:10120000f425080cbe0411faff1c042900faf2e8c8
:1012100010107ffa02101362ed13f3171af10ffa90
:10122000a011050422f6e601f6f4053f2185db1640
:10123000ddb7e82c02e41aeaf8fb2b87e6032b1b48
:10124000d0faf813f7f8f7811107d5dc08f0d5e2ea
:10125000eac70424012101fdf2f633e3001dfcf08e
:10126000faee09efd9cde2fc1ce7f5f60b260927cb
:10127000bd0a570f06afe6eb167f2cd2140f03fd05
:10128000f5f7f3f4d61d08f01b170939fbe4f86fe6
:101290001cd13404f216dc130434e208ec0a0e0408
:1012a0002b000ef5f6e114fe0b0e04ea2b01f107fc
:1012b000fe84ecb2231b05ddf6d02405f6f728df0b
:1012c000224d81f1d30aee341dfce34c9225f80d3a
:1012d000f205e4fd06034404e33b0539aad52019d1
:1012e0009913e3f622b3fd2cf8daf6d5aeb8f73d44
:1012f000bf3ada231bfdf416031c0af4e5e6e8f511
:1013000024f835eef06201f7056b01f7e2f616e717
:101310000b030dff0b0fd3eec90e21810206d71769
:10132000f202c3ff25feff013a1bf507080aca1a9d
:10133000d624f60e03f93b0417280d01f4a227fe6c
:10134000e6f0160e1307060407f607ebf0f1000ba4
:101350001e03fcf79211f70922ede9f2060f0923ab
:10136000ed06b3071213810c092a0505f0fd1000e4
:10137000092f81dc5fd917e3da0f1debdb103b1e71
:10138000f4ed05920b27eef5fffe07f738ed3c0e66
:1013900001180f0e03e5ea0c0607f8d5ed0d1ad378
:1013a000f52ce71b03f0ff0c110dc50012d8fe3021
:1013b000f6f50dd606faeddd05c6fd03ca141103d8
:1013c000810af506fa0be1eafd9eecf60d19fcf335
:1013d00047000203071619f05f01d199f3deecc74d
:1013e000f7ec091700f21bef75f3fd0af81500f48e
:1013f000f2f0351dc7f4161aec24082bfa00301a47
:10140000deeed7710aed7f4e1bf6fff8ecf9e6f43d
:10141000111aeff00cfc0b11eed9221df601090f89
:101420002ffa1af90206f9dfffd7443001fedeeb8e
:10143000edff13f48106fe2dfa1ecb10f802090c05
:101440000f010612f1130001350cedeffceaf2fd7d
:1014500002e6f73e10092a030906030afffd15fb01
:10146000fe0002ff10f504f10106a2fc00f4030add
:10147000d4ebe6ddfa0c0e3b071c0e20a8f1432a44
:10148000c6e808fc06ecb3cd11a5e3c8c7f6c80d45
:1014900024bb0cf024337f04722cdee5f53828944d
:1014a00018b80e0bfefef0ce4d1110110719e9f120
:1014b000fbe9fd1a1ad832fcf91681190b09433ad7
:1014c000cbf0c65012f45e38311425e7da18f60175
:1014d000190ef7910512e30cfbeb1a0c080a09131d
:1014e00056001ffb02fa04d40ade690811f8dbfc7f
:1014f000f44119c104eb8ff810d7f400f21dd2d3d8
:10150000f631f0f10efa06000907f9e0d37f1be788
:10151000030c0c0019def9b4e7f6161012da1218f3
:101520003427fad7e7d10b0f1e12062ee6a5e118d5
:10153000c4f810f4eeeaf812fe7210fde607fd1092
:10154000f7f5f2c2d106d2d6102df7e60229ed7fcb
:101550000cf6310c0202f9eb140acf0d0219f41f3c
:10156000fdffe60613f1f2100ef30be323fae61784
:10157000acfa7f54d88603f6044b1c1201eef60237
:10158000fc0df217edef0e1d1f09f601f1f4e44614
:101590000e171702db5504191308eafd180bf506a0
:1015a00029f4e409f8fb180510ea30f10cf6fdfe09
:1015b000f6070f0bf6110cfbf901fd05c4100a0428
:1015c0008101ea0702f0f2fd00f005f5fbf6f0e913
:1015d000e7f40bffff1012f2380d081501040ea2fc
:1015e000fbec040f09fcf0caec0505fa1105080133
:1015f0003cf983986e3639fde85b7f49e0d72ef0e1
:101600001ef3de05da0807d04a13eb2bfbcb1120c3
:1016100011edc0fc10ff0ec4c7e3202408e31b1922
:10162000d8240de81b241214dc1eda13cd2ecf1a99
:10163000e0fb040e59f90df700fdd3fffdf820fc87
:10164000f6000ce604f1f6f512011afd0efbe1dee0
:10165000ef06067ff30df6fcf6f802f5000801fa36
:10166000fff6fdfff5f502fdfdef4405000b01fd62
:10167000d8e8a7da181f3bee191e1a02fcfbfffd83
:101680000307b662f9faea810edafdd1cdc507cebd
:1016900006e61507f50fd1f612d505250c01ecfd70
:1016a000ff960a06043f0804f5eded222d08fff031
:1016b000f81df8000ce51efa06e61205e831130dd8
:1016c00023fa5af0f32bf3fc0302f2f2e0f9f915d6
:1016d000eeeb1606cae1f3186c23e18bec0a1b0c47
:1016e000fbf3ea0effed1f17232cfdfc07f18143ee
:1016f000d74eff1f0901fb00e41e02fcbab40bf237
:10170000d8f881f932080e050877001d92151a0cd9
:10171000f307010238e5e903a906f24902fea9e050
:10172000113299c70f0322180a10f9edd2f90243ba
:101730007ff9c0fc1c2c34f7e3cd02e308f8e0a9e4
:10174000eb2a28d63b19494f07d2010f00c218c710
:10175000052704091008ed0e0fec1b07e8101af21c
:101760004732f2f30382fa29fa9ae3b108f80afb46
:10177000c3beb73908f926e81c091d0a1009c27f43
:101780000312e7ebf201fe221417cbd3f202def4d0
:10179000eff11704fa0eeb21e0edf308d3f912eda7
:1017a000f11b08edf3cf0e09ead3ff55c518000f62
:1017b000db0ef9f1e9e8f9c4f41181ef0ef006ff50
:1017c0000003f4ff0dee03c44dfbc20e090cb90c6f
:1017d000f20f1934f2f2d7fff8ebfee6ffe8f90159
:1017e0001104f3fefa1a0bf6fdfd9ce704fffe0759
:1017f00095d1d82dee132201ee7fff1302021af2cb
:10180000fe00ccf8fdeff70405c108dae8eb01cbe8
:101810000f191bf91608f0f8fbf2fced31ff33b39a
:1018200037021b01356210db19eb0a4ce1c9dee01f
:10183000d027f9080d1dadd9eb4df8d781cf1cdfae
:10184000c5f9ed192af92f2412272bfb33f73cf7a2
:101850000722b900ff21cc1bd6af289ee53276e5e2
:10186000e3d72117a8f90d192eede7cb1f7d1f2a0d
:10187000d737d9f119be2316f9133506ed5e0fe7f8
:1018800025d533f78934f30a1b5eecf95b0c060da2
:10189000df01fffbb7029a10f9faf7abf4d481fc31
:1018a0000e0a02ea1ff41e2b3bea0c18e5cc8d6ce5
:1018b000eefc04fa361f0c0cfc16dbf2f5081502e0
:1018c0001401f811e313fcfaa30e18fbfae8f9ff70
:1018d0000af103c60b062afd0807fa0803040601ed
:1018e000f4f0010504faf805ff057f07d507fd0ea2
:1018f0001fcb0c0300d147dfd51414f7d27f221081
:1019000014ffd8e4f6252f260e151d0d201620f500
:10191000972202003112edf80fc51cfe0990e9bcb8
:10192000c2fc55b226d011b5eb0a01e83aecb2334d
:10193000b7268ed0f10ed3e0f31a252aee42221def
:10194000f4f8ab0d174b05d61df6fdfb2cf6e91789
:10195000c3e112058166fcfc0134a1e6ec2a1df806
:10196000ead4ed45082357d10f2c041fedef2c23ab
:10197000eb00cf13faf410d4edef0e1c31d1113e71
:1019800010d600f3ea18f2041d13fb002cc3fee08e
:1019900012b47ffbee11eae3050416080cfb09ef15
:1019a000d002e20d72ed20efd3160f41005511fa6f
:1019b000a3bfe911d7ea50b4de10fe812a091af458
:1019c0000c2b2a1c31fe6c060a1d281a190816d980
:1019d000de460303051ef3eb04db29d50fe9e1ff27
:1019e000f7040fdbe8de04e403930dfb48f6210067
:1019f000cef8252c14f228ff17fdf616f01ebee7d0
:101a000015f810fd121b2114f40b0019f03601ed2e
:101a1000121709f605172de519f9ed1c2d06e1261b
:101a2000fc882e0c0a7ff9d901fbf6ebcde1e1ea47
:101a30000f27f2daf9bfffe7f6035cda010910fdc0
:101a4000ff0b13bbe512c5c0f214d9f511fd357fac
:101a500001f410360908dc20101fe0ecebf8fedc86
:101a60000532f2f4fdf3fb10170506e9e1dbf7554b
:101a7000b906bd0dc0411f3bf72966fb005b201571
:101a8000f92c66e888601a09381e0348dcd8842dd2
:101a9000ffd702e020081408c501cc5000e4c4427e
:101aa000f8ec44f6dbbdec65e5007f1afcd6a244f9
:101ab00081d0130aabdbfccbf1e1c6e92608d92bb8
:101ac000eff4f726e9cdfcd314330bd4f612cbefa9
:101ad000f50428fcfe0dc4fcf408e6fe2501cd2229
:101ae000101a15f80ad0030ef3ca2ef1f10bfb03fe
:101af000dadaf508f2bb26f3e3faf8edf9f40d179c
:101b0000c60e0ff0f19b1b12fcf5fe1e062504dc31
:101b1000eff00202a38bd7f6b62230b8105ed57f65
:101b20000430b35bda0381b2c5e50ef803ea89fe3f
:101b300081c12f509bed2486232008e0f227b95263
:101b40000c07b83e241eff57162b19adc51ab32635
:101b5000592506f91e20ce1111ed21ba261e13c5f6
:101b60003cfa2b1006be01e72acc5719761af53736
:101b7000d5d7f2c93d1ef536d51f49636b0c19e365
:101b8000fbf5ddf332cc1bd128d4cd11d8d40b40da
:101b9000ca0f1aecfebce62f0136e1f6d3bbe30612
:101ba00023cff2f3daf4f22be2e4e7f6bef9558143
:101bb000fae5b804f7e1f7dcedf9ed9c33c4f2097e
:101bc000d81bd3cefab7fa0bf43608fee93613eb7e
:101bd000b7fafb16c1e6d904cd0d050005eed9f61e
:101be000de1881e7e8d72c03ddb8f3de16dca3d8d6
:101bf000dc2df80408f10a09072313fa022f20321a
:101c0000f9e35b1123ac230e13e208fd13eb0b2069
:101c10007f041a0039dafee5e1fff629d8e00fe586
:101c200011f353552feee312fbecfd1ed908f3110f
:101c3000dcb7de0a17ac7f02d8381c0aebbc3fd7f2
:101c400012dda8d4fdb81d171ffc01353133162550
:101c5000e1f630066bf7b02924f8ad32220f03f11c
:101c60000b18f31a061104d915f7002a22c4f23d05
:101c7000c6efb71d120a58cb03031987fa2834edb3
:101c80000904f2433a13818cfd0306ddfb4700e6ad
:101c90001200091c050ff6040102fffe2a050bf1d4
:101ca000f0cc1304efe8040c08dddbc450dfe0f4f3
:101cb0009266c5222146361a383c0e08d7814f1d40
:101cc000a5c84a070d561217112928f9ed2a170b36
:101cd000e31bfefa2cd6c5280819cf9138070eee63
:101ce000e34dc2f6f602b813133dedd30016f8c764
:101cf00002e2c97fed15f0082c1d1222e80e58668d
:101d00000acef4ff02f4fbdd0e06ffcae683fdf9fe
:101d1000df1e30fd0111149e080eb90ef220f9feef
:101d2000d64e23f1b4e306fc21de0cd7dfc5dce59b
:101d3000edff140fe50b7ffdf80dc3ec00051feb65
:101d400004f8030acffdf6d51df50404f0f4eaf813
:101d5000f904f24cfe11d11a05fc120a1b0600fd13
:101d600002f8091206f0f809ff0d1ceef6f0faf37e
:101d7000e117f40e0810f8f605f208f4f50e0a055e
:101d8000a206f0f81be5e1f1fc0ef5f2e3ebf3e659
:101d9000cdf501fde1150b1020ff1107fee10b81d0
:101da000ebeb2b18fde9bf02be3bf9e4e703c205ec
:101db000e534dfdf0eb0171308f33718cb760500d4
:101dc0002cd241038634fa0a1c18ebfc7f18f70367
:101dd0002109fdf7d426a3201bf1d398efdc8cd981
:101de000122a36db09f90a243ad81913eccec15f5e
:101df000a42ec716db000bef08030602e2cccd7f52
:101e0000c4e9e5100f1ff809034000ddd8fae41d0e
:101e100008b517fef509a425defcf9d6d9d738f99f
:101e2000ed22e447ed39de1108020a27e3f5e82543
:101e300097cd811219420df8ef1103dafb09942fa7
:101e4000f60ff932eeecea13f315e5f8de33fb0e8c
:101e5000ecee290eed03ccf4e7faecfc0df7fd17e0
:101e6000e017fffa0cebf618ef18e749fff2013321
:101e700008f600eb1ce720d8f5122502f16013f5f7
:101e8000632aabecf06919f41a69f5fb21ed2a2df0
:101e9000dc11f2049c81d20a2d0c13f6e8d6b012a4
:101ea000184b2200f2f11f3e0aff0114f8ecca752c
:101eb00081d0e0e1c4fc4e01d134a6ef1df016e361
:101ec0000c1f121baffbfab2bd07e4f8f902f3def8
:101ed0000bd40a02fe08c2f800f918f81b15fbf132
:101ee000f6f305fb0819020dfae507d0eb0801f53a
:101ef000f118df0100f408e70bf701f927f1d90326
:101f0000f2ea0104f0e8050afefdfe18e8270812cf
:101f1000f7070d09110f03042eec81f60bf927c208
:101f2000072c03e0070d110fd40cfd161cf4fec79f
:101f3000e4fdfa1efcfae30aebf4fbe17981dae650
:101f4000eb07faf41cb2f8ecfdfff208dff9f90137
:101f5000cefc0bfdd78a0b13c348bbf207d5044058
:101f60000cabe8fcf1f50b1beb200302f4fdf89140
:020000040000fa
:020000040c02ec
:101f70002de9f04fd64e4ff01009dff89ce36ff0db
:101f800011013746a6f540433046d24e6ff07f042c
:101f90004ff0300b7f254ff0120cdff880834ff0ad
:101fa000060a2ded0a8b97b0dfedcbbadfedcbca79
:101fb0000e9303230e9a0d91802107926022cdf893
:101fc00030808846cdf824b0cdf810c003949fed42
:101fd000c4cadfedc48a9fedc48adfedc49a9fedc9
:101fe000c49adfedc4aa9fedc4ba9fedc4aacde99f
:101ff0000a9640260896c24ecde901e6c14e0096eb
:10200000b44ecde905450df009f90e98dff810e35f
:102010004021dff810c34b465a460890cdf800c067
:102020000d94cde90b96b84e0396b84ecde9091b39
:10203000cde901e6cde90645cde9044808f0f8ff11
:102040000e986ff0040edff8e0c2a24900f5c0362a
:102050004b46cdf828900b9140215a46cdf824b03c
:102060000891cdf810800796cde902cedff8bce2ea
:10207000dff8bcc2cde90545cde900ce1af08afdf6
:102080004ff0050edff8acc23046924920260e9b79
:102090005a460b914021cdf810e0cdf808c0dff88a
:1020a00098e2dff898c207934b46cdf824b0089128
:1020b0000a960394cde900cecde905451af06afdf4
:1020c000dff87ce2dff87cc233460e985a460b9666
:1020d000099618267f490a960c91402108900d9484
:1020e000cde902cedff860e2dff860c2cde9064557
:1020f000cde900cecde9044808f07efb4ff0070e95
:10210000dff84cc23246734bcdf828900b93202356
:1021100009963e46194608930e98cde902cedff89f
:1021200034e2dff834c2cde90657cde900cecde97f
:1021300004841af045fc674f0e9a2021dff81ce258
:102140004020dff81cc24b46079218220b976ff015
:1021500006070a903046049703945e4fcde901cefe
:10216000dff800c2cde90812cde90545cdf800c081
:102170001af010fddff8f0e1dff8f0c140230e980f
:1021800018220c970c270b932021cdf824903e4663
:102190000a9708900d944f4fcde902cedff8d0e1b9
:1021a000dff8d0c1cde90645cde900cecde9044840
:1021b00008f022fb0e98dff8c0c13246dff8bce120
:1021c0004946099600f54056cdf804c04023dff893
:1021d000b0c10b97cdf82890cdf82090cdf81080a5
:1021e0000796cdf800c0cde902eacde905451af021
:1021f000e7fbdff890e1dff890c10c220e9b494627
:102200000b976ff00507079330464b46cdf828b083
:1022100004970394cde901cedff870c1cde90892af
:10222000cde90545cdf800c01af0b4fcdff860e157
:10223000dff860c10c220e985b4626491746cdf8a0
:102240002cb00c91494608900d94cde902cedff8f0
:1022500048e1dff848c1cde90992cde900cecde9ea
:102260000645cde9044808f0e3fe0e98dff830c1da
:102270003a4600f51056dff82ce109970227cdf811
:1022800004c05b46dff820c11249cdf800c00b91b5
:102290004946cdf82890cdf8209006950796cde9cf
:1022a00002e7cde904841af059fdb0ee6b2af2ee94
:1022b000062a9fed171af1ee081a9fed160af0eea6
:1022c000000a06f54062314606f5c0536ee000bfd5
:1022d00078c50220600300209e29703d00000000a8
:1022e0006c048f3d000000c3a9a8c03c000000c2e0
:1022f000793f8f3d6a06233ef842943d38d82e3e02
:102300000c50040c40d4030c4c50040cc482042028
:1023100072855a3da8171e3d0c4e040c000000208b
:10232000cc4f040cbc2d040ccc50040c8c4e040c73
:10233000400e040c1039040c1034040cc8bb030c00
:10234000903b040c408104201037040ce0f8030c8f
:102350008c51040c4c4f040cc8c5030c400c040ced
:102360004001040cc823030c400d040c007c042025
:102370004005040cb4a8030c8c4f040ccc51040c85
:10238000c827030cbc27040cbc1e040cb081030c32
:10239000fc20040ce07d04207c1f040ce0d0030c26
:1023a0004c4e040c8c50040cb07b030c4ff440607a
:1023b0006ff00a0721f00affdff878e3dff878c34f
:1023c0000c220e9b06f5c050d64907934b460b9145
:1023d0004946cdf828b0049708270394cde901ceeb
:1023e000dff858c3cde90892cde90545cdf800c026
:1023f0001af0d0fbdff848e3dff848c35b460e98dd
:102400000c22c84909970c91494608900d94cde9d2
:1024100002cedff834e3dff834c3cde90aabcde90f
:1024200000cecde90645cde9044808f0e5f94ff0c6
:10243000010edff81cc35b46ba495246cdf808c00e
:102440000b912021dff80cc307960a9139460e98ac
:10245000cde903e8dff800e3cde9087acde900ce65
:10246000cde905451af07afc4ff0ff3edff8ecc2eb
:102470005246ac4930460e9b0b9139460897c0270f
:10248000cdf810e0cdf808c0dff8d4e2dff8d4c210
:1024900007932023cdf824a00a970394cde900ce1a
:1024a000cde905451af08cfadff8bce2dff8bcc2d2
:1024b0003b469c4952460e980c9108210890099180
:1024c0000d94cde902cedff8a8e2dff8a8c2cde98d
:1024d0000aa7cde900cecde90645cde904480f466f
:1024e00008f0a6fddff890e22021dff890c2524606
:1024f0000796c0238b4e0a9139460b960e98cde96c
:1025000001cedff87cc2cde9087acde903a8cde998
:102510000545cdf800c01af053fa0e9ddff864c2ed
:102520006ff00502dff860e2394607957f25cdf8a8
:1025300004c02023dff854c204925246cdf828800c
:10254000cdf824a008970b96cdf800c07648cde9c9
:102550000545cde902e41af033fa3946dff830e2f6
:102560000327dff830c243460e9852460a970427e5
:10257000cdf82c80cdf81480099708900494cde90b
:1025800002cedff814e2dff814c2cde90c64cde925
:1025900000cecde9064508f02ff9dff804e20e98e9
:1025a000394608970227dff8fcc103220397374614
:1025b00009924346cdf810800322cde90ab6cde951
:1025c00001ce00f51066dff8e0c1cde905450796bc
:1025d000cdf800c01af0f4f9c022dff8d0c15b4694
:1025e0000a9203220e993046099204220b976ff04b
:1025f0000107cdf808c0dff8b8e1dff8b8c10892ec
:1026000003220791042104970394464fcde900ce9d
:10261000cde905451af0a2fbdff89cc1c022dff826
:102620009ce10e987f250b920322cdf81480c023e5
:102630000a9204220c9704210992032208900d9417
:10264000cde903c4dff878c1cde901cedff874c16c
:10265000cde90645cdf800c008f0eafc03220e984b
:10266000c02309920422dff860c10421dff85ce195
:1026700008920322cdf808c0dff854c1cdf81080cd
:102680000392cde90ab700f53467cde900cecde974
:10269000054507971af094f9f0ee6c2ab0ee4c2a33
:1026a0009fed221af0ee001a9fed210af0ee080ac3
:1026b000394607f5107332464ff41070194f21f068
:1026c00085fd0e9d4ff0000edff808c1c0220421e9
:1026d00007957f250a920322cdf808c05b46dff8f4
:1026e000f8c006f590600b97cde9034edff8ece0fb
:1026f000cde90812cde900cecde905451af02efb53
:10270000c022dff8dce00421dff8d8c013460e98c1
:102710007f250b920322cdf808c0dff8ccc0cdf89e
:10272000148063e0600300207829022090a3423dda
:10273000010f513dbc21040c7c19040cb07e030c2c
:102740007c22040ca07e04203c20040c90d2030cbc
:102750009037040cc4fe020c9032040cb063030cde
:10276000b04b030c70bf010cb066030ca8660420cc
:10277000b057030c5cd0020c1038040c1033040c5e
:1027800070d7010cc8b3030cc8b7030cfc56020c7d
:10279000c8b9030ca8720420c8b5030c481b030c6d
:1027a0003c23040c3c1a040c70ef010cb069030cc0
:1027b000b04e030c700b010cb06c030ca869042024
:1027c000b05a030c1cd7020cfc23040cfc1a040c9a
:1027d000702f010cb06f030c7053010cb051030c3f
:1027e000b072030ca86c0420dcdd020c0890cde96b
:1027f00003e4dff8f4e3cde90912cde900cecde939
:102800000c74cde9064508f013fc0321dff8dcc3a6
:10281000c023dff8dce30a4609910421cdf804c0a7
:10282000dff8d0c307963e46cdf800c00891069564
:102830000e98cde902e9cde90ab7cde904841af092
:10284000bff8d04af0ee6c1a9fedcf2aa2f5906146
:10285000b0ee4c1af2ee062a9fedcc0af3ee000a17
:1028600001f5a2436ff00a074ff4107021f0aefc9f
:102870000e9d03222021dff880e35b46c448dff889
:102880007cc307957f25cdf800c00b9600f5cc469c
:1028900006950394dff868b3cde90474bd4fcde924
:1028a00009210421cde901e7a0f5c067089114973b
:1028b0001af054faa7f5a540022104222023019121
:1028c000032100900e981ef02dffa7f5a541f0ee14
:1028d000692a9fedb11ab0ee492a01f50a52f0eecd
:1028e000680a01f58453b0ee480a4ff4c060f1ee77
:1028f000081aaa4f21f06afc0e9ddff808e3202396
:10290000dff804c308210795a6f52e407f25602631
:10291000cdf824a0524608910b9706957f250a967c
:102920003e46cdf800c00394cde901ebcde9043477
:102930001af046f86021dff8d4e25246dff8d0c240
:102940000b460e98ab460b910821cdf828a00991b3
:10295000cdf814800c9707950d9406940494089074
:10296000cde902cedff8ace2dff8acc2cde900ceb3
:1029700008f05efb08204ff00a0edff8a0c20890b6
:1029800020210e9852460b97602300f5c057cdf8d2
:1029900024a00a91082106950797cdf83c80cde93f
:1029a00002cedff87ce2dff87cc2cde90484cde919
:1029b00000ce1af005f8f0ee691ab0ee491a9fed54
:1029c000780ab0ee6a2aa7f5c062f0ee002a39460e
:1029d000f2ee040a07f540534ff4c060714f21f046
:1029e000f5fbdff844c2704808215246cdf824a018
:1029f00008916ff0010106952023049108210594a8
:102a00000394dff898819fed699acde9017ccde9c7
:102a10000a96674fa0f570560097079619f0d0fff9
:102a20000e9b022051460093082201904b463046ef
:102a3000604f1ef077fe06f54063b0ee6b1a0e99fc
:102a4000f0ee680a03f51052b0ee480a4ff4406009
:102a5000b0ee4b2a584efbee082af2ee061a21f091
:102a6000b5fb0c2106954b46099118210e9d0c22b1
:102a700004912021cdf820900a91494607950594ac
:102a80000394cdf82c804d48cde901674c4f009759
:102a90004c4f1af07ff8dff894c10c2003972021e7
:102aa000494f0c220f9e0b460a9048480b9149460d
:102ab00005960546cdf824900d9406940494cdf81f
:102ac0001cb00890cdf83080cde9017c404f0097d4
:102ad00008f0aefa3f4fdff858c10c2105f510534e
:102ae000cdf8289009910a466ff006010793cdf8ba
:102af00020902846039120234946cdf818b0cdf800
:102b00002c803546cde9017c334fcde90464009734
:102b100019f056ff294a4ff0020cb0ee4b1a02f59d
:102b2000c056fbee062a9fed2d2afbee081af9eea1
:102b30000c0a9fed2b0a334602f540614ff44060ca
:102b4000674621f043fb06f54060cdf808a04b46f0
:102b50000690082001974a4603900c2100973046c2
:102b6000139615971f4fcde9044b1ef0a5fcdff817
:102b7000c4c013984ff0400e0c214b46cdf828e00e
:102b80005ae000bff81202200f751b3ebfe8093e55
:102b9000785f02209038040c7a11633d60030020b6
:102ba000759d0b3ecc4e040c784d0220b3951c3e17
:102bb000c8bd030c103a040c1035040c781d02201b
:102bc000c8bf030c903a040c9036040c7805022020
:102bd000c0f7030c0c4f040cc8c1030cdb9f093e6b
:102be000a0e7e33d40fe030cb05d030cbc1b040cee
:102bf000bc24040c7077010c9033040cc404030c47
:102c00002cea030cace2030cfc66020caceb030cec
:102c1000a87404202ce7030c503b030c9039040cdf
:102c20009034040cfc72020c0c51040cc080042083
:102c30004c51040c4006040ca0f540564ff0160e03
:102c40000a4609914946cdf820900796cdf810e044
:102c500005940394cdf818b0cdf82c801292c94e8b
:102c6000cde9017cc84f009719f094ff1621dff8d9
:102c700074e3524604910821dff86cc34b46089177
:102c80001399cdf824a0cdf840a04ff0200a079169
:102c90000821cdf828a0cdf800c00f460594039474
:102ca000cdf818b0cdf82c80b848cdf844a04ff03e
:102cb000040acde901e619f06dff0f950595494627
:102cc0000e9d129bdff824e308951a46b04ddff8fd
:102cd00020c30a934023cdf804c00b93cdf8249071
:102ce0004ff003090d9406940494cdf81cb0cdf870
:102cf0003080a848cde902e5a74d009508f098f985
:102d0000139eb0ee6a1a149bf0ee680a3146b0eedc
:102d1000480aa24ab0ee4a2a4ff4c060faee002aee
:102d20009f4df0ee001a21f051fa1299dff8c4c25b
:102d30004ff0100e13960a46079640230f9e0991f6
:102d40007146cdf820e04ff0300ecdf82c80cdf854
:102d500028e09048cde9015c924dcde9034600950d
:102d6000914d8c4ecde9054b19f02afeddf840c09f
:102d7000089739466246cdf824c04ff0400c119bad
:102d80000497cdf828c0dff870c207961498cdf8e4
:102d90002c80cde90254854dcde9054bcde9005c91
:102da00019f00efe129e13984ff0230e324609962c
:102db0000f9ea0f5f053dff844c2102104961226ae
:102dc000cdf80ce07a4ddff838e207933023089114
:102dd0000a96cdf800e0cdf82c80cde9015ccde974
:102de000054b19f0bbff0f9e10994023dff814e24a
:102df000dff814c20a46059666486e4d6e4e0a917b
:102e0000394609970b9308900494cde902e6cde981
:102e1000005ccde90c84cde9064b08f009f9109e61
:102e20005c486ff0090c3246dff8e0e1119940236d
:102e3000624d0a913946cdf82c80cde9087600f52f
:102e4000406607960f9e04965d4ecde902eccde9f3
:102e50000056cde9054b19f0b3fd149ab0ee4a1aad
:102e60009fed582afbee012a9fed570afaee001a51
:102e7000a2f59041faee040a464b4ff4c06021f0ef
:102e8000a5f94448119e00f5c065159a334606958c
:102e9000109d0192009229463a46cde9044bcde9b6
:102ea000029a1ef009fb2a46109533463948402104
:102eb000dff85ce1dff85cc1119600f5fc560a9181
:102ec00039460796cdf82c800394cde90875112575
:102ed00004953e4d00953025cde901cecde9054b59
:102ee00019f06efda6f5cc50dff82ce15146dff865
:102ef0002cc1a0f5c062119b07924a46cdf82c80e8
:102f00000394cdf820a0cde9099511250495304d05
:102f1000cde901ce00952f4dcde9054b19f050fdbf
:102f2000089630460f9edff8f8e04023dff8f4c043
:102f30003946109a0997cde90446274ecde9005c41
:102f4000cde902e6cde90a23cde90c84cde9064bb3
:102f500008f06ef8214bf0ee680a9fed211aa3f5f8
:102f60002e56b0ee480af0ee6c2a03f53a52b0ee57
:102f7000492a3146f2ee061a4ff4107021f026f974
:102f8000079651e0103b040cc81f030c7841022047
:102f90004007040c78050220f4a1030c784d0220b0
:102fa0007c1c040cfc7e020c4008040c5cb8020c77
:102fb000084b040c34a4030c4009040c5cc0020c44
:102fc0001036040cb0a9923e20a77d3e5cc8020cce
:102fd000c40a030c74a6030c400b040cf830022046
:102fe0000f751b3e9035040cc8c3030c00790420f8
:102ff0004002040c7c25040c40ff030ce04b040c45
:103000001042030c007a04204003040c103c040c12
:10301000400a040c4000040c3c26040c3c1d040c2b
:10302000007b04204004040c06f5fc50109edff8e1
:103030009ce239463246dff898c28d4d4023cdf8e8
:103040002c8000958b4dcde908760f9ecde9034687
:103050006026cde901ce0a96cde9054b19f0b0fc0a
:1030600085484ff0000cdff86ce2a0f540614a465d
:10307000cdf810c0302307915146cdf808e0cdf8c7
:103080002c800394cdf820a0cde909967b4ecde9a4
:10309000054bcde9005619f061fe1226109a4ff04b
:1030a000310c77483946dff830e200f51053754da2
:1030b000cdf808e007936023cde90872cde90a68ee
:1030c000714f0f9ecde90057cde903c6cde9054b01
:1030d00019f076fc6d4f0f9e6023dff800e24a4640
:1030e000dff8fcc151466a486a4d0890cdf824a02b
:1030f000cde902cecde90057cde90a93cde90446ea
:10310000cde90c84cde9064b07f092ff60484ff003
:10311000010cdff8d0e1a0f5fc555f4f30214a46a5
:10312000079560235d4d0a9151460095cdf82c809e
:103130000f965b4dcde903c6cde901e7cde908a9be
:10314000cde9054b19f03cfc4b4af0ee6c1a9fedb3
:10315000552ab0ee491a9fed540af9ee002aa2f55d
:103160000a53f7ee000aa2f52e514ff410704f4f9c
:1031700021f02cf84e484ff0c00edff86cc1a0f5de
:1031800010664a465146cdf828e007967646cdf8b7
:1031900000c03023cdf82490cdf820a0cdf810a0a9
:1031a000cdf82c800394cde90157cde9054b19f0fa
:1031b000d5fd404fdff834e13346dff834c14a46ed
:1031c0000b9651460f9e2e483b4d0890cde902cefe
:1031d000cde90057cde90446cde909a9cde90c8434
:1031e000cde9064b07f024ff25484ff0900edff89d
:1031f00004c100f51062314f314d51460792c02392
:103200004a46cdf828e0cdf800c0cdf82490cdf89e
:1032100020a0cdf82c800f96cde90157cde90346cb
:10322000cde9054b764619f0cbfb214812213346f8
:103230004ff02b0ea0f51066dff8bcc0214f4a46b8
:103240000796214d0f9e0a915146cdf82c8000958e
:10325000cde908a9cde9054bcde903e6cde9017c2f
:1032600019f0aefb17b0bdec0a8bbde8f08f00bfc4
:103270007007020cfc32020cf8300220ace5030ca3
:10328000780502205ceb020c504b040cace8030cfc
:10329000f8240220b03e030cfc26040cfc44020c73
:1032a000b054030c236e523efb27213eb075030c35
:1032b000780e0220b060030c9ce4020c34ad030cc9
:1032c000f4aa030c984b040c2095020c2ced030c73
:1032d0002ce4030cacee030c284c040c2cf0030c77
:1032e00028760420fc1d040c709b010cb078030ca4
:0c32f000a86f0420709f000c704c040cb0
:020000040000fa
:020000040c02ec
:1032fc00c41b0c3bda190362dba9bc530fd3e12fbf
:10330c001633ec5c551211f0ebe8ba0c3781340e25
:10331c00aff36637c9f1b9f2b76d0b3f846733b6bb
:10332c00ca45fd51ee371329faa5f91741561b244e
:10333c00465ff6161a27183a041ed41be3b9311649
:10334c0081df30e2c5f505bec11ff539cc32fbafcc
:10335c00cc490f1501212cdba5c93f0819cf4dc055
:10336c0006ed81d6e8283d110001ff7af00f25ee1d
:10337c000ad23f23641df2e7e50414130bf241eb70
:10338c000dfaf12fdf2b130404dfc915221121f7dd
:10339c001e2fd1f923d5f04133072115ffcf7f1311
:1033ac00ea0f35ed011efcbafe22e2f800fc1ace43
:1033bc00da42e95de03b1f3fe381100649790433b3
:1033cc005963faf6212e34340126cf1dc4cb593a59
:1033dc008cc321d8dde8fb96b53b0040c44def9281
:1033ec00280ceb6066201be90eee7f0400eeca3958
:1033fc0032ec190f30e7180d0cfecbf005e10ff392
:10340c0018ce47faf0ffdfeef4fae3111c3600eaaf
:10341c000adc0def43e6012f672af704c749221a8d
:10342c00262d6950f28116f606f9e1d12d22fc0504
:10343c0034ecdd04cf13ed03e40fca0e1b0fde11c9
:10344c00fbb605f5ddfcf72236172715ef67992a31
:10345c007f036ef6395717ed29190cf91bd94b0e52
:10346c00e9f5bcda1817db04ff15e6d8edf3ee2905
:10347c00e63310cbc5eec9041b299233bef9d60432
:10348c00bec112e3eefd1e01f91ddc30e043ded1be
:10349c00c41514def5101a062d6e38577f00173040
:1034ac003d33fead375bfd7bb5d5ac150a1604027a
:1034bc00ce1bd60cdc1ac4c350e7096fd1143ccd1b
:1034cc001437e49def0712120e13e0f681a0760d6f
:1034dc00290335421affac7f2a1618f8fbc3edd12d
:1034ec0030da1d1b51130cf71a0e061a14f404ebe8
:1034fc00245e221209e72dbfc691e5e3c51806cc60
:10350c00060efd1ac11f1361d2f2c6f044074aee33
:10351c00271ace217fef1a19ec2f181d2cb43a3034
:10352c001725621bf33bfe210135fa25051624d81d
:10353c00eb0f17233200d648b4f9efc71241810db7
:10354c003def1504721954b8d4f3ff060fa13601e0
:10355c00f229161817b7d3d4165524ddd64344c513
:10356c001909dbebe11da2d21ff1f5d37f3cf4204e
:10357c00e921f502e427186bac5ef9fd09ca12efdc
:10358c00fe2037e1d315f82518f5e52102f91119bc
:10359c007fdb1de8e008292a16c00adabfdb2e8380
:1035ac001a02e341deccc84a31e4f7d9221a39ebce
:1035bc00be1b03e10e33fa354d1136f8453fda2cbc
:1035cc00d3cf100fa9109b711af30f61812afaed5a
:1035dc00ffc3be1af214dd34e20425f0fec79e2da3
:1035ec00150b44e8f206e325ee5d26520e5bfdfc5e
:1035fc00fecf35ba7eb72d1755ea3813b03e7bd8bf
:10360c004533810bdaa11e0bd701c292234d3af937
:10361c0061abd515ff1eeca6b12b1f1b2d4d47f131
:10362c006d404b0c56003c671718df0ef8d0e0d9f4
:10363c001c0c6a25ce6fd0101ff7beaeee382eece8
:10364c000d05e69c0ed115fc290c7f0ae514f4f847
:10365c007fd31fe5de15424d32e811e8b9f706932a
:10366c0021ee0f04d5fcc6e117dbfa142f2936eb3b
:10367c00f600f5020425fc092e0844ee3315d70f8d
:10368c00e965f8dfeff5101122e1a326db04fff169
:10369c00e2f603ffe7d72036f7ddc02cab64ff0959
:1036ac00e1021e0ffd5df6c4e87ff6592a033ef4d5
:1036bc0052e60727e314af6ed51c4effcae2f9f5ac
:1036cc00b5b6f22ae4372ffc3bbbf7dd0445faca4a
:1036dc00f97fc3e2290fb9abf7ed15f9ec16260308
:1036ec00e206da2ddf191e4acbb6c33f36f2f02cb8
:1036fc0037f5dbdb3ff3f4c91037aa313c81496362
:10370c00cf045755d6040ee5d05116e8934747c45d
:10371c00d406ebffbc32c3161bebdc1cbd24e2d180
:10372c00f40601f7f20d41fefff3dd08f044be2173
:10373c00ebeb3412217afb0b2d7f20381e1518323f
:10374c00d9dd0fcfb990a9f41deefdef6d59e7e16e
:10375c00cf36f0dc0e404734cc8105ff91fe0318c8
:10376c000e08d4e8ff35272ad019040cdcf911e92e
:10377c00d0f6ee013f0859304f2ce02bddcb6e0c10
:10378c000acb33207fc3200941f5e2421d2cc53ff3
:10379c009c062d4fd9d52e67ca0e6d1729d6d8addc
:1037ac002fe00a3dbee6312a17ec183cbad3cec244
:1037bc0032167ff7f9280bfd19f4f50cf11cf5e521
:1037cc00f726fd09ec51c8d312f4471e3a31dc2c14
:1037dc00f3e1a7ee10d2c6d51ffdf0e6481314e4b2
:1037ec00ee03f9f0180b0d7fd61811edefd0010e8a
:1037fc002e0bd205d8fff3270512fd02eb16fa2883
:10380c00460f2fe90d1198047ffa2bf004040316d0
:10381c00ec103917dd36cbfe23f6fff40736b0d9a2
:10382c0018f9d400b5860d13caab1aef1ac2bff340
:10383c003fa5dfd7eff7e0da0b1c351be25aa828bf
:10384c0054cc2adb390cf6197f30e8293c13179a33
:10385c008d223d0ce64b0b291e11e9fbca09bb530b
:10386c0092b8dafbd12e8153c73237e85759fcdeb8
:10387c001a3a4f33f3053436f3c3afdc14fdf3c7f8
:10388c001d570b4d0ce01fc0e7fa130c1af8d11b97
:10389c006dd7fc0de315f5fa2b0360c721e3b1e1fd
:1038ac0005e0dbf2121e28ef150ef5abfb0af981d1
:1038bc004726f1c938ded7e2d900ffe210f5a2f7ae
:1038cc0046dc29ce33ea0c0ff71744cb0fc17e939d
:1038dc007fdd9d347309c033ad06b6a9b50693fae6
:1038ec00fc1a2abc053c48c7feacef081851eefa8e
:1038fc00de763bfccb42d957c2de6ad31efdff0bf2
:10390c00c42481090b301c13e7f6fc061be81febe3
:10391c00fbf602d749eb2a03e9fbe4e308ec1dc8ec
:10392c00fbe5e329e91a97da280be9de7f7cf8231b
:10393c00ea0911ecf8303556e63317dc0b0316ffa9
:10394c0026540602e70b001e2e3e171701fc230f10
:10395c00e55e1cdb0430e342fde84cd07f24ddf255
:10396c00092494e910201fdf0ef20635ae1358d946
:10397c00e9d9e4d27c151c14d50c15f3cdf13ab170
:10398c00bf2f4f1defa6badbb8f615ea3e7ffefc43
:10399c00eef21408ef3d535fecf9e527e3c604ebb8
:1039ac001ff0da1df9ece962b11312e2d8df1e0c3c
:1039bc00d910da62fa162b1f0ad604c100da29f6de
:1039cc00261bcb322d007f04a005e6c3c3de1a52a2
:1039dc002ccff6d3be3103e0ed002422f00df1f62e
:1039ec00f6344f010e33f64924e7c609fe564df264
:1039fc00435df2451c1f14061ee23c255e180ec7e3
:103a0c00e03ffaddce1df020e7d7ff2bb6ee0181ab
:103a1c00ddcaee51df4353947fb4a349094996dec6
:103a2c002f57e436321cf0478a0dce7306824c3683
:103a3c00bf0a4b2007ea25bc0c02c92ddbf5aea74b
:103a4c001af1d4fdfae581cbb3b418ea0fa624cd54
:103a5c001d1de6f712025132c90123523e1627d71b
:103a6c00f736ff221aee16251e26cf05ea0ef0d9e0
:103a7c00f107167552633dc6c0e53f27a4071141f7
:103a8c0036bb54e72ae6d5272a7c06f97fc807e21d
:103a9c0013f86511eaf3bbd7cae431146c18c6ec01
:103aac002838d9011fd9f11cd1e76adf792a31a155
:103abc00b5fe61d82648b85de545bfd764b3e822aa
:103acc002df4c592ca079728c7de1dfece17007fbe
:103adc00ef05f6b8fbf2172d13124be50d81ea2c0e
:103aec00233b02145ccef11b2611e9f40c00d60e1c
:103afc00ed584492054b27ec22cbb8c8da66e61792
:103b0c007fffd21da0d6a52246df28f6f0084c2553
:103b1c007f42763440143b61b87031124ff52f213f
:103b2c002b3f080ed92138356914fe632d2d3059e1
:103b3c000c403fff273f047fe1e335f4bdc443084d
:103b4c00fad5b137270cc3bb1ef2314900d7c30cd1
:103b5c00afe71cc230f92cfbc1e2cbe616bf55d344
:103b6c00470bcfed9a3ef03222ed4f4529a67fcd83
:103b7c000bd2ea310f1d2e08fd165ce9250df1f76d
:103b8c00106413e5e7ac4327e8b64e0bf4f2f6e805
:103b9c00073523c83343120265077fbb223bd4fa97
:103bac003a39d601441dec2019011832d3e908f535
:103bbc00fcdee4e04febfbdacddbbce407e012c546
:103bcc00483108033d35d44302b1dc93e937512128
:103bdc0057577fdc01fee1caf8160f04a613741eba
:103bec00212956ff05bf0f04df35404cfa0b562e2a
:103bfc000aecd6050d3881285a09ea024748132adf
:103c0c00f5f914e0f4182a48ff5735c728f818efcf
:103c1c00304b010ed8d5f2f91bff000bfae41a0d4c
:103c2c00bbc7102806e605080d4704c57f123df3f7
:103c3c000c1ae22900cdd2b914e5f5e4dbb94bee50
:103c4c00cebcf2d613ddd1c9225c0adf0a25c3c073
:103c5c000ae8fde0d5dad8fd2b08eb0545f9efebca
:103c6c00e524e3050e290207e58100eb9ffd0333f4
:103c7c0029f8d8ff100c2411fdfaee09e71f0fe705
:103c8c00c12d3b1f2d0e3623f3cfe57ff6272042a7
:103c9c0013ef0a0aaa1542d820edf055f222224f52
:103cac009f54044bd411483bf6f8fb2ff1262e16eb
:103cbc00daf00ce0fde9c1d1fb09eb0f3df835055d
:103ccc0010fb0e0c05bd03f62bb4ed1909ecc5ee7b
:103cdc00c10af2191ef3feeef2fe30da00f881b0e2
:103cec002bfcbed7f6e406187ffe14b96be5d8544e
:103cfc00c902db6e0bcf74f25212893320311304dc
:103d0c001710e0da3fe9f90729bd99d7730d8dd764
:103d1c00b843de4bf8113c46c1b9c5ca05f5f128cc
:103d2c00491689e90cf823fa9efafdf01ced0853ac
:103d3c001ece1ba80419f51a1bfe470dfdfd0a81aa
:103d4c00d41205e3f4ec08125afc0d23190a81d1a4
:103d5c0022e1050831fc4b63caeda52b0002e63cc1
:103d6c0004fa17600dd6171cf56de2face231fee80
:103d7c005a030474eec94bd2afc812995225811c58
:103d8c00c433b5e303d1293cf0fbf4fcf70e42d568
:103d9c00156006204916fabbf4eda8fe96dff6b5c1
:103dac002dece92f1b3cb39612c22a9248c281df3c
:103dbc00432fe02485f3fafb8dfa0a08ed4419ca67
:103dcc005a0ab0c4d1eaa9c8dea712f1ecefd1317e
:103ddc00199febe330329698ba637f34100a3db8e2
:103dec00243c49e6c5ce2fc730b2b29e19f3bde5cf
:103dfc00db899677fe17ccf10e1616222f0c86b4a3
:103e0c00210607e6d93036f8314e0233700f01d552
:103e1c002d02252cd3d7e217c7f3ff2de0c6ffa345
:103e2c00bee21bdcf419f9e7fb082c07134a7fd719
:103e3c002546003a2d105111f0e790df0e2ebc19db
:103e4c007f20d0fd13116a2e37f7fce2f2b04d2023
:103e5c00e1dd080accce18b80c20c40bbbe356a786
:103e6c00bcd6ced830ee8635c6392549510a0376f4
:103e7c00ed0bffe0eec5e0ce05c7151ee49743e65b
:103e8c00ffe0f690d2120c0a37fd201d20f981f3c9
:103e9c005ccc09be3c07216520ceffdce6137bd64b
:103eac003633ac41118119dafc0319d1ea1b2e4ec1
:103ebc001311316cbe1ad11be9e5fc2118194ba664
:103ecc001a5a213e41321d7cff23f00a00c2b7036f
:103edc00e70515fa22eb55e72cfddced3b42d7ce7e
:103eec00d82737460e470511306df4e13a7ffe3383
:103efc00f72f3d7f2fffd612f6900816c508fb1e34
:103f0c0040d7b61fab15bc2f18d7d74ffcde03ed2f
:103f1c00cc2b290bc0090a2394e112edf4f81be019
:103f2c00f5fd0bfde64ca66811fe18f0177f732dfe
:103f3c00fdf9f82f15fe051c46fb51dd3bfe2ff558
:103f4c007f2abef202390a3bc4e616fa00c429fbea
:103f5c00e3b836be090b191ceaea436ebad8f2c5af
:103f6c00d437134266eb0c4704fe06b2ecb018379c
:103f7c00f1e54d393eed2402e46581edf8233dea8f
:103f8c002300150d3439cf3419ee4c0fdb1d23e013
:103f9c0025198120ebbdefefd2d9dae8153330f0db
:103fac0005e1e8e2381df6f1eaef21fb2e39241188
:103fbc002e1bf565f0eb05ec4d181c3c2a0fe4f9b3
:103fcc00b8b244e6e2dd4df6d3f0b5d1f61eedf510
:103fdc001318fe20171ef7cb0b7f2a3e3257515871
:103fec00f80fb0c413eb42d8fb17e548c8acbc0bb8
:103ffc00d5cff5f41b0e2e1eb8f30d09eb1b1c0dc3
:10400c00fd17e6082ef5eafafe34bde37fe3f9e08e
:10401c002bc1a3e3dce3084cc70be0e90417fe2635
:10402c006af4e9eb30cf0036f61e08d7f2d5274af2
:10403c000cc97fd3dfe51a1d1a1c190cf5f60d8b74
:10404c00494264707f4d600403e52f24b528b557b1
:10405c007fe00f1bb2e6e50909e2d8d80633e23c53
:10406c00c13bfeeac320de2cc3c346261621f20c4c
:10407c0014f2f9012e0706dbe6ca2f1615fbf3eb3b
:10408c00f2f61f74e5ecf6dcd927d3120545e822cd
:10409c00401181f22bf4fce530161c042fdf05f5e2
:1040ac00bafd5f230be3190ec9ff0b1412fcf91bad
:1040bc00250e10dc36f8ca9362b28138cac20447a6
:1040cc00a3002debf71f2fdb01d8ffcbd00c43e166
:1040dc000c2addff1acbbba91e330111f2d63328f3
:1040ec00d969fe041bea3109f21dfae911fbc6e499
:1040fc00beea4b40f1202d4432e595095c394e7fe8
:10410c0016cf0cfb05f987c0ba033003d422960de9
:10411c00132eea04fc1fc9d9120eace9efe3f31d10
:10412c00d405f9120d320bd563cbeccc66f881f8c3
:10413c003702132e510e3220d8f04ce2f2fdecf97e
:10414c001bc63731f6c8f1aae0ece2202f3217fb80
:10415c0023272c81efb9f9f6e9f2fde3a4044e15ff
:10416c00c1076123fdc0ab2bf0ea25e7ecee28f587
:10417c00aad53035e9d2009197fa5db5f9e621b3ad
:10418c004128142ec51217b281d80ddd4424c12349
:10419c00222153c8c6dc597f129831dbf324158fca
:1041ac0064bf573cff18dc2d72e326d81de358ec96
:1041bc00f3bffa28e22cc00de8213cf96d4600163d
:1041cc000c13ef26e728b9630226160002687f3d20
:1041dc002edfe42de5252ce9242e46d20f0e00f11e
:1041ec0072f9cc1b0353131ef8dc0f2831f717069a
:1041fc003edb0ef7c9360f3b1319e41dd8c4cdb402
:10420c002d18243fe222feef30d9f0d9351f0cdcfb
:10421c00ae1efbeb1412d92b7f0043fc3317b608f0
:10422c0009dc05bd18d591ab940f27341ef04f2235
:10423c00597ac562213fe921e1f0de0a1ed11d0445
:10424c00ea81d5061af3d80a7bb6631e270b8705bd
:10425c00580a9f0ae219ea38360e25181e3635fa26
:10426c006fe63aadf8ff091107491df130eb233623
:10427c006941e724f4323df77fe5fdf51af4292274
:10428c002ecb74e6212e077f8be80d3035cae43a2d
:10429c00ca29faf31be534ccfdd3eb57f5f9d51e3f
:1042ac0030fdcb03e31ece4eca30f5c8c1aec2ec16
:1042bc00b4e600d4c99ea2cae3ecfbc07f6e1cd24c
:1042cc000731e5c9300e586ec6e930028cedf11994
:1042dc00fd06cffce2371767d7262acee7dc1efe99
:1042ec000ef5bbe321f0d60c131a06f42e2024e9ac
:1042fc0011ef1feaf3e9207f04340fe60efa31f7d1
:10430c002d3bdde508000cff2ced0b0a0f1e0b29d5
:10431c00fb27a9ed451dd81b10e304e9edc9fef9f7
:10432c00f03af7cb1e121b6118601af805d87fc043
:10433c00230a09e3f72be5cf16dee80527161f0f36
:10434c003cc010bd05dd0c7fe423b1330ff355cb1e
:10435c00fc4717590105e8b40a0ffa7bc913f4e2bc
:10436c00eb07eeb6fafa2df3d11be02fe49a6e3878
:10437c001ec3e2bfe4031f1ed026045eef1e0bff1c
:10438c00e3e6fc177af824110ee50af0f5b4ea35e9
:10439c00ece07f4f389a0d4f127510fd233122ae91
:1043ac00b528a2532f07c9de2920ce542bbc81740b
:1043bc00c613091abdc2bcea47fcf6c3ebbf180909
:1043cc00cf4a3fe94430eaf937b00cfc671cada981
:1043dc00f31ff697dff4001b3fca5c25f408eb4291
:1043ec00f705a922eef238eb1005d40221ce5014b9
:1043fc001aed6a7f1101e9070b0abd2f154614e966
:10440c0018ff02dbe0f5eced290ae50d3508f0e9c3
:10441c00f01be0ff1a26f3f8ec81ed06b80ffc3c1c
:10442c00410eea00fc1a2e16f513f804ec3810d5e0
:10443c0015182ad626761028da1fe014127d35dce2
:10444c006a05d89718ff0fd21165f0444913597fac
:10445c0000722335d218642613dc00d2cbf626adbd
:10446c00d571dc0f2a1aebf929facff42f11f6fbd0
:10447c00150314ddcb091cfa0bf08114cc70f9f682
:10448c00aedbf8f1f44fdc94312f023c38d5fe074b
:10449c00e5fcef0117089820fc251e094723fcc7f3
:1044ac0009f603eff0f00b7f081520237ae030febd
:1044bc00225de1d8112ced3e411222232b28363cf3
:1044cc00c6416cf22e7f0e012bfb29d42b28e70e54
:1044dc002231d03c1d3ed30306d800f2d7fe031b7d
:1044ec00fdd4bea85be337fdc1f412d30cec1cb7b2
:020000040000fa
:020000040c02ec
:1044fc00fa08ea0e100f010a0010f3aee3edf7f222
:10450c0048e0fb0cfe250f0ae8c3e516e72711105f
:10451c003102f8208123080b08f50d58f2eb31ec31
:10452c00e9f8d2ea0ef8590d31f4131dfdf3fcff36
:10453c00fced24270f0a0ac9ea23df0c03fef5174a
:10454c00eac62723df1ed618e1f10c1c3535e20c28
:10455c00f0fa07c11e14c5b7c12a0a08ddcfdacf9d
:10456c003332e323edd4b6ceff10e0d37f2eb5e289
:10457c00ace27908dc28f20a1217edf6d902c9165a
:10458c00b01120b6b5d4f20bff0fe7ff0de2e5ec4e
:10459c00003f142117105001e2df0b1ed111bcf8a3
:1045ac003622463bf7a60605b1ed13e4052b29a7e9
:1045bc0003f4cbf8f7e6d9f6f9ffff430cd11cfa5c
:1045cc00c6ba2b13d5e8261cf3eebbfa0208de03a1
:1045dc00071c0e7ffc25eee4d3eaf0f3f7171a0f55
:1045ec00e6021adc0bff0df1120314080f0b09e99c
:1045fc0009ff0fe801faed030bede91bf50629eabb
:10460c00ebf93004f8ece8f3dcf6e3e304d80ddd69
:10461c0040e41961d13d7df34f120d1c7226bf1c75
:10462c0038bddf03a046e10ee33edbe33ef8402a53
:10463c00bb011b302fe802160ff6a928fbbb81ef3c
:10464c00121c39e5e01fe8de2df6f4d2ff1bc12c5d
:10465c00fe403f221cff945401c8e3d6e4d9cc2f72
:10466c001e1060b91504ca172700291bfe0c1b4b22
:10467c00e100063c0e51f104b4d9dcec21f128fd2b
:10468c00a99f00f766950de3d807c01b0040031fd8
:10469c002515c481e305ff01ebdc1302fc13f4dfe9
:1046ac00b0ea2bd0d9f300d402e4d9ce0ee610f93f
:1046bc00d509fee7461c10e0fa06aef5040317dc3c
:1046cc00fd0925141010dfdbeccef33accf5afacc2
:1046dc00ceffb119081cc1e0c02c161617b20e0281
:1046ec000328150a27dc3a1800f0cf1d14baef0e78
:1046fc00e1811ef92f07dce805f3f24bce24e12013
:10470c004ef096a7f30cbd17c90cfe1aec04fe294b
:10471c00032dbff6faf5bc0b092aebfbb7d1153309
:10472c00030e632fe257d1f94ae2bb3817eea1050d
:10473c00021138e701ef2adae2f6110cfdfeeae38a
:10474c002fdffbd1d9ff2ec4f4ca0122fbee20507f
:10475c00fc0e31d00a16f0d24cdf2909fae32a05f7
:10476c00e8f00bf129fc1cfa1116cd69f0d40d7e82
:10477c003d0f2135dcfa127f11bbcbf60bc9ea0acf
:10478c00f9f5461330f012c1e8fe1718e2f30135c3
:10479c002405c45b08280161f7e5811e15e736394d
:1047ac0040310e0b7b2d3108d1dcdae3dab9434012
:1047bc0006e820d44d083d33c7f4330ac84f2c1fec
:1047cc0041e805d6d5f4c512d9d2d3f0d2dbfaca5a
:1047dc00d4ec28160e5eaefad350c325f0fe11cee3
:1047ec00fdeae40e231e3291ebf659ef290d171258
:1047fc00e80bdc0404ebd62003f7f2220edaf7fa0e
:10480c0001daca0bf200fa810305faf6de2407235b
:10481c0003f506fbf70611fa27031122080d1e04f7
:10482c00fa05170710010ff0f00610f6ff0017ef4e
:10483c0013030f140c0207fc00050ff32bf91f05d3
:10484c00f3f109081becf7e81a0ce4f703091bf069
:10485c00e1fffcece0fae214cf13171ed201ed18c5
:10486c00f681d70409d1b6062245fba5f8f1251728
:10487c00dbe33ced1c0afdbac4f8c70ac8fe49319b
:10488c00ecb6c6e6cc0de144c6272765dd0b1fca86
:10489c004631d504edea2f21a6db0ee7d4cdd5f6b3
:1048ac002e20e2ca6d03d645fa0c08461ee6eff43c
:1048bc00de264d0a360fb407eb0535dac70510fbbb
:1048cc0081250d0d38fd2bb2d9ff181c1fd307c441
:1048dc00ba2e0a1194d72c2cf931082de83c6bef29
:1048ec00f9dd17311f2119330ffd10e62818b9fc1b
:1048fc00fa0e15dd060ef51b0ff1ff04edecfb11a6
:10490c003d0aebd60d1c1618f005f0b6f7160b1673
:10491c00130f4aec104d01e2b801bccd18faca5085
:10492c003ca2e2f502097fafb3f72ac2e23fc64fc1
:10493c00344501152110f518f9e50714faa1f8b260
:10494c00e6c4af1418f0e60e17faf50fea04e0d23d
:10495c00df12d33c4eff4601340139430c1ff203e6
:10496c00f5e2d1e1f3171039da208e70071c3328e9
:10497c00f335127633cd09bb3ff534032561fafdcf
:10498c00f603dc0eebfdeee2f2062e2051d02946aa
:10499c00c62b40b92ae941d4563a0cf831b73a182b
:1049ac0003c1a26b5167e81dfdce217fab73dff114
:1049bc0007b8d60b2501fbe20fe7dde73026d3aabb
:1049cc0000bbfde8cddf5229733fe310e3c934efa0
:1049dc00e80e213c4641d63264002a5eea503a1f6a
:1049ec00cb516cd711c94506ebd22dd90f1410073a
:1049fc0008fcf84f28e248ec272825012db66d2d30
:104a0c006b3aebf923bc0c16e63ce5052da844f9f2
:104a1c0004eff1a41d0c503e1cb43b3af5e4f7fe38
:104a2c00ee1953ddc4322f1214de7fffedcb890b50
:104a3c0021faf4e6e2127fdaee0ce3d3f9b26cd58c
:104a4c0007e042b6c5e2d0fef20db43cea25fd3fcc
:104a5c0033d4e8b91727c106fbf506c1c056370f8a
:104a6c0010c9261d1509243ad6f7f7f23614ca6375
:104a7c000f3dcf29f4daff33f5fbd7d5f9293d09e2
:104a8c00d5d058f33126ea3d07d6f20ecefcec30e9
:104a9c00b6e525271074e632a45ac2ccd1ed98d4d1
:104aac004a8adce501f9341ed9b2f5c1db5bd80bbf
:104abc0005c0b0a707cf1b2e0acacb1a514500ea76
:104acc00e146deddc81fe82ab6f718da6c01f349b7
:104adc00b6eb1c36ddcdd9d72af4341d0f07814136
:104aec00bbfcfaffb8e5c240f72347db29ec6ccde1
:104afc001821f32b3037131438fdf6810502f137ea
:104b0c00d801110eec021234e2050a16feba242565
:104b1c00ca0c20df0ee12b18d1ed3ebece1f440a8d
:104b2c0013db2b4c0c3220f2f4e500f8b913130a0a
:104b3c00fcd60efbc31747dffc14f3051acdfdf4ae
:104b4c00f40620d9d701cfe1fe0113f3dae334e404
:104b5c00f410ffcd2fd4093d3915330aeeefedf4e7
:104b6c00c81d14b7bcf51cc5e1e621cf0f013fb33e
:104b7c00f4002a2a0de2c8c91ef5ff0910dddd7ffd
:104b8c00d4ecfa16d8d5cde7f0f4d81eecbedee4a2
:104b9c0015fad3d3b01ae504cfdefc0edfb13d24f9
:104bac00141b05facc1a0f1a37dbc94019c44e2551
:104bbc00fbf681ce0312fc1ec6e7df010109ed01f5
:104bcc00e636e402e5edce18fd230330daf1dfb969
:104bdc00fc13dc2ff909bee6f21fd50233f71635ac
:104bec00dae7ee03d60dd0f2e0ebf90a0103f3fda0
:104bfc001d21f4dced08f709f0f8d506ed2faf1305
:104c0c000a1a11180ffae5f415e3ff250219030c23
:104c1c00a0220edb2413eec9c230b717d7cce9c8db
:104c2c00160d69edd50ab7533010f5fa26d50024c8
:104c3c00f7130ee329c5cbf4e0f60ee1be0c21b15f
:104c4c00b3020ffdc82bebf73cae07e6dde5e51b29
:104c5c002910210111d379151a0337d6de43766456
:104c6c000dfec90081f3e0f20cfdbfe0595510d8e0
:104c7c007f140a4d04eabecbefe4f29d3c083e1fc4
:104c8c00df2a20e8eb7c4322db1900f62b2e2eb218
:104c9c00c4ca2ea0dbd0181bfef1f0e114f7030ef2
:104cac00d814d9e7fa0500f9d6cbdd020bd1e8fb15
:104cbc00f2d921d91b29b8fc2514c53636e029d3e5
:104ccc00f7def4e704c099f6c90ed010bf0216f552
:104cdc00c91917f80712f4d80ddef0f31dd2822a89
:104cec00fddca94ef4f21774eb75f0ee17152e548b
:104cfc000d27151df4d41a140cf33f1cecf516f506
:104d0c00fce1fa322ae527fbed19bbd811d40ec110
:104d1c00f8c0fd27e80d1d0e16f41e1ddc21810bbd
:104d2c000c2ce9ed25f40ddbdfc2fd36fbde18c7dc
:104d3c00fc281701120fc3ff43091d161529ff2c60
:104d4c00f4efeded31e9ec3ac78155e5151204d0dd
:104d5c00cd170b3232fc2ce90154251602f9b6930f
:104d6c00ffe904666432ee41db01320a0104d61419
:104d7c000421e9eec6ed6e1afe1114e53a03391959
:104d8c00e6974df302c13be9f0e2fce4e63738bdaf
:104d9c0041e48e23dded395f48f10fcb203711f262
:104dac0008d224790a42fbf6f84a761af1fe25015c
:104dbc00ccce81cb8712632f135a43a0dfe3c3d42d
:104dcc002c25e7311df734f2fee70ccb0cba15a8f5
:104ddc00e40b48bd414f07b9e301153920f932e521
:104dec00dcd82df0d54b7916c8dbdce7de0bf639b9
:104dfc001c0148f3f7e510a5e003030fed9cd30f5e
:104e0c005756e4f616dc32d0c826c72e0b08f6eb44
:104e1c000de7fd1c0322f6ebb9c993e71c4651dbe9
:104e2c0034d77fbef645fb3aef1d4e011a142ad03b
:104e3c000e1aeb11ebfb08f912e10cefd2ee9dd43c
:104e4c002f0d5912fe57db232a0f04dbd22525f92f
:104e5c003d0003f9f22412fb10010a230d2401fc7e
:104e6c00f1c3d1f6e327ee4cf5f01309d953110732
:104e7c00190a1ef3b62f120283ff09090ee108135b
:104e8c001f0839f50e19120c1820ce120cd003067f
:104e9c000631f8f9effaf71a39ff30f2f009ccefd6
:104eac00f50011ef1df525fbe2f3f981e51c041d5e
:104ebc00cc1c0fc915de26ddb9ffb8ed4ce3060e90
:104ecc0022e03baddd03e31f16fd21352071e3ad80
:104edc002af1233581223212face413cdef5bffc99
:104eec0007f14a06e5f4071e15f4f0c4f002c56c90
:104efc00e2cbfde5b0e8bedcf912faabebcf0ffc70
:104f0c000fe91efae23aee06fc11f5b5410cf82356
:104f1c0007ef22bbfd3d834b15d1e3d714031f04d0
:104f2c004c46e3dd13c095da25be54eeef340f2862
:104f3c00a7ede8289ff5ef17f3110ca1a2f7f9d50f
:104f4c0014f1e33d012042ee34f1e6e2e4daa87f0d
:104f5c0008bdf7fedbc2b9afffc5e80a011224cecb
:104f6c00baf326e700e50e1fc7d5dc2de116231298
:104f7c0024c91f00c2def52510fe26ea12f803dc58
:104f8c008120f323f83bcbf6f61fd938cd1201f66e
:104f9c001cebe6d52515e607dbe8f806fd17afdfb9
:104fac000e003604d33afd1617e6f618ef0f04067a
:104fbc00f70703be0cfb0dd81021e802e61cf31416
:104fcc000d25f6110f08c32ee40531f8211ff1024f
:104fdc00b60b07c319d36153c91a0031cb9c1918ee
:104fec00d9d127f6c8f51761c2d5b5040211e5125f
:104ffc002e0b45f21bdde7dcf0eadf17ef5af73931
:10500c00d7e2d0cb281dece07f3bc4aa19ad0a0334
:10501c00150d1ddd2212d9321afda8043bd802232e
:10502c00f7caa5773436fdd26c05676a4a03c70cfc
:10503c00224f0109442ac7f15c0504bf0e1a204b0c
:10504c0028ddfcf7f31925e9fddb10370c2103da19
:10505c00bdf045d30a2a1f030d06291adcdadb281a
:10506c00f6ffe5ed3028f80b2d1feecfdbf8ec7fcb
:10507c00e5f7eaf5a52f3fedfa28141d160ce6ea24
:10508c00fff9100c4c2f0023040df7060722a6ccb9
:10509c001b1eeee70e097f16eae3e728119acce314
:1050ac00cddc921c0a100ce70a1f12120a2194e99b
:1050bc000952e547383139284c142c31713015e838
:1050cc00dbe0a224233c8ff218ee1edbe1cfee498d
:1050dc00f40b1a0805fff5f2060bf40a00dde3feeb
:1050ec002e213200db94043ab9ff113b0ec26c2d19
:1050fc0010c22208cbfb0f0ee90e141b26121ee069
:10510c00b8f221d2f915c40415e9ec01fcd620c87b
:10511c001bc116f0a3fe200b37f2f928f01547ed52
:10512c006a3ac8d5e6e13f41e11bf1ff1119c21bf8
:10513c00d82f14ebf9003e0d0c233d06ec3a131d51
:10514c00f717deed1626ede4bcf5f77ff93ad3f44c
:10515c004cfb3841f2daf1efaef6edcee6be02b51d
:10516c00deb609382f02d607af35b442f41cf40270
:10517c0032e6e409682ef8337fd5eace0650ee12fb
:10518c0061e8a3f0e7e0243201f10ce507daede584
:10519c00dd35f7d5d6e740ff05ee11e2fa02cf0276
:1051ac00e60b51ff8f2bb0ba2af6d4090129a912ac
:1051bc00049423d89b3df91cc6d2d49eb788e9171a
:1051cc00f22df9fea0fcea32cff3bfee2fe64b1b1b
:1051dc0032faaf2be10fdddb0fd8e93af4d7c1750a
:1051ec00163f23e7da270ddef005e11b560dd7e954
:1051fc00032b0a1f1542191587ea421af543a43ce2
:10520c0004166402f3fdcfd4db06c6f9c92f812a3c
:10521c008900010308f62b1af307c2fce3f5eb2c0b
:10522c00e34aeceef28106100d08f4f9f2ea18f4f8
:10523c00fc2f0619120d2bde0ffedf1204de3509d2
:10524c00fbf0eb03f2bbeff53318ffe6ded1e7f32f
:10525c001cebd3d92b230316edce190df5f4cd028f
:10526c002a1e05f6fdfaf700331ba6cc1e301b01d7
:10527c00bc9f5cd4c8e6d0e6b5542505e310e9e440
:10528c0010e93032f2e7e7296e1bb9f536f3c81690
:10529c00b0956fcaa31db8d1e5d9fd529921461e10
:1052ac00f0270cb1013cb9e1a2f87fe12c26d032f9
:1052bc00f740b54019e89adb0e33c8b94302c95020
:1052cc0000f8c0e7e2341c634415b332741a8bc087
:1052dc00eeec26ec0fbebda1f40de32005f5fff9b5
:1052ec00d203dcfad8fdf2281c1028eb8c37f03de9
:1052fc00e65f10caaf151ba3f6ebd5cfe4da1cfea4
:10530c00ef339548ea031cdc2ac9e632eefc5ff267
:10531c00077246e50918811e31dfe011e6dcf92e33
:10532c00093d0dd4d5155752f2353e77dbe91acb32
:10533c00e497f7e081e1ffea05ff2514d71a1d3742
:10534c00e8d8d70f2cc93ce72b0713122ddbf1043f
:10535c00ed3b090f0711fc1617efd30fea1ff50de4
:10536c00e625e412c4dced210729f30c4afd1513e4
:10537c00290e18e8110f2f1715fb02eb122736fc1c
:10538c00d7313ce20e00fb01dbf62a1be002ebcf2f
:10539c001181e8ca89db9f3c2c0c35fcf3dee2144e
:1053ac0056e011ccfd48fe06f4fd0432de26da1a76
:1053bc00fc4317f7cf3c19380c0fe0f1202be72ded
:1053cc00c9fedf3a12f4f227090e14ea1a2c1a63fa
:1053dc0031061421f406f048dc0bd2cb13fcda16a0
:1053ec000725dedac6e044d9aaf6db224a3be5e71c
:1053fc00210881c7000612ea4ee61b080c2607fea0
:10540c004810130f422cc2df37471d66445a392f00
:10541c00cfe80dce44db1dfaccff45f40a44e6f987
:10542c0049eb17224ee3c515540c18c2e6db39e9db
:10543c00efed1f2c030adae0183f1440c1c0e21054
:10544c00f010c9f71f00c7301dfabfeddd2dd52cac
:10545c000d0e06e61bf1452ff0160416f141ea512c
:10546c00dbb400452bd85ce1440047d215260af387
:10547c005a2e14f69b2a25d3290d1b8233cdf035d9
:10548c0005ef11176400e0d2205dec1e113aeb30f1
:10549c0000f1cc192208812b33d8300ef348e904e3
:1054ac00ce281b08c2fc1aef3b0900f90d16226c22
:1054bc00ea28efe24939220d0ef5f6e0350add2a2d
:1054cc000687e0e3e106af1ad1d02a1d11ed13be19
:1054dc00e440270824d6c0080824d13b2bf403123f
:1054ec00071df6281fd4e3f50ffd0311e2460e0d40
:1054fc0003d6e8f1cfe4cfca24dbd9df4ee37f0833
:10550c00c2d617f7bc09caefe9217aa019d8c01383
:10551c00051fbb7b14cc2fcd65d101ba00451807f4
:10552c0011d752379165f0ede134242809ef1b08af
:10553c002a170e0a3395023e3927637fd4c2c11352
:10554c0052cf0b5b2d1200f0a0b6f40bd8ede74553
:10555c00f2de081f2e16ef1ada3ecf11fef0ee6cbb
:10556c004dd7a7c40aa55a8a24c25cde2fbefc38cc
:10557c0000cfebe0cf681927fa1a21fffbd8ffe424
:10558c00ee580c0b16ff141de87fc2fee200ce2e67
:10559c0006d504fced20d20708eada302cddf7f34f
:1055ac00de2de9b7ebfb2107e6000f44385900b0bc
:1055bc00fbef0efc090dfff23f1c2d04f2e104136e
:1055cc0039ef06e0230ee25dd91ac3000fee9eef11
:1055dc001011c0041cfe2aecca083fc9a5f24016e3
:1055ec00111242f6feedc3ebcbe3a20019f8f2d593
:1055fc00f91b2714d80efc0e4aecf607e6f1811cb9
:10560c00d20d0805f625c6fa3be3fa11040925d19b
:10561c00f303e40bff14ca0326d11f16f40218d8a7
:10562c00f8ed44e7f721c501201b2039f723e6e00c
:10563c001afbfdf5fb181ba6ddb6bec20225de1853
:10564c00dedef0dcf349fbe5c7100e53212ffaec3c
:10565c00fde0fa1706ddefd7f12bdb41d10d201d54
:10566c00de0e2734e704bc12f9bdb360d681f35bc0
:10567c00e9cdfced63e6dee62008c428f647df2220
:10568c00f403e20e0031c5abb4b2c51b2031afdb65
:10569c008d1913cf23e22a2244e838ebb4262bede4
:1056ac0052db1ac46f8b4259792864caa6b1e5f94a
:1056bc003bece6e717fb4bcc931254f6b34bd036ce
:1056cc001c1556e21bf81f08bb239a1f2607d32f65
:1056dc00be09f0eb7f20f4e123f20c37ea362ddd26
:1056ec00b234d6effd6739dc5cb29bd13c3657b196
:020000040000fa
:020000040c02ec
:1056fc00c912c4ed0fb3ef81dd1522dcf8171f1ba7
:10570c0005082e4d56a5f0f0cfdaf404aedaf923e5
:10571c002c9bdd111c398ced077f134bcc02f8311f
:10572c00130c71fec8efc20405eaffcdd6eabc0922
:10573c007fe57060ccf3db062b20e7e5190ea05556
:10574c00e83f07dbfdc7d105eee0c71ef42fe111e2
:10575c000626192502ec3421814ab9470b4acc1292
:10576c009bfe16497d2abd0de3c9dc1312851ed59f
:10577c0081aad0063fd8a293bcc510edd2274863ae
:10578c002c341925f4ea58c5ed03d550f69f95e154
:10579c000b06e92cf6f6fde63e330c0acc1f40ce88
:1057ac00b17efd52d8e2d5b2e4dbfc3b218107236c
:1057bc00ea209832dcc747611d10ac031a067f2e15
:1057cc0068160dfabffd3a03c50a0407ae3ae3feac
:1057dc0005b050260106eae913ee581b3075ca1cb9
:1057ec00bce20f1381710bdabb30e7fb065fcd46d1
:1057fc0011e703e83a3454cc1f4af193ca9f35049d
:10580c00320fdd149fe8b872dd276827bf1c81a614
:10581c00b4febaf143fe2021a2094fcf0ee4541678
:10582c0039e827b0cbe00af265caab3925f7f67f29
:10583c00ebe7ec09e70fff0c2056e4ea4f25fcfae6
:10584c0044111103dd323d151200ed391a33813e3e
:10585c0088e314f2647fea10be033f650757e8da69
:10586c001412d156bbfcef04f2f5f4012149b3fd3f
:10587c00e60c06e3e0d81b30ee20a50fe6c71fc4ec
:10588c001946d7020000171f5af9f0fc2300017fbc
:10589c00fbe9f091f9f626a7f346a1cffca0145032
:1058ac00a6c2f37fc32c0f4a5c0f58be242b226d6b
:1058bc00d075e9ebf1230edab12248e9af20e0b163
:1058cc00fbc0309f055bf7e9e9d281cfe8d31b0021
:1058dc00f946e42ba546812746bd2fe6001b32cfa7
:1058ec004ceb3910c31f28226d2bee19fc2d43d91c
:1058fc00111b1281f5370dece33bdfcf13cafc0f04
:10590c00eaf21b0a0b04da0fcaed0806e911d7f20a
:10591c007f09f49dd73a4111cc14ecc9dcb3204873
:10592c00d1f0fd36e9c1ed6d42134fcecb5ca9f938
:10593c00172bdb4c011648faf71ef526db7b7f0c88
:10594c00cd2d401424ea2f3841fc389f543fce4bc8
:10595c00fc2212861ce6e93a2ef600255c084cc5a2
:10596c007a26eafa87f0ee2d4581ab96a5c9eb2e87
:10597c00fca3e0be0e23c86a08e7d09e34c9deeb58
:10598c00b097d465f4dc81e0c608bd01a8c0110e47
:10599c00f215ef05fedf05118129f13325194aedca
:1059ac0015f81ad9073bdb0413c8e628f89b11221b
:1059bc00b2770d7fd1f3fee4414b010acae1e8f660
:1059cc00d651681cdd9d0412aef2ecf00afadbe84d
:1059dc00c20613168607811216e3e0fd1b9526e618
:1059ec0022d97ad1ca36bbcd96ff2c3dfbf52be4e0
:1059fc00fcd3bf22dee807a2db28450216be12fd4f
:105a0c0074efcde40881feffd6f12195e4440a2120
:105a1c00fc95ef0274bb81deb821edb9dd0829e5f8
:105a2c004e1f2cbe1cdae338ba07c40c22edd82367
:105a3c00650ac51879c3da53be172ecef43a166729
:105a4c0092e9a67fdf22140114d50f2f0ae88ddb13
:105a5c0051de0a24499d81e8bc06c49ee4ce2e3a50
:105a6c00b1e1472325541fdde4019a0413c6d10587
:105a7c001d08431ae9f6fa00f8bd482bb1d86ef5ab
:105a8c001c1b1fe181ab36c2f9ffc039fbf31e5161
:105a9c00ee07f2abf515fe27ef4202bf6e0266c7aa
:105aac00ea7fbbe316b7efd5464baf03041e0836af
:105abc001e7f02f607162cf3cee2fe08070eda2c38
:105acc000e07bc45d5f9f0f9f50be0f012ee1b1ff3
:105adc0006c63720cbf3cdcbcbc0ff1a2e0a0a7fdc
:105aec0097c30a00c263f2c4c8a2c6e11d1df25ad4
:105afc00d60d83dde6f4daa13de00908ffdbbc2a14
:105b0c00cfde68fa81de0334c9fc072f4301b28a69
:105b1c00e4eaf5b502f8b9de782f2390e4c621f358
:105b2c00f242380d23e739374cbc2b43f6090e7f74
:105b3c00ed1a1d18d30be205d61bd2a120f600eaf4
:105b4c0014dcdee5e87fbd0f24acfe0007f9b8cd10
:105b5c00cf054af8c8091f2bf323e1dd05046d06b8
:105b6c000bfef83bcff7cce12027fc27ec3e457f22
:105b7c00f7f702332a273f08f618216d0ffdbfeb0c
:105b8c00212ffe85d90016ab33dd2005e37f7f0c7a
:105b9c00d336e0d8b4c02030f763093d0f8117e449
:105bac00cd84f8f91b4dbadae601c08e05f7c317a0
:105bbc00faf80adb3237d8812d54e511e3d41920d9
:105bcc001e100828030241cf53b5f8300e5316416e
:105bdc002cd7f108f5e6d23dc10c26ef99c834114b
:105bec006b1efa1616158116fdddf8a3562cfefd5c
:105bfc0076eeff7fc95ee5c9c955f41a40d361ba88
:105c0c001edd051117ced2b9e3dc2b27d2003139ba
:105c1c00e25715c13bf317b94814dc0a2e181be2e6
:105c2c001a2b0a7f821ca0c5dfab18d112337c0360
:105c3c00404e2514f039e0fde40e0052198129e59f
:105c4c00d2415f16e9fe202cec8fc509fd01180d21
:105c5c0039e399c3cb1ce8d73b3408e66a3381f8a7
:105c6c0081de1d0b1edee31e37d4ebce8dd8ee92fb
:105c7c00ef8b2bdce72f22fd95cb34c2840b13e684
:105c8c00faf9008162484606dc66900924e4af62aa
:105c9c00f01803dab644ca0545237fe1975f25d493
:105cac00cbeab3141136fe060d00d9612a055857fc
:105cbc002f0c98d1c8f8490c7ff92a3c00ebefd295
:105ccc0014dc55583c522edd63e6123a0e17216453
:105cdc00e035fa46e81fcc9bc333e82051e01ab7f5
:105cec00a3147f0ec6fd1e37cc254534151cf6edce
:105cfc00f90b18810828eee1fafedae00f252208ec
:105d0c00fa4e1fe1cb0e15250c0812efd2f8222a01
:105d1c00f5d40ae5a6f2cacbefd2d681e01221da8d
:105d2c00cdf068f3d8b1cc2614ce19ec0517f601da
:105d3c00d2d73110170ee14e091a21fbe31635812b
:105d4c00a3bde35ddef7f505e0e4ebf5cc2bee301f
:105d5c00c416eaeef3ce0ff4b2122b1f7f1d1dd921
:105d6c000f21461d0fd2f609d60e4a162b09ec341c
:105d7c002eeb7ff49618c30f42050e1eec260e4335
:105d8c0031410eeaac1e2a2538df5907b4d8b613b8
:105d9c00320911edefe2d4bce82cfc2e049fe5f6a1
:105dac00c8373751b528f4fc2b7481cc13ff00464f
:105dbc00dcb2c3f710225edb06f425df33d6159b6d
:105dcc00d90716ffefc4d481cbf8b8ecd19e1041a3
:105ddc00fc05ecd9de81d5e3beee272432140ee9a6
:105dec002b15384625ddcd0506c62649f1f7ff2ac9
:105dfc00b133c2edfb13f2ffe4dd0a7864ab347f00
:105e0c002ae12fde2a27440c4f03dd8150d6023bba
:105e1c00beace6d7e336c2ea48f540fae3ef843f7e
:105e2c00bacdaa3b36bce40081ede331eee09a88b2
:105e3c00cefd8fccfdffb99d6fa26a67a7ea7fd418
:105e4c00aba18ace9e17db7011d1f1411a4b4704de
:105e5c00f5dee622fcfa40c237ce0be7d24a1f240d
:105e6c00c0f64414a732efc10a307fc80df00ad235
:105e7c00df5649bec92e86f12414d0b8fb154f430a
:105e8c00b32339bb7c4e265143813579c4ea0a1fb2
:105e9c00df20e404b141281fe006ec20e5e67f0f8b
:105eac00f025ee4f08cef2c7220c1802e1e2fd0cf1
:105ebc0021c4d7fe64e281f10f212c09e0123a389b
:105ecc00141f38c224cf0cc3a30a13fc26f4b7eb5f
:105edc00daa74499dede0e8664e825601be8c5640b
:105eec00c074064fce8dbad9f123c823247fa08e5f
:105efc00f5e5bdb0206e27f3c4e1f3cfdbfb075112
:105f0c0081a5fb03dcddef3395172005fa3913d897
:105f1c00ba17c7ce1558341dfc13decb2cf7e6e9a7
:105f2c00cdd035f13b0c81174f05feef26220bea45
:105f3c0081df25dfed2a51e9e7dcf0f510f333576b
:105f4c00fade346a0e019920f9d1f500b2ebc806dd
:105f5c00138a3ce6005c38f681f313c4e1fed926c3
:105f6c001ed83657feee20030c6f9cf3aeff2a238f
:105f7c00de15e311aef3039ed55681d5eb0dcb4464
:105f8c00e4fe06408ebb4320e717200ab5e7f94232
:105f9c003a441004b03516b8d0fc5105b83702f4a9
:105fac00de813c34f4bec3dd171224eff84af5c091
:105fbc0011a449c4cc011d18cef41f81fe0cdf3b8b
:105fcc00f626f348a711c90cf74de31a1174fa071a
:105fdc00340be8adc33c49c437c10845bb33ec14a2
:105fec002c07b2017fcad160c524f5060edc9ab22b
:105ffc00ef25c0372afe31d220ffdd2ad61744b355
:10600c00bfb10f176981b72754d6cdcef0eb45ea57
:10601c004fec3e81ba0fe0f8d818fbc1e5e2df2463
:10602c00fb1ef024ed37d9de31f94e4eece02106a3
:10603c005d25cc42d064b010cf13a2fdd505fd1266
:10604c00b8111601ed7f872efde5a83913d441afa9
:10605c00bbb147e3d7c725be23fe04d8810cf6bfde
:10606c00ba55d50fc5b048fee61a35f006e0e1305a
:10607c00e706080deb1bfdb821191408f7cb0a81b4
:10608c00473efa2f9dc1fda22436163405053cc0af
:10609c0099f0f7175ac1f612ba0a3c96e6a8346a78
:1060ac00bd0b3397ddd1bd150be9dc2c035e7f4ea8
:1060bc0045da2004eae41521c1c11cff7fd517daab
:1060cc001c0c6451e621e704070a0fc41511f9fff3
:1060dc0084cad209a3031017c152b7ad16fb6b4f7c
:1060ec0017dd1a1e600d0b014ae97fd3d8c5cecd42
:1060fc00f7813b068b240307140a07e215e01f1ee9
:10610c00d140fae117151ff6172ec138272cb93ad2
:10611c008396ca15eea9c815624317ae06b3c4051b
:10612c00e0c1ccdb850ecf3eaa16a3cebdd82d7f09
:10613c009025cd1725a74dddec3f1ae030cc3e0e57
:10614c000cc6771018f2e5cc7f88f634114203594f
:10615c0013aca881613b49a727e197406826fdb99c
:10616c009609730c20c2e92b7e42cdd5fc0df71796
:10617c0043691e93f1cff1cde970810e33cd25ee3d
:10618c00ee263e3a2e072f577129f8d13261186648
:10619c00ba1ddadcd52c817f941def171cc9f7438f
:1061ac00f0515a2af38cf028f645c242102542468b
:1061bc001e16a7b2a3d60a0e44ed2d06124d0ea93b
:1061cc00580416602e0efe0d22ceeb5b3b22097f8f
:1061dc0017ab177ff1074725d204a5042421bd4333
:1061ec00074bfe9cc10af865244ab2220bf3091630
:1061fc000d563ad0062a2a134f1f313cc8dd651bb9
:10620c00f32262c6bfdc136ee521b330bd25810fce
:10621c00191ee817d117e429edfb4a103c44c82c91
:10622c00f341e37ff4f4ef15c59e182145040d42ac
:10623c00d73f2917ce10ea32a87fe1d8cbfc09dc76
:10624c00faf6f908284c0421f2d403151b0dfc387e
:10625c00da072f1791c27d31c9a6e7c6f29646d050
:10626c00dd10e7d73ee25d4313062ee2310a277fad
:10627c00fefba51298b600b28c15dec96dd5fbfbe2
:10628c00f5091d81e20809fbc0850404e0d0f12466
:10629c00feed220f21eb2bdc1f497a4fb32908dcd2
:1062ac002bd40f1b3c40c735f5734a25f30d107fdb
:1062bc00f65f0fe0f2ebe12a0066dbf75a06e12b02
:1062cc008100c7051c2b9c1a194d174dfcf6e64d89
:1062dc001fd92b6981ddb4f0f5fcf46b0a2defc0ee
:1062ec00f7c9f81ccff8dde1c332f5f3f0d8ccdcfc
:1062fc00c1b5cb17a424ff178b1b123d653edf6a7b
:10630c005701e3dcee15fd22d0b0262bbc7f6f13ba
:10631c0096b800261c27cdd1d119cf275a2ca1c94c
:10632c003af1c0e891b91b59a8c83e7fba0d114f7c
:10633c0012ddf2ddec21fd4205bcf7c35f2be76dee
:10634c00b146e140e3f0b67f5917b6ee486f100c3a
:10635c00c6b84257ea093d01d6dd1e055f0e5e3a0e
:10636c00970df8da1817f9f65fce4e158117051749
:10637c00ab410bf6b1ce7f03b3bd378737c81d19c0
:10638c00f71bdf1c5019600303fdee0fe5183a0aea
:10639c00fdff0347edd7377fed52fae5f712dad15f
:1063ac0002fd1a076ab72ff1b0042e34eeefef5747
:1063bc00431a161f020da8d41a05b5dc4de6487f0a
:1063cc000f24f30e9018d99451e2d52fd072def031
:1063dc00f2c60cd7dc60e7b9e22112f9c33103f243
:1063ec0022ff19d63b3c7f01f626f9f3f8d1c713ef
:1063fc001a031baea92719010df0330805a67f144b
:10640c00edceda63f109b6dff2dd9b03dfe8d71ed0
:10641c00df7e190a33e6ffec505c061d7fb7c90d11
:10642c00ece5d93219443bef09ce3020df1a00edf0
:10643c00a83a0002e6d5b7c77e1ba4a8dd1068a950
:10644c009c9145e2baa8eb31812f0efbe817d86777
:10645c004baace0c1c0d13f3ed0b28252d42f3c8c3
:10646c0014e9ad46d854c14fc8f7f4cb7fd5197495
:10647c008b3eb123eb0439bce41644e664f1fbf724
:10648c00ed35021949381c3a2c7f053944ddd12de4
:10649c003523244f161fe5fa1efcf49f7ff0e9f11b
:1064ac00d91d181cecf91c2f2e2b0311fff23529ca
:1064bc00ddffdc02debb2c2cfb23bec5b1d82d2f9f
:1064cc0017d8fc2e675f121010873948fa34087ff2
:1064dc0023c54d853d25d5d7083839531681e2c9da
:1064ec00da033d25f1eff9ee63eaea60056daac81f
:1064fc00a7ede5e7f1cc97fa361ad7e3acfeb62a4e
:10650c001d40c55cfc81a91f3f40ea50ddf237fb02
:10651c007ffcecaeaf472cb62e3c6d1b45cb42e45a
:10652c00d819c9ddd132d6f9b23e3823111814cba3
:10653c00101e62dde6c6e4d829ff483d251b36282f
:10654c000d5c2f0b812406f7ec46da03c501fc35f4
:10655c003cc4e90ddaed95e323e3fc61db9d3c0cd7
:10656c00ef819dffff32d05a10ab23c8f4d71a1b12
:10657c00f7daf5bbd2edb4fa572928efcfa70f9471
:10658c005811f3bac31c7f1032ebf0e9174a144bc5
:10659c00c91ad318dcd5d9f177c253e61a18be1d27
:1065ac00f6db83e68190cf45607c90abf3d398b457
:1065bc00eafe97fcea799920f6f9f740c57f241595
:1065cc00b400b896c3ae1d14f8e2e2301e0c240ed3
:1065dc0005b2b4b716f67f0bf4e1d4ef0876170ac0
:1065ec00ea15fb1ef9efd6d9dd2d1df227362578dd
:1065fc0019eeee29c0ff06f9ab420f47844c0d8112
:10660c00cf1016ad6ce78a0c96a916092cbc752414
:10661c00c515bead8135bc7ec2f1c4f8c9d884d7ce
:10662c00d63f2231b45e6cf96ee9e4120411f19399
:10663c000e841e8fbbf6ec34eee0f9a4f3eefe07ed
:10664c008153081559fe8fc0e1bb10c914bf034b11
:10665c006d75cc9b00131ceae64503e5e37f09d47a
:10666c008909d54f46acecf2df16f0f82a5902f145
:10667c00042991c97f43dc0005459608f29d3e50e4
:10668c00ecc6f5ca390d6d55fe2737a9eddcf400c3
:10669c00343bc7c8daf12d74c3391b1633d6cd225f
:1066ac0003af1d7f40efb9fafb04b5b72907f131f1
:1066bc000b7f36ffb6020d105b1dffcb292501d3d6
:1066cc000e11f607aba9c61e08a00dc8d8df1e23f5
:1066dc001be6e2cc5426bfd73d13c4ff301729e587
:1066ec0033b83cdaaa2d8100fbe6d9ce5103062241
:020000040000fa
:020000040c02ec
:1066fc0040a1b4d6cf481801f102331f679d051491
:10670c00e110191bde2a01d4c97fcf171aebe34322
:10671c002f00f00e0d033c2a8104f839f217f12bef
:10672c00a22f3815fc1fc21511eaca1608c82dd2a3
:10673c0056e1cc2ad0e5cd086306eee6363df0d422
:10674c00311c63480cfe7f0f983d2ae6f61ccedc0c
:10675c00f4df4ec72df5f2a7032e1404d1d4fc00a0
:10676c00fa0ed4fa140d15067fe6fee5fbe10e02d7
:10677c001dbe8121275ac210b571120cce0105fb2a
:10678c00110de9fcf118fb17dbdbf4e10496a91ef3
:10679c004eedf7f9a4fdc6abf9c6beb2b9fdf36672
:1067ac002cc5da19294ce52ce6a0bdae2ceb387fb4
:1067bc00cbc0bbde45d4479ac11974344a52abedf9
:1067cc00d2e140c874b78fd222058acc7ffa0e561c
:1067dc00f9cbece50db00111f33f1004278117fa4a
:1067ec0027020be6f5eaf61837050ce803fed0dcb9
:1067fc0007f50fde4c1b0a840b21fc24ebf3343f12
:10680c00181bf53f3517360304dbd38123ea070b3e
:10681c002868a0784f2ae9fe81b31bebccbff69712
:10682c00f361c4e60136bc0f362b07d2ca089c4d67
:10683c00082181e1220eb78859a93470e70b3f0576
:10684c00a8cfe2ce04fe051eeff9fb293deb1cc1df
:10685c00e112fc0aec1b0d23f4e7d8ddbbe456d5a2
:10686c0038c4f8df38f8d3c8efd70a0feff87f1a1f
:10687c001f618358ef32c9e32d45d3fa7fe437c942
:10688c006cf49a4ee091f6ef4313f905c72f30c51f
:10689c0022e7be3dc1cf3910053414f07ffc2e4adf
:1068ac00c060da9aefe4d2b5fe75dd4a0fddba406e
:1068bc0019f73317f5ee0ee10c107f2dc8f008e92f
:1068cc001b3c201b9bb4efdbd4173026fc3cc44490
:1068dc000e25ee160f10dee2ebfb27d702e5fa8d44
:1068ec00130c7f21022727d8fee1cc3dfac7ee24fa
:1068fc00ad111cefd12dc51a00f791cf0f05203427
:10690c00ea07fb21d27fdd5e20ccfafe9cbfb9ca20
:10691c007f1508af171d17f611f207110f39b604c2
:10692c000322bbede9e0e510e8eedf04232a5c2d41
:10693c007f10e511c93b22ca9b27f31eee2d34664e
:10694c00d8cf2550f501d1fabaded611cf5503feba
:10695c00e61cf5e71d9d390c8c0cf90ff9f4200899
:10696c00e907ede3e8e0811745f0ce46ca16eb2bbc
:10697c002347b6abe6ab2cd981e316c3f716deb5cd
:10698c00211e21f5ad29fcd02098bb2cf9d1f6069f
:10699c0030f9b9bceb9a5c4cc269482208d9c78162
:1069ac006d292de0ec09cd4655b6223d072d2d4520
:1069bc00e81c18010407d07fc88ff44200f1ca25e7
:1069cc00f8a62c07cb9f29003a0ae8b3dee9ce18cb
:1069dc00ffe4236a101716a734d9bbed1b00d8d3dc
:1069ec00e98da14d002100df086bb6a9ca7fe7b184
:1069fc00f00fea2b92249c3f0fdccc344646e5dfab
:106a0c00c34ea3ebfcce4203ecf033fade81cdf4a3
:106a1c00f581110fbbd5fddfdeb14f23d9dbe318b8
:106a2c000b1bd616d2cdc0d1c709b20fbcdc16d108
:106a3c00b2db1031d52307f7da34f5600ed2b92169
:106a4c000c302ea4ec11ccee08defe0de04a7f0ad1
:106a5c00a73a180eeb4945121202c3ff16e0f88153
:106a6c00c69ca23c3320fab6073dbf125416ecfd6f
:106a7c008813c6d0d4d121162c2e1bb2d3328a0c3b
:106a8c00ba17d74e4481f81e7d154c62f1ca35f900
:106a9c00425d4628b2eb25b31f40f9fcdba53777e6
:106aac00e806f4e4a5df7fd0251c71f4a2d2000a1d
:106abc0030165132d40f14ed25b8257fcbf81fd1e9
:106acc00ef2fe8d4cbd61adddce5b6f30b1f123b67
:106adc00050be9dfa5354dfe0b0b025535b4bd0e8c
:106aec0009fff9049bdf0c030009fe1a00449b818b
:106afc004216c0c6f31232d3fbf9e6def43f2f3d4b
:106b0c00f3e8f1e6ecedd21ac7db7ffbbb02d0b1a8
:106b1c00efe53a2207bf04cec10de77f311628e618
:106b2c0020f04440340ac63cda1e4f2ddcd2d32769
:106b3c00d7f0b923a90190c0407f41c90bd9e8de39
:106b4c0026ec221045290e22afc9faeaff40116744
:106b5c00a5fadd4108e21f8a191aa814d2e7257f8d
:106b6c00fe0b052bd0f83d0415a4ea1b302aec6a69
:106b7c0033e9f085da79a6f09c1507b7debf103c37
:106b8c00f67f22c3ff9d0b0807935c3227f0fb5e58
:106b9c00e005b428f22bfb28f20cda1235d0280bc6
:106bac00bd12d6f5117f0e16f504022bf195f26984
:106bbc001cf83025ec2634dced05f62af31a7f3a66
:106bcc00c9fde6690cf495bb1dd9ce33e8ce1e0485
:106bdc00ab167f1dc4159905b50c1a1a2a51c60e91
:106bec000321fa1fca3aab04202ce1092e49085d97
:106bfc00603932f1c14f5183ebf7d3cb375af8bd23
:106c0c003db5fa9fc47c81069cc1a549fbf125d9f1
:106c1c00468b3c4d900009f0db074cae5f06017fc4
:106c2c00b3463edbf2e1a598fd43bb4829c7926011
:106c3c002b0cbdcfeb891fe73006670e1b612301c0
:106c4c0068c274351c3bb21513f92671d701e07f6d
:106c5c001a74c204d05b1fd081f41e110420c6e646
:106c6c0047d2fdec37c8fe1e13f98920d4da35144f
:106c7c00fae59af1ccdc2381c3f4a8334f29f5db78
:106c8c00f0e375c6db011f9f03f409aeb39edbf680
:106c9c001613f1b181320ec810d431916842f46ae6
:106cac00f9393a191b1a98ec0e0208d7fb1987be52
:106cbc00433c46fe1f022fefc828dff3f3201e04cf
:106ccc00052941300300f9107f06f9e8e552f5116a
:106cdc00f8de10d8e9f60b0f8102cef108d9f3b229
:106cec00b817a9502b5ae0a33d0c1bf13ce513f14e
:106cfc00da33ecf7d5f07ffb0943a911c7183d0037
:106d0c002f2fe508dd18cde650c105c23418ce672b
:106d1c00ccf3e1e8ff7fe5112715d0b3fef5f7249e
:106d2c00fb0438492d66955e1ee0d734dff4d6eab5
:106d3c00d4f2d8c3eecebbdaded8e613391318285a
:106d4c0040691156db53d7fef86eb2811d1dfe183b
:106d5c000358d50312eeca14443624f87f3a421e67
:106d6c00d973e1d028ca07ec2b3115220df6c3f6e6
:106d7c0056244536dcf31beb151458ff4d3e1bca4d
:106d8c00d2cf06d70c0e10df390a172fe6bf81dee3
:106d9c0014eaf036adcf04e6811522d75bdd07a5ea
:106dac00ee36b3de110930600cacc30a03b8dd1c3f
:106dbc00bba64131040d228205cff3c051814ff4a3
:106dcc00c46711dee4d0b83c341d2953d4eff66906
:106ddc0009d3f6ec1f0c63f212eaf718df191d2623
:106dec002c730feea9d732274cee7feccaa40c1ee5
:106dfc00e1abc9c4ddac15867fd9d63813aaae3643
:106e0c002d11171bf3e00fb8c43be70edb5395c0f5
:106e1c001cf90dd9c0ee5d21ae143162495316c177
:106e2c00fd0be0d923fdf77f440609230883e168b5
:106e3c000f1ef301c3ca063d01c4c1e927d40918ca
:106e4c00031204e1ddda0e1e7f0c2d19fc4132e732
:106e5c00fce5d6591e2a60fa81e7eb07fb25cd032a
:106e6c00d62ede0f13c14d64bcf6d007fea0c5694b
:106e7c0013043731d3aebb55ff7eae9ed01f5de2ff
:106e8c00f133292b3a6dee077f9d1f1c64fa3643b4
:106e9c00bd39d40529caf5e281f04dd7dacc39ddfc
:106eac00060fd8e9de07b7ff46dedcfda92bbc5682
:106ebc00df3fb8ca0211fcc9abf5de2f0144e34039
:106ecc002255d1f91d022361f934810a3ab60dbc61
:106edc00e526f5fdf7f129dbc3c035e72fed1422cc
:106eec00f91bed0a232d7fd3d9e419130a1004e7fb
:106efc0005f43f101cfaf7f715f8001407c37ffbd5
:106f0c00292cfb37d5003c1dfe2aba21b22af425c8
:106f1c00081f2abcdfe1fbf1fd22dbb8ebbbf9baa1
:106f2c0060f4152e1bd67f01201f3d52133eb51d5c
:106f3c00e6e51518fccb24fcd3150a0b141b1534f1
:106f4c00c204e5ab1bd9ac2113e31508e77f4d0850
:106f5c00bdf98ae1d0f755e7c23ca97dd8cc98e3be
:106f6c0005d9c90eefd70fdda3ed0159f842ab815e
:106f7c00c2b433baeec219f8e37f33db633578342d
:106f8c00389f2dead7044719fe97b62660a67307db
:106f9c00efeacf46decbb4ecf24228e1d52021c695
:106fac00b7ea270f027f290ece18fc38dfeae0c9ba
:106fbc00c5fe141a12213706f5d5350545f6fd2afe
:106fcc00e01fb71320087f000f08f6ed37d9bff488
:106fdc0018262c0aa9f27fd10c16cd44d201af078a
:106fec00cb381110b60edc14dd02c2cc27cc0f5fef
:106ffc002b0be4bd2011f3d80817c4cc17de2e7f61
:10700c0000f90852ed0411f50e07f6f5cff993bd12
:10701c00015c47e11f2d0ce61be3dafdd3f18f0871
:10702c00ffce21f2c6eeec05f57f09052eb923ea59
:10703c00db00ec2616f12c0fe80ff413f71d810979
:10704c00a92654bf0316db14cec40f0ee17a39f90e
:10705c002b063bb8cce7e11103cb2012facd5d3ef9
:10706c00507ff4e2c8f21d2219dd2a14e91f1346e1
:10707c00f71d50f5c91b1b7ffdfd5e3ef509f42e77
:10708c0009252fd201ff122605d90704fcf7080c9d
:10709c0002fcfae99cf27f054704ae50c5e4f7be4a
:1070ac000336023bcb30e001023207b617d8daeade
:1070bc00250b0c7f2bc3212cfb11d0aad4f9ebdab6
:1070cc005230d80bf647b8f65c1d1f0214b9e8ec29
:1070dc00d00cdebd1ef40c82091da60cc481154813
:1070ec0015cc0d351d1fe6c632a3130a2a6d0456a6
:1070fc0036f0e70f017fbbc20b2cf414d2010be26c
:10710c00ec0a0ef21af3b7f31ae11f187be74620cc
:10711c00e73201b3087ffa2fe7d02b0b050100c92a
:10712c0006365cdc4159e9141ef0e512e8042b47e5
:10713c000d256ec6fdf347ea29f506df5e8f832d1c
:10714c00b11a6600e107d823f0b17fb814091b16f9
:10715c00f5d5d4e4d4c62a49f336135db7f728a77e
:10716c005dd983814e33ca00a1b60143e2a3446cbe
:10717c00d3a5f3c6f3d83cf98103fcd9c7a6fedd31
:10718c0077470f08221d16e1a6dbcf0a1099e935c7
:10719c002bce18ffc2049942be003adc1b8105ac11
:1071ac00e6d31be9c4cd0631ebe10e40a3d302d9e3
:1071bc00422ee0ce03f1eab824cee5f703c27fee0f
:1071cc00e7e435e9fae2c553b8e3e5f71c3013fd03
:1071dc0005de04e8e3b7e5e967387fffdfa738c7ca
:1071ec002505071d18ff420c411e43321256dc6e5a
:1071fc00f60509c233112f1d08fbbac5e1e75a2465
:10720c00fee41b491dfce0f859e61fddd8bb81f8f4
:10721c0021ad812137efd7e4ee63e925f723fef1a9
:10722c002ef632d7193aed16e9ffe01616d4a91846
:10723c00120cef7f00e9d0b31d191cdc22d238bb35
:10724c0072fd163eb5f541c72e2a13acf04f26241d
:10725c0008890457970d5a142a21f3f511d915a052
:10726c0081e2f4eb0c0fefbec29defe19e3d0cfbf7
:10727c00e9f8eff27f3d091f3030f6c8dd18f31442
:10728c0014d1dfa0c1e034d41ff859faf80fdd5c3b
:10729c00cadca56081f472360b953a2312e30e1901
:1072ac00c406362caa1cfb18f138fcd84103163b3b
:1072bc00fbda3714063b6527d919ef64e0f3226239
:1072cc00d1f70ec9294b81ff24e1f830983641fce7
:1072dc00d6cea732fde9bfdaef7fe230e35235d0ec
:1072ec003cf31b03d53993e6ccf9ebfeddf5e6d583
:020000040000fa
:020000040c02ec
:1072fc00d52afb35c40ee9e513eaf1f623d1fbd60a
:10730c00e8b6ff0f28e7f32109020432cdf0f81d8f
:10731c00f150c5c41bd581e635f2084526ebfc10af
:10732c00fe0318f92738ebce20c8ce3c01c9dad1c0
:10733c0023f910f502d824ea001ae9e613ed002c23
:10734c00dc01fc0b2af6062be1ede632fcd514d45d
:10735c000d4f0910b1060a3b3ae4ebd41420f35a52
:10736c009d5cb7be7e6fdac4f9ccf51226d53d060e
:10737c00e47001d2fce07ffc03f44224ffed15f82d
:10738c0019042707063ecfc04ce0f755193402e923
:10739c0020fb42d01d0012fe051dd8fcf2341ef756
:1073ac00013015144b19e840ee0be325521c002359
:1073bc00f913dfe4d316d9fae3f5262a0fed03da35
:1073cc0009f31c49d222d31121352121fab2e781cc
:1073dc000599f80c2fc2c92516dec7e9055cec37f8
:1073ec00ff08fdfbdf09d9f2f522f6e32b13c4529b
:1073fc00f70a0e4807b0fcf1f51400f9f5ecf9e8c2
:10740c00bbf70d2ddec31f32f4f135fef3c0fb329a
:10741c00be54c3d0d7fea209e7a919eb60c8f0e6a9
:10742c00d67fe804fcc316cd252e18f0e0030a1312
:10743c00dc8948fd080021d12cc4c6e3f9081125cc
:10744c0021bdf4111240f5bd34c305d60ff30ffc6a
:10745c0008028b15eb030feef8e0121c0f05b4f8c5
:10746c0002f219d4341de801e0e8e81cf5d71ec27d
:10747c00d8d5253f0be518042d2e2d190c062ffe03
:10748c005cd8d7f9f009efd100042bf6e017b3b5af
:10749c001ce459d3fb21b5c9d5f52ce62d4238098e
:1074ac0030b02b0c211f12812e383425d2fa044a0d
:1074bc000010042207d0dbc70a2eef2ccd171812b0
:1074cc00ed22e2d905d8f803dbf332dcbfe841f456
:1074dc00ee1e12151c03f37f2800f5f212bfd6e046
:1074ec002bf935180f0a10d0f2e8e6bac6e3053cc2
:1074fc00103bc40920cefef3d7e8092dfcddf002c9
:10750c00e9dbebdc1c1cf9e92a10e6241ae327fc66
:10751c00e72b2ee6eae2ef06daf125fcf4112f0058
:10752c00fe1d04ba051fe310d6e0f114bf191010ac
:10753c00f081e30207e40fbf0ef957950bcc4f21f6
:10754c003d0e17ce0cf9efacd5d3cdf03508ae2ae5
:10755c00f47d05202cf409b10c235e18c5fef22035
:10756c0028e1ace91418ddf1051b1367db3226e3c7
:10757c003604d3ce36e90b9eeb09f643d1190acb70
:10758c00fc0cfd050a2cfb2fe2021afdf6b5b83dea
:10759c00dd3009ede2e30b311b0443e5f9623e1fdc
:1075ac00a8d7fef2592c2cee031801e10fd70005d9
:1075bc00e93915023551c0fee4d419e7e61423323b
:1075cc00180333311c0f7ff4eb40cf0922e1125f1b
:1075dc001f0f0a1829feba2900c2d6ddc5bebd0789
:1075ec002a0d2aee321c220b23eaf553e0d519ecb6
:1075fc00f93708e91c1cff16f0293312b5a04dd140
:10760c00f8e2f1e1ce3d002200e9ffeaefeebfae79
:10761c009bdcfbfeef0363c5c61f8110312d373396
:10762c00d2f0fcfbfaf2f58dfe3a08d460eddc30ba
:10763c00dc26fafecbfdda25dd08154ffbf3c1e2a3
:10764c001bddfb09ebeae4f25f0763d3e292dff1a7
:10765c002a0edac769f1ca1f08351e0ae0efff329d
:10766c00c12605d1f3ccbb5b16bd24ea06d70614a4
:10767c00e5d0f93fded6b32aeefbecb60af9efef14
:10768c00d627cbd4e9d145eebac413810806df1a4c
:10769c0009dcb90fcf284f0dd71ea6e4134635c011
:1076ac00c8061036b9d1061125402c00e74fe23c34
:1076bc0004e91800df81ddea4435f6dbca592b57a3
:1076cc0023b532c6fd0312878d6622f9cdd3d64b76
:1076dc0054f238c872e409d4d5a5d714edaf33d61b
:1076ec0060bd36c2f6251fdf17eacfdb255067f7e2
:1076fc004f622d89cb51c7e01ace4136fd05ee23e2
:10770c0062e3ebd3370dbd98cb24ef4e10b61bf9cb
:10771c00e9b359e9f3f2ce12ec3c1443920281e93d
:10772c00a5530f07d61e2b221f05243bd8d6321685
:10773c00db3552060319fbf92ce30e063b18cf235d
:10774c00202431de56c701bfdb2626da0fbb179586
:10775c001d12fae537f604f1f91c52c207d2e136d4
:10776c00b3f5da10dcecf915df0624e6c30df8c826
:10777c008c9adb70b9edc92c48d30f0ef8e3ec1fd3
:10778c0023acc227e8fbd5ebe80bf507a2ed0af416
:10779c00089764bad84b2bc8f702eed20d9f3e283f
:1077ac000bdfc0397f0ad6cbfbd31d1615b220feda
:1077bc00033626e2efe20beb3be4ed1bf6fa3c2240
:1077cc00433e2cda3fdce0ee0a0bc013081454edf8
:1077dc00310e9de63022fd7ffecfbccd01d9eec926
:1077ec00cbb9bd11e03916dc44d7ebfd0af3ec0b39
:1077fc00ea253b2afcac13102ccc040cf2dbddfd8f
:10780c002a15ddbcc123bbea2b2d05359ebbf2c46a
:10781c000de413f4ed4954bdfaf3d6f1f71f51c73b
:10782c00b52fbc42150a18af080b285aab4588ec8b
:10783c003749eeb43dec9ddfeb25e0082aa29831e8
:10784c002630331608eaf05627d38d22d8490dbfbf
:10785c00ba13c209fbe6bef5cddcf8b706d0bf32d1
:10786c00cd24c6e881f109ebf49308e3edf3d55f81
:10787c00f6e5ea54f9675ded84b700e21bfd21e9fa
:10788c0029e2c25d01ddfb0cfb021a87fd0ee4dc74
:10789c00cbe47fd0d129cbfcf4e4bf0ad2dae80ade
:1078ac00f7b069171122340bfeccde2302e736f059
:1078bc00eaa7fef5c8cacf040609cfab101ed5e265
:1078cc00dbde161efdbc3150eef2c0db0730028849
:1078dc002c2cdc07bde816f9addc1e2105080ec505
:1078ec0039f61de3fff815f3c00922cd1b34f1f86e
:1078fc00d081f11dd2eeffbad1df491c0ee7040591
:10790c004e4dfc4cff2451f5d4e4df20e041bf0088
:10791c00c6d94ad414ab123903bf0732e727f03467
:10792c001e260cec17393332de0e14036ef3e21afa
:10793c00cbf0673adf1e1e252d0827d9df2fecfa76
:10794c00eaffab0cebf536da4908d40a43010fd247
:10795c00c8c306e3d6e8131218ec0d1ef5ede0ede6
:10796c00921915e409428d0f4d1ef97a5af54bee1a
:10797c00053c1360f918dffcedc82e22ea1a2bf235
:10798c00f57fe54be7dfa2cadfc0ea152c030a003e
:10799c004d2ff3301f2b0711d62a18f210dacaee2e
:1079ac0000c30e17fbc730feff4ae3e81b3adc2985
:1079bc00ca1807f458bd39fac7f7a5faa3e920bcd1
:1079cc00c07fe02bc817431a22d8f0351ebd461cc9
:1079dc00eb00252215edf11e40e615d26af6d760b4
:1079ec000b332a3c04d0a608c703b121d8ebdb2b00
:1079fc0000ee1f1fc1e6d3dc051becc636c42245c6
:107a0c00d73844dae10c32c4e71dfe1910322f3797
:107a1c007f1bb9e9f4f1073bc9ee392afc2c394b31
:107a2c00d3992d0e90b052030703a8d14be7e7f37f
:107a3c001bc10c2315d8de42e902f3a8e004e4e6ee
:107a4c00f1f9faed2f272b5f9dfc53ec7cc4ac298c
:107a5c00e2abd60cd131303e1bd7ebee111f02f14d
:107a6c0025f8c006cc111bbf21ffe7b73c3c3126e3
:107a7c001352f31ce6fdcd81fad6ceffe70aea1fbe
:107a8c00e2f6fc222108f3f6efcfced3e611c70abb
:107a9c0047ebc7240bf0e0f00ff4e5e2dcf6f90558
:107aac00f4f2d4e2d201e8142e29112ef405edb231
:107abc00fdfa1f00e6fb032a10cfecf1f30a1ddde3
:107acc001203ef2ee2e8f50f1a0632defc220f430a
:107adc00cb08e1c1e2eef164ed132821cf81e6d9a8
:107aec002122f210e12cc80001ebfff7d506edf8ce
:107afc00099d08ce0e1eb1f8abed15dff101f803b0
:107b0c0001b4f3d825b0ffe2f10423011c1d05fae2
:107b1c000b0b302ae0131411051fb4f1fedbe52129
:107b2c00b300e82a07fe1b00f9e21fec18df3dd07a
:107b3c0023cd83b9a3f5e805ad97d40d1552e6f224
:107b4c00920fd8ebd2e521ea12d73b4e2bc72bc7ad
:107b5c00faeabbfb3ee2fb454111ff1e39f903f784
:107b6c00ba6e0acded4c3102f7dcfa6a7bb1ba2a57
:107b7c002ccefbedb17ff252f727cbb737e11320b8
:107b8c00eae8b11efcef13e85bd0b0fea413dd14e1
:107b9c0003aa51f6c605ec051ae9bad52fa6e012d0
:107bac00ff6c043ec9020a1a09b9fc1136450812c9
:107bbc00b6a05445a6ef810e0c18ee0e0516cec8d5
:107bcc002001e737d808e5492dfed209a3ecd5cd25
:107bdc00d90c341edd200cea10c5eb2bd02e06f987
:107bec00fe071c0c1c18e7b2c62a19066711e22501
:107bfc00551ed1f5e2dce9ab9a0a81c41f3cf34077
:107c0c00c6ee2f1408ad352222b81c437b02442645
:107c1c0021dff43db0b8f92c24160afd20dba2d7e5
:107c2c000923c7d7cd190d1dedf0cbf1ba1896bbb2
:107c3c0013b5dbe5262123f4e9e9282848583bde77
:107c4c0039d7a808c0f1d9d7f73cd1e1ed57e8f600
:107c5c002d27a32a046434ff24112738f17f57e51c
:107c6c005f5bef3ceef0d8f6dc2fd52d3125b4c997
:107c7c002de3e1e5242dd4384a29040ff73503c44c
:107c8c0024d5141b07f0b33ffaf139ff21caf10bcd
:107c9c0006f1270212ebf1ddf420ed17edcc2222d8
:107cac00b610f40700241641021f0fd7d50967c37d
:107cbc009c23d9d5fe5100f9de273016d694f5b5a4
:107ccc00091cde41fb12ce1503eae6040efaf2fea5
:107cdc008108cef0e6fbea3d1aeb0cd5fd2202c47e
:107cec00f535e42bfbed1d4edd10c7d20c0805223b
:107cfc00d0e92a3213ce0310f204ded7e8cae9f237
:107d0c00dfdc1c08e8113031ecd81fefd4eb1be0a2
:107d1c00e246ec0ae7bc0b7fc9ed30c1b7baf3ec15
:107d2c00e63a53faedec86b827fae6256d1fef3ddf
:107d3c005333d923deee93bfe72712f3b91e161186
:107d4c0030fcb3d100fbd4ddf40109fb02e2284185
:107d5c00200d0ce50eccaf23250cf345003ee0dbeb
:107d6c002509d915fb25be0d04f44335d3c3141fc7
:107d7c00cffd4b204ee3602243b0363aebf84c0972
:107d8c003fdfa2030d00a5dca3f74e0de658ab3c7c
:107d9c00c57fcfeb153456e0c4103735eefb35e01c
:107dac002fcae20df8e7f104f219fed52f0136a81f
:107dbc0004205beefeffe8e65b11042793cccf3981
:107dcc00e315ebcc0735cfeaf3041d062bc4238f48
:107ddc0035010e1035ebe104f330f2020204f11e12
:107dec001b0fe71c02d5fe07f8fe7fee0f1e1bfbd8
:107dfc0001e0dbfeefeb0806dc28f3e8faf809fb00
:107e0c0004cfe204c4f8f021e512f6021213f612c4
:107e1c0007ebe40c13f0e9f014dc0520f2050ff489
:107e2c00f2effbe3ecf7eefef2042008ff0501197c
:107e3c00fb352202e822d9f507ea09dc1e21e41af7
:107e4c00f2dffae92ecc07fff1e37f112a3b192b65
:107e5c00f613cef70ffa36e8e64b171dd00a0bd205
:107e6c00f909f616ce243b072d0bfb21d3c9212d86
:107e7c00caeffeefcacce40219e72816eb32f6fd86
:107e8c00213012f2f71fe51cd5fe220d1213051b33
:107e9c002d95d6e2e822e23cdef8fcdb1de4b83995
:107eac00a1edefe6d0a513dc06aee05f25f33602bc
:107ebc00decc5d1244e0ea090e2add2308cbf30286
:107ecc00b63acefecf0f3605f6cd3c311637010251
:107edc002bed09e1363d34f4fee40a81211bfef260
:107eec000dc9fe33d1300dfa143614163404b22fea
:020000040000fa
:020000040c02ec
:107efc00d3d9fa3c44ea01f94225e9e1166840f984
:107f0c00bdd0ec14cafd3d10159e1355f1fe1bdac5
:107f1c0081fc31eddd06db25ee4a1af008eecc33a0
:107f2c00f21124a505fcff297faf18e737e22d31ac
:107f3c00810a37133529227bb0e71dc7e3d513d847
:107f4c00f0bdc72cfe0a13dfe3cf181e0546df0079
:107f5c00ebf72e02e60ee6e716f4043515f10020d9
:107f6c00fe47fce404e583faffe2fbde20fc0a1f7b
:107f7c00431acc20e1f11ce720f3e37ff02ced1b3e
:107f8c0023021ad7e0cb2108030f21d1fccd111607
:107f9c0014eef3fb110ef8eaed074bdeeb4401cec9
:107fac0010d9d20ae8f725f5ed0805f4d9f4e2fd6d
:107fbc0024b50e9183300be603f3063a2e37367f49
:107fcc0016cf26ddcbed900a05ce2727c90a154121
:107fdc00a42e00f6f92e5effd235d7f20125f3c799
:107fec00d0d60bcb2ddc1dce23deaede31fff65b07
:107ffc00e881002cfbf508040b01fa03f8f503fcef
:10800c00f5f5effcfd002afefd0fdaf3f9effc03aa
:10801c00e5eaf9fc03f907fe08e300f8f803e8eadf
:10802c00070002e8f9fdfeeefcfc21f8fe06eefe70
:10803c00c7fefab41830e30c0eb0e80a3e0f9aca29
:10804c0009ddfcfeee11b6f3f41bd3fe0613f804a7
:10805c00fd0917ece71c81af1eee22f7e0270ad5cd
:10806c0006fe080127d5f9205ff8f070f20001290f
:10807c00e8e50a4f1aa10ae9f31d81f51f08b2ffc2
:10808c00fffd21fadffe4f2423e31bdafd0d1b8bd2
:10809c00c7d305daf404f2eb0508f6f5fd03f61187
:1080ac00bc17e61428040ae40ffcf4140114e7ece2
:1080bc0002fbb7f644cb6e0a1b1d1217458cf6b7a4
:1080cc001ef285150518f8f3f4a81709d67ffd0dd7
:1080dc00bd372df5b0d2f8132cf7f310b20af24ecf
:1080ec00e55816e21ae7e4062ae72806fca72d1342
:1080fc00f077e184d2050d1f2d2cf8a26af322ff34
:10810c00bdeeefe2caed81eeede4b62106f9f4071f
:10811c00fb40f2e51436b8fde314131316d34813e1
:10812c002cfbf99d18071f24f1fcef00d302d3fea2
:10813c0081ef01fd2d0346f8a6f81302133301ef6e
:10814c00081715fff71affd6d5d672e2fefee6ff2a
:10815c0007e42508f129eef40bfcf6fbf000f2f530
:10816c00faf4f6ee2ff209cb1e0ef201dfe80ff453
:10817c0025f50f4ac7815afa96ebbab8da0bace57b
:10818c00ff0fe21df8f54a1211c10dbccd1714f901
:10819c00e913bcf0edd6c0fc16ea3429dcecd83877
:1081ac00ea1f020ce3d501fa240df90fe1ea0ef1f6
:1081bc00d447fed0b77b0d05d9c249b6f80e7fed7a
:1081cc001622a12b0fffcdfdf8971416244503445e
:1081dc00e4f2f6fffbf4e22efdae5cd410c5e9d35d
:1081ec001b122ae84507f1e8eaca1bc7c0273dfc69
:1081fc001bfa10eb100010f724fef9c00ef0faf584
:10820c00f20b0efa06ebeb0000c51181fef306042f
:10821c0006effa01fa0efc070bff11f3f8031ef838
:10822c00ff0001e51408010bfaff0bfcf7ee0c162e
:10823c0022f601e14309c5f78cee0cd816cdde838e
:10824c007fcf1c18d706e1d2d604d30d1b03c0fa7e
:10825c00f2becff40c24b41ceccd0c0ae1f4eed934
:10826c00320bfe24d803f7d9061f141fd801330490
:10827c00852403486509600381023b13be40d6c9bf
:10828c00381ff702f523483734b9dbc51bdc2a014c
:10829c00efde3813b67dbbe207ecf712e826f619d1
:1082ac00dad3fff047c6140b0cffefe5d8ec1cdd5e
:1082bc00f8e32cbc0b232ce4e011e8f3d1cc15d75c
:1082cc00287f12d85e06bc0e0cec20c8307807f85c
:1082dc00facc0813fd3f0227d9e631ff00dfc7dadd
:1082ec00fdf819e0e8e31014074725f825f5fa0422
:1082fc0081ff1738a4f7b5ece924fd132a080d44c7
:10830c0024cafde7dafc391715ee0ae6d905172160
:10831c00c6b1d6fd04e5f7aae7e00007160907c1c8
:10832c00eaf9dd1dccf115e445de060b03160ca6af
:10833c000347edb9f6f5041b2b1ceaf03a05d0f314
:10834c00faf28114e703b7f4f3133a1f0424f6f29c
:10835c0007e7fbf101101af3f519dce80205e4fe5e
:10836c00e00b01f314f1f812da0301fc02e60e0e35
:10837c0017d507b815200afbe4f7ff10f48111f3a9
:10838c0025d7700017f7b90204f4d204f617feede6
:10839c00f3d50516f92de80be2d0082208f7fa07f9
:1083ac0002fd0e00e5f0ffe2f710f810001214f4d5
:1083bc00fdf80311fafdfcf30cfbf9feed07fd11c2
:1083cc0006f9faf1fc05ed1e1309eb03f5e9f6f9d4
:1083dc0007fcfafffcfbfbf8fbf8feeffb1303fdbd
:1083ec0014060a11fb020efff8f00ff809f809fd4c
:1083fc00aa0d81262d1829d1c4e10fcff4cd08dcac
:10840c00fcd7c9e5f8de27e5e4d9fae5fe15ea055f
:10841c00f2f51ffaf411efec11fef01505ebed116e
:10842c00edc924ec13e233fb07dd03e2a0000718cf
:10843c009b0818dcf720c7e806ea81100a2f0816fb
:10844c000c0d37e60900dbf8f8f7e9df5cbefc93ae
:10845c00b2dc18fcd602df2b0ff706e5100c11f47a
:10846c0017e3e0faea1f0d00fd161609ed3efecdee
:10847c00addbfdfd4e739ff85b2e2c7244457f0add
:10848c0035d53dc01618ff1d1d1d300015f82413e1
:10849c000e012f0ff80b38042418caa51f2a43f518
:1084ac001dc30bde19390b26d0f2e9e2283fe80890
:1084bc00dd44fd111622f6fc24f3fbe4c22da110c1
:1084cc0058e2dcfff0f214140ffc7fec39f2085f79
:1084dc00eeb26e37b404e6c85bf01a1203f4c705ab
:1084ec003afb0e43291606fab0dee6e6e7c8051c91
:1084fc00d781f52d1afc0d09e4f1ec0be50ff2ee2a
:10850c00bd01f3eb07052c0f0efcfae90ef4170076
:10851c00fee817fe180cf4010ce8030efc01e50054
:10852c000ffe0b070a0000ebfa132d00ff06fd02ed
:10853c0029e2aad11af726e3f9f206f700fd00ecbe
:10854c0019ef14d5d97fd1f4f420f5fb02fcfcfa19
:10855c0014f619e5ecfaf00907fc1e02e00f0e1aee
:10856c0005f4d1fb110ac8fb1a0a10fc35eee9e33d
:10857c003a7f0eabda09f1f3281f22f329e41b230f
:10858c005efcff1cfe00abf3f400071ee305dc08e9
:10859c00ed18d4fbd1f21ffaf320f8e8060922f308
:1085ac00e4fff7f0fbf800190ce6d0fafefcfdfa3c
:1085bc0000fd04e60801061000fb020704f6fefab3
:1085cc00f600fa7fff00e6fafaf1fdda0109fb0189
:1085dc00fc040001fa04fe0102feff0500f300fb9f
:1085ec00010903fe09fb0200fa0007fe08fb050562
:1085fc00b0fc1e194830dee50c813f3c262b3c17a5
:10860c000bdd12cce00d180906f4baa89ed90c8328
:10861c00e8d8dedc27faf62042d7c30c0af043c0b8
:10862c0028edf1481c4923fc44122a27fc17de10c4
:10863c00ecfefe1c27151037ea160e1314fb241241
:10864c000ef6faff03fa342ee7da502be5fd11197a
:10865c00f5ff1f1d16ff0100ea16ef06fdfa0f10bd
:10866c000306c4f008dbf2eefe4210143313e81cd0
:10867c008150fe3df8172ff908d0bac4f9eef71d5a
:10868c002136011ba3f13c0003dc08d40833f7feb0
:10869c00d71a2ae5f9e5c4e547d42d011ee40114e7
:1086ac00f418331624ddfe25c4c6f6d8010c0e359d
:1086bc003a1502ba3fa162072b0c2707e0ed458261
:1086cc00dd26f212f70abbefedb91861f5f7fb01e5
:1086dc001e221fde1b0cdd7f15051918cd14ddebda
:1086ec0002f91de8e4eee6eadc0d50aff7fa13cc24
:1086fc00d7e50e270dede7e6f8298eed1e13fa00ef
:10870c00ed082c01f3f9271316e4fde6430810815c
:10871c00c1d913f3f50ffd05f9fff5ec15000c0f9e
:10872c00bb11e30427210400fe0dfd0cfa19ece14a
:10873c00fbe601c113f85ffec46629f4d7f6f4ed2d
:10874c000b12df0001f9c0f5f7e107d7e20df4d702
:10875c00e6fe0918ff065a0702f91f0a1cf9d81d74
:10876c000001100ee97f00acd805f9f5f8d806de4b
:10877c007fda102827ec216be2ec167b084afaba58
:10878c002cd90b30b08e2916154b050710060cfa98
:10879c0012e71fd90801ed1ff8ff9d23ca08150326
:1087ac000759250700f834f7591114ffa2e1c79cab
:1087bc001e107fc4e7eb0f280200dd50f56bcc2eaa
:1087cc00362c71caea69c302020bfefbf5b906121c
:1087dc0016dbd9ff0021faf8e4ebcacff1a132c7be
:1087ec002de87b04e201dafedd15fff278fcedcc1e
:1087fc00cf8603eaf3fd0c020d0df70317f0f5fb22
:10880c00f2fe0bfd01ffe5bab5137fe7fffed207c1
:10881c0009f9fb090a0201f9ffe1fbfcfdfcd5e8b3
:10882c000503fafbedfd03f2ef0413f2f5f6edfb95
:10883c0029e1ec0ff2de0b11e9f5fe22e11f0bfb37
:10884c00480e9a00fd0e11fdfed07f0018def70dcc
:10885c000311e6fa17e20911002b0c07fdfd00f1dc
:10886c00100f0dfac4efff1f1a2014f4131103e2ba
:10887c00fcf0fbd1f7a00d0808815d141cfa420036
:10888c0002ece7edf601d1f5f61029d416fef42e24
:10889c0001f6c6fa0f261709011ee4eeb308c9ff4c
:1088ac001febf9ffd5a2fb2313eee30c07471814bb
:1088bc000f01f9efff7f2b04f42515faecf5c8072f
:1088cc0013fbee04fa02eef1effb010ac7f9f54ec9
:1088dc000ff4ef0df4fef9f40af4f31020fefaff96
:1088ec0005000001ed22fff3081cffeaf5d502fca0
:1088fc00819fed353007e51be449f6e51bc31203f8
:10890c002de1121b4b00350606e1e3dfedfa05f015
:10891c000200c022f7ffe4d4f0d807cb1d01f6d932
:10892c00f401eef1ff10ea07ba000316e2171b0977
:10893c00e0f407071714eaf814f70df107edfd083a
:10894c00feff0fff02f8f308e9f80c07f8eefb0046
:10895c0004061a0afbf60002f4feebfe0d170907db
:10896c00fe02040709f5f9f6f6050205ef07f5f323
:10897c00e5060ae60b8110f8f03ba4020bfbd710be
:10898c0022f111fcedffe6f4f60018f35807f86e2f
:10899c00e5f106f5f40201d0df0ef302bd0fcc2396
:1089ac00c6fbd110f10a06d315e5f127072e00d727
:1089bc00f59bfd1c3d01cf01aae7f5057ffaf6c337
:1089cc0030fce7fe04111f0a09dd02f0eb0e0f0963
:1089dc00dbb63010ec0fe0eafb05ebf5ee08ead362
:1089ec00f4fbfb1110f10eeaf00ee1c6e6ef08ff06
:1089fc00bcf0fab331b38104d30cfe070b06e2884a
:108a0c001de723f9f20eb300fe0be9d1e8ea0811d9
:108a1c00f6e4ef05fd0bb20b22f10b2ed603f00a98
:108a2c000806f823fa2104d2c50b3126ecf30cdb33
:108a3c00ba00fdd1f0000e0cdaf704451216f7025d
:108a4c001602e213f515d307037c227f05e30d0113
:108a5c001a0307f80b04f7f7fbedf0300306ef1cd5
:108a6c00fdf0fb01c70307fb14ece5f1fb1cecd795
:108a7c00ddc8f9ee31bd3b162106d3720cb1c1f243
:108a8c004acd09e7e60ff2f5f581066ee4e3fc0c3e
:108a9c00e700e6ea0705fde40bebfb14f7070bd345
:108aac00cde712f50a0c1ae90cfc140b1eeffe2490
:108abc00a3f1ebbb33b51a10f1f7dff3810ad0ec5d
:108acc00107fc50fdffbbbf4f9cd2ddb08f2f2a74d
:108adc000cda3ffa38b9fd27f4e9f807c2e2d92fce
:108aec004337082705fd1215ef230816f40afe324a
:020000040000fa
:020000040c02ec
:108afc0000b5c14b4ff0806283b048f21201c3f84d
:108b0c009420c3f89820adf804101cf051ff0028f5
:108b1c00fbd10222212001a91bf082fb1cf048ff93
:108b2c000028fbd14ff43063adf804301cf040ff4b
:108b3c000028fbd1022201a921201bf071fb1cf0a3
:108b4c0037ff0028fbd148f21103adf804301cf0bc
:108b5c002fff0028fbd1022201a921201bf060fb72
:108b6c001cf026ff0028fbd141f21243adf8043073
:108b7c001cf01eff0028fbd1022201a921201bf0b2
:108b8c004ffb1cf015ff0028fbd148f21373adf816
:108b9c0004301cf00dff0028fbd1022201a921207a
:108bac001bf03efb1cf004ff0028fbd141f6140324
:108bbc00adf804301cf0fcfe0028fbd1022201a908
:108bcc0021201bf02dfb1cf0f3fe0028fbd147f2fb
:108bdc002403adf804301cf0ebfe0028fbd102227c
:108bec0001a921201bf01cfb1cf0e2fe0028fbd18c
:108bfc0046f22503adf804301cf0dafe0028fbd158
:108c0c00022201a921201bf00bfb1cf0d1fe002835
:108c1c00fbd14af22653adf804301cf0c9fe0028f3
:108c2c00fbd1022201a921201bf0fafa1cf0c0fe94
:108c3c000028fbd18c23adf804301cf0b9fe0028c1
:108c4c00fbd1022201a921201bf0eafa1cf0b0fe94
:108c5c000028fbd140f63a03adf804301cf0a8fe16
:108c6c000028fbd1022201a921201bf0d9fa1cf00b
:108c7c009ffe0028fbd148f63d03adf804301cf0f4
:108c8c0097fe0028fbd1022201a921201bf0c8fa73
:108c9c001cf08efe0028fbd140f2a223adf804306c
:108cac001cf086fe0028fbd1022201a921201bf01a
:108cbc00b7fa1cf07dfe0028fbd14df24003adf855
:108ccc0004301cf075fe0028fbd1022201a92120e2
:108cdc001bf0a6fa1cf06cfe0028fbd142f2150327
:108cec00adf804301cf064fe0028fbd1022201a96f
:108cfc0021201bf095fa1cf05bfe0028fbd140f6fe
:108d0c000c43adf804301cf053fe0028fbd10222ba
:108d1c0001a921201bf084fa1cf04afe0028fbd18b
:108d2c0041f23e23adf804301cf042fe0028fbd18a
:108d3c00022201a921201bf073fa1cf039fe002835
:108d4c00fbd140f20913adf804301cf031fe0028c1
:108d5c00fbd1022201a921201bf062fa1cf028fe93
:108d6c000028fbd143f67073adf804301cf020fee4
:108d7c000028fbd1022201a921201bf051fa1cf082
:108d8c0017fe0028fbd143f27153adf804301cf0f0
:108d9c000ffe0028fbd1022201a921201bf040fa72
:108dac001cf006fe0028fbd142f27213adf8043021
:108dbc001cf0fefd0028fbd1022201a921201bf092
:108dcc002ffa1cf0f5fd0028fbd14ff27303adf820
:108ddc0004301cf0edfd0028fbd1022201a921205a
:108dec001bf01efa1cf0e4fd0028fbd141f21763c6
:108dfc00adf8043002e000bf000084441cf0d8fd44
:108e0c000028fbd1022201a921201bf009fa1cf039
:108e1c00cffd0028fbd14ff48363adf804301cf078
:108e2c00c7fd0028fbd1022201a921201bf0f8f973
:108e3c001cf0befd0028fbd14af23243adf80430e1
:108e4c001cf0b6fd0028fbd1022201a921201bf049
:108e5c00e7f91cf0adfd0028fbd140f21923adf869
:108e6c0004301cf0a5fd0028fbd1022201a9212011
:108e7c001bf0d6f91cf09cfd0028fbd147f61a23f9
:108e8c00adf804301cf094fd0028fbd1022201a99e
:108e9c0021201bf0c5f91cf08bfd0028fbd140f6fe
:108eac000323adf804301cf083fd0028fbd1022213
:108ebc0001a921201bf0b4f91cf07afd0028fbd18c
:108ecc0048f24f03adf804301cf072fd0028fbd1c2
:108edc00022201a921201bf0a3f91cf069fd002836
:108eec00fbd148f25003adf804301cf061fd0028b2
:108efc00fbd1022201a921201bf092f91cf058fd94
:108f0c000028fbd15123adf804301cf051fd002892
:108f1c00fbd1022201a921201bf082f91cf048fd93
:108f2c000028fbd142f25223adf804301cf040fd76
:108f3c000028fbd1022201a921201bf071f91cf0a1
:108f4c0037fd0028fbd145f65363adf804301cf017
:108f5c002ffd0028fbd1022201a921201bf060f972
:108f6c001cf026fd0028fbd148f25403adf8043068
:108f7c001cf01efd0028fbd1022201a921201bf0b0
:108f8c004ff91cf015fd0028fbd149f65863adf8dc
:108f9c0004301cf00dfd0028fbd1022201a9212078
:108fac001bf03ef91cf004fd0028fbd142f27a03c1
:108fbc00adf804301cf0fcfc0028fbd1022201a906
:108fcc0021201bf02df91cf0f3fc0028fbd141f201
:108fdc007b03adf804301cf0ebfc0028fbd1022223
:108fec0001a921201bf01cf91cf0e2fc0028fbd18c
:108ffc0041f67c63adf804301cf0dafc0028fbd1a0
:10900c00022201a921201bf00bf91cf0d1fc002835
:10901c00fbd143f27d53adf804301cf0c9fc0028a1
:10902c00fbd1022201a921201bf0faf81cf0c0fc94
:10903c000028fbd145f67e23adf804301cf0b8fcbb
:10904c000028fbd1022201a921201bf0e9f81cf019
:10905c00affc0028fbd146f67f13adf804301cf0b2
:10906c00a7fc0028fbd1022201a921201bf0d8f873
:10907c001cf09efc0028fbd14ff4ed43adf80430fe
:10908c001cf096fc0028fbd1022201a921201bf028
:10909c00c7f81cf08dfc0028fbd148f28103adf819
:1090ac0004301cf085fc0028fbd1022201a92120f0
:1090bc001bf0b6f81cf07cfc0028fbd148f68203b0
:1090cc00adf804301cf074fc0028fbd1022201a97d
:1090dc0021201bf0a5f81cf06bfc0028fbd148f6f6
:1090ec008373adf804301cf063fc0028fbd1022222
:1090fc0001a921201bf094f81cf05afc0028fbd18c
:10910c0049f28463adf804301cf052fc0028fbd10a
:10911c00022201a921201bf083f81cf049fc002835
:10912c00fbd14af28533adf804301cf041fc002829
:10913c00fbd1022201a921201bf072f81cf038fc93
:10914c000028fbd14af68673adf804301cf030fcd5
:10915c000028fbd1022201a921201bf061f81cf090
:10916c0027fc0028fbd14cf28743adf804301cf0ef
:10917c001ffc0028fbd1022201a921201bf050f872
:10918c001cf016fc0028fbd14df28873adf80430ae
:10919c001cf00efc0028fbd1022201a921201bf09f
:1091ac003ff81cf005fc0028fbd14ef68903adf806
:1091bc0004301cf0fdfb0028fbd1022201a9212068
:1091cc001bf02ef81cf0f4fb0028fbd144f2010339
:1091dc00adf804301cf0ecfb0028fbd1022201a9f5
:1091ec0021201bf01df81cf0e3fb0028fbd146f2fc
:1091fc000203adf804301cf0dbfb0028fbd102228b
:10920c0001a921201bf00cf81cf0d2fb0028fbd18b
:10921c0040f64323adf804301cf0cafb0028fbd108
:10922c00022201a921201af0fbff1cf0c1fb00282f
:10923c00fbd14ff24403adf804301cf0b9fb00280d
:10924c00fbd1022201a921201af0eaff1cf0b0fb8d
:10925c000028fbd143f24543adf804301cf0a8fbc9
:10926c000028fbd1022201a921201af0d9ff1cf001
:10927c009ffb0028fbd145f64603adf804301cf0eb
:10928c0097fb0028fbd1022201a921201af0c8ff6c
:10929c001cf08efb0028fbd142f64703adf80430de
:1092ac001cf086fb0028fbd1022201a921201af018
:1092bc00b7ff1cf07dfb0028fbd143f64823adf82b
:1092cc0004301cf075fb0028fbd1022201a92120df
:1092dc001af0a6ff1cf06cfb0028fbd148f65903d2
:1092ec00adf804301cf064fb0028fbd1022201a96c
:1092fc0021201af095ff1cf05bfb0028fbd148f6ef
:10930c005a03adf804301cf053fb0028fbd10222a9
:10931c0001a921201af084ff1cf04afb0028fbd184
:10932c0044f25b43adf804301cf042fb0028fbd147
:10933c00022201a921201af073ff1cf039fb00282e
:10934c00fbd146f25c73adf804301cf031fb002805
:10935c00fbd1022201a921201af062ff1cf028fb8c
:10936c000028fbd144f65d13adf804301cf020fb53
:10937c000028fbd1022201a921201af051ff1cf078
:10938c0017fb0028fbd140f65e63adf804301cf0ef
:10939c000ffb0028fbd1022201a921201af040ff6b
:1093ac001cf006fb0028fbd140f66c23adf8043012
:1093bc001cf0fefa0028fbd1022201a921201af090
:1093cc002fff1cf0f5fa0028fbd145f26d53adf8d8
:1093dc0004301cf0edfa0028fbd1022201a9212057
:1093ec001af01eff1cf0e4fa0028fbd141f26e13b8
:1093fc00adf804301cf0dcfa0028fbd1022201a9e4
:10940c0021201af00dff1cf0d3fa0028fbd149f6ed
:10941c006f73adf804301cf0cbfa0028fbd102229c
:10942c0001a921201af0fcfe1cf0c2fa0028fbd185
:10943c0044f26a03adf804301cf0bafa0028fbd1f0
:10944c00022201a921201af0ebfe1cf0b1fa00282f
:10945c00fbd144f20103adf804301cf0a9fa00284a
:10946c00fbd1022201a921201af0dafe1cf0a0fa8d
:10947c000028fbd146f20203adf804301cf098fa38
:10948c000028fbd1022201a921201af0c9fe1cf0f0
:10949c008ffa0028fbd15523adf804301cf088fa64
:1094ac000028fbd1022201a921201af0b9fe1cf0e0
:1094bc007ffa0028fbd144f25603adf804301cf0bf
:1094cc0077fa0028fbd1022201a921201af0a8fe6c
:1094dc001cf06efa0028fbd148f2b043adf8043012
:1094ec001cf066fa0028fbd1022201a921201af0f7
:1094fc0097fe1cf05dfa0028fbd101a9322016f072
:10950c0031f8019819f00afc0028fad003b05df884
:04951c0004fb00bf8d
:020000040000fa
:020000040c02ec
:10952000ffffd203fcff02000100fffd0100fff777
:1095300002f8000001fd2400ff03fe0404fc020207
:109540000401ff025fba020060fc00050000060291
:109550000500fd0105fb01ff0003fba101ff06f56e
:1095600003000102ffff000301fd0100fefdfc02fc
:109570000101f90101ff01149c0110030305fc0125
:109580000003ff1100fefdfc04feff03fd6cff0065
:1095900008fe010101fc00ff001afdfe03d100fbe3
:1095a0000700fefefdfedc00020381fc000001ff5f
:1095b000fcfd00fb000001fe81014a04ff00060ad9
:1095c000f5fe0732f703f900fd04fb160709fff962
:1095d00000fafa010000ff0502f8ff11dc00f9fcb7
:1095e000f9ae04fcfa01b9fce4f9fe02fc13fbfe3f
:1095f000fe0700000004f50300000303fd070c262e
:1096000001d0fe04f2fd0e0202fd06010c03010171
:109610000001fef807a7fd2900ed400404fd18ff36
:10962000fd02f4ff0feefd0501050d64fcff1002c5
:1096300002fae404fe0ffe02d8fdfafe01f8fb0a6e
:10964000fdff02023ded03fd00020500050602815b
:1096500004f5fe18000504fffd01fafe04f7ffff04
:10966000f9fffcfd0d00fdfef103ff1f0401fd00ed
:10967000f500ff02187a03fff90cfd13ff00fffa53
:10968000fffd021303f904020d01d1ffedfd01f905
:1096900001fefae901000601f008fc690e4209fc2e
:1096a00001040404ff0411fd00fefe0af20cfff8a1
:1096b000070103fd0103f902fdfafcfdf4fa01fdc7
:1096c00002ffff0199fb09fdfd010a0dfdfcfffcf6
:1096d000f601ff0401fd0003fa0010fa01fd020487
:1096e000fffbf9ebfe02ff01fdff0719f3fc02008f
:1096f000fefafefb0001fdfefffb02a810fc0000cd
:10970000fd1501fd01fce7fcf13101fffe06ffff45
:10971000fffffe0107ff010100fe81fdfe00fcfcd2
:1097200001f90000fc02fffffefb01f5e6fef70079
:1097300002f201fffdebf1f8fffcf5fdff02f60080
:10974000ffff09fc00f8f0010000fdd8050005ff4f
:109750000000fffd02ff00fefe050104fe01fd000a
:109760001804fed61e3c1ee9210315f30653da3217
:10977000cdebeb6a00e9f4f4132ed003e6ea4906d8
:10978000d6fbd5bb150303e01213f6090cf9d7dba2
:10979000bb14dabb57241a1bd62fd30eb7fc0cf31d
:1097a000c5fff8d21ca32e1709c000374302cddd38
:1097b000e408dff5dcd005e212dae6ef353481e3c8
:1097c00007f3b303ce2ff804ded1f924ca14fcf456
:1097d000cfbfb9fbffecd5f9c6e529170516ddfab1
:1097e0000bfff5d830e4e4f012eb0f1ae042ffd59e
:1097f00012fe0aff0308f90511d60f020025ff1318
:10980000f505022b08f806fff3f601040af9ee0647
:1098100004000bf7050329010907feff12000309e5
:10982000011017ff0b08fe10f7060d0820072dff8b
:10983000fcfffdfe040023ea030004b2030905084f
:10984000fb14060402fd0d0808060205090bf503ca
:10985000e1120303fd210012ffff0226030707e4c4
:1098600000ffffaf1207f803ed061d0f15ff0603fb
:10987000fef908fd030101fa05fe0c00007f00fc63
:109880000001c50004fffbfd030001000302000509
:1098900000f600fefefe39fd00060201fffe01019a
:1098a00009fe02014181ff01cd050003fe0101fe19
:1098b0000201fd00fefe01010100f8bbfafd0456a5
:1098c00000fd03e7f700fe00fe00f702fffefb04c9
:1098d00001fbfe0000fff8f931ff1b030109fefe4a
:1098e000000003ff000101fe04fefeff0471ff0102
:1098f0000dfbfbfffffefe01032e01fd0897feff9f
:10990000fa02fefefdfcd4ff0005abfd04fb0903db
:10991000f83800fb00f100fde4ff250300fa0bfc22
:1099200000000502810000d802fe00fe0003fffed9
:10993000000f000100ffff07fffd1b00bc0102ff3d
:10994000ffab0100fd0003f32f00ff00014afc0004
:109950000001020002fffa01fe010102fcff0017f4
:10996000ffeffe00f9ffff00ff0001fe0001fbff1b
:1099700000fe01ff01fcff110105d356ffff0a00a5
:10998000ff000001fb39db03ff00c1f9f400fefa20
:10999000fe00050302c1ff000ef9ff01fff901fa05
:1099a000330004000800ffffff01ffffff01000577
:1099b000ff09010d01fffe0000fd0000010500038d
:1099c000fffe0202fe060101fff6001e01fe2a0153
:1099d000ff030001fd010001ff0404fd030006f484
:1099e0000000ffb009edfe019802f70008f4fb004b
:1099f00000fefd7ffeff03010103ff67ffcf0100b3
:109a0000feffff02000df301fffeff0af10300005d
:109a10000703ff000103f703010114000400030121
:109a200001000200fefd03fffe0100fc0004ff0038
:109a30008101fe00fd04000000fef7fefefd01feb8
:109a4000fd00fafffe000006fdfdff00fe0100fc28
:109a5000fffe0004ffff00ff00220402feffec01f6
:109a6000fbf3fefc01fe00010d0501fefdfef20010
:109a700000fff10002fe02ff02fdfeff03fefefffb
:109a8000fe00ffff00ffffff00fb01f401ffff00ee
:109a9000feffff00fff7fe03fffbffddff00feff01
:109aa00000ff00ff00fc3e03ff00ceffff010200ad
:109ab000ff01fe0000fa00fffe54ff0300fc01ff5f
:109ac000f2fff5e3ff30e2dcfffdffd80609e0e737
:109ad000d8ebd0ac0ef8ed09d8f6d5e3c93d2f157b
:109ae000d3ebc3260f12f5d6f73ce6f703f132e2cb
:109af000c802b8e71019fdda00e8cc0cc013f01862
:109b0000e0143f233ac2233128e6e5031cb4ceca51
:109b1000d1c7db29e5e1dedcf7f4e2ff000ef2d687
:109b200007ad1201debab9c2e0ef0d03d7fecdffdb
:109b3000ddd8fef4ce1010f62ee40be88117d83fe6
:109b40003ffcd0d4f4fbedf4da02f30addf409e4cf
:109b5000f3fcfe02021af7f902ebf8ef0704f20633
:109b6000cb01e7ee1508fd0df4fafcf3f32a0533fb
:109b700006e3f210fffabcf9fa05ee000af70b0c47
:109b80000106fafff10217f61dfdf703120b0e0f87
:109b9000f723281d07016fa408eb07d3fe02e3f2a9
:109ba00002fdfefcf702fa06fcfbfbf8ffff20fdbe
:109bb000ae00da01f9ffe8f100fd0c06020ceda79a
:109bc000ffffde91f60915004f040905f90bfa0baa
:109bd0000acefee501060081f10a0bfdc84d03ea3d
:109be000fcfd89f8fe000002fc00fe001f020300dd
:109bf000f7dcfcfff50051ef0205ff03010201ff56
:109c00000301fdf9029c04fff200fa030ffafbf9cd
:109c1000fbfc0100010400fafefe00d5ff0209036f
:109c2000fc03000203000702010d02000300fefd19
:109c300000ff00fe00fe06eb18000d03fefe02f61c
:109c4000ff00067ffff801ff0002fefe00ee0201aa
:109c500000ff0403f9fc0bf90021f3fdfefdf612f1
:109c6000fe01fc01ff020100fc141cc601ffd3052c
:109c7000003cfefe00fffd0107ff0103fefdf202b6
:109c8000fffef7fa8100fe96fcfffbfc00fe00fee3
:109c90000012e8fd01f603f0ffff2807b80203fffa
:109ca0001bd706ffff02000f29ff00fff43ffdff57
:109cb000fe0400fc0b00fa0301fcfc0105ff011986
:109cc00001fdfb04fffe2b02000001020402fe0165
:109cd000ff0006fcff09f2070003050900fd0f0164
:109ce00000feff050d17f50302fde1fc00fe060175
:109cf000f90211fd009900fd09f80002ff02dcfbea
:109d000007fefb0504fdfffefb010203f5faff0b56
:109d1000047f07f90101ff0207040502030605019c
:109d2000ff04f604f801010501fe01f7ff0000023f
:109d3000f003020100fb01020603fef9fa02dbfd5b
:109d40000300ea08eefd06fc0a050c01ff08fafe16
:109d5000050302fc0205ff04fe04031203030402d0
:109d60000002fcfa0407120bfdfffe050102ff00d2
:109d7000ff04fb00fc00ee04f8082f0215feff02b2
:109d8000fc0011fe03fd08ff05ea03d303fe0a02ef
:109d90000b0100ff00fd000409000601020200fea5
:109da000fefcdc040000000602fdff00ff040100d1
:109db00000fc00f80001010201c505fefd00fe00e7
:109dc000fe04fffffe00fefffbf1ff0002f70801ab
:109dd00002fff900fe00fcfd03080b000001000a71
:109de000fffb03fd0200fa0000f600f9ff02ff008e
:109df00000fe00fffffa02f201020801000001016b
:109e0000fe00ff00feebfdecff0081ffdf00000025
:109e10000201cefc0201fcfffd30ff020101fa034a
:109e2000ee03f6f51cf9eee504fe02ef38fbfeee5c
:109e3000e927d6e60303f508ff1cdc05dddee82094
:109e4000e7e2edeefd0e13f7fdfde10efcd80d008f
:109e5000ece7d4f0f904fae401f9e2f7de0281ff5d
:109e6000ed1b0bf6fee0e910f638f6fd06f3f2e521
:109e7000ece2e9fff8f710effbfce80f0b0bf9e160
:109e8000fece0bfaf3eaf7e9edf6f9dfe7f7ec04bb
:109e9000eeececf7d1f4083107f8def4f601fa182d
:109ea000f502dfdafbf9f7fcf01cf333eaf42cf3ec
:109eb000ff04ff03feff09fc040400fa16fe020281
:109ec000d7fafeff0cac040efbfbfc05f8f1fc79a5
:109ed000ffed07f704009bfb0300f60106fc0c08ee
:109ee00013fff6fefffcffff09fefe070e0305fd54
:109ef000f61c09fb0200fbddff0a02f1ff00fcf883
:109f0000fffff70100fd060008fffc03ed0611044a
:109f1000d900f306fcfe05fbff0202fc0000fdc1b8
:109f2000ff03ffccf8000a0a0e00ff0200fd070441
:109f3000031b01ef00030081f80b0300e01207f898
:020000040000fa
:020000040c02ec
:109f4000086800b1084470470920704703685a0048
:109f50004cbf43f0004323f00043184470472de901
:109f6000f0470746164621b301f1ff38c1464ff0ce
:109f7000000a00bf0aeb090404ebd4746410e50086
:109f800079190846fff7e2ffa04515d0b04204d981
:109f9000a2450dd004f1ff39ece705f10800384483
:109fa000fff7d4ff0138b04203d204f1010ae1e720
:109fb00000210846bde8f087b042e9d8f9e701285a
:109fc00006d0022806d00028034818bf002070479a
:109fd0000248704702487047b1a5020cb5a5020cb3
:109fe000b9a5020c214b37b504468d1e4bb101a912
:109ff0002846aff3008048b900232361092003b04d
:10a0000030bd1b481b4b1b1adb10019301992a46dc
:10a01000fff7a5ff01460028eed0fff797ff4b683a
:10a02000a064012b03d1002323610520e7e7002b67
:10a0300001f1040010dae0640123e06c2365036899
:10a04000002b0edac3f30360fff7b9ff002820618d
:10a0500014bf00200920d2e7fff778ff0023e06457
:10a06000ebe7fff773ff20610020c8e70000000066
:10a070003800000c9001000c0368da0710b50446a4
:10a0800006d413f0020f00f1480018d013f09cfb27
:10a090002368590703d404f1d00013f09dfb236813
:10a0a0001a0703d404f5a87013f09efb2368db069f
:10a0b00008d404f5e870bde8104013f0d9bb13f0e4
:10a0c0007bfbe5e710bd704770b505460c46216c7b
:10a0d0002846fff787ff064608b11bf0afff236c49
:10a0e0006b6122462b692946012098470828eed04b
:10a0f0000728f2d13046216cfff7e5ff201d13f051
:10a100004ffb2de9f047adf5727d02acd0f80c9015
:10a11000d0f818a0054690460431402203a8002735
:10a120001bf0c8fd2760216c2846fff75bffb8f1e4
:10a13000000f14bf4ff00a084ff00908064650bb45
:10a14000236c6b614ff4f07221467aa81bf0b2fdcc
:10a150002b697aaa294640469847889b074663643c
:10a160002a46cde9004a2b4641460120c847b0b9ee
:10a17000b6b94ff4f0727aa920461bf09bfd082f68
:10a18000b046d0d0072f0ad13046216cfff79bff95
:10a1900003a813f005fb48f01008a36bdfe70926be
:10a1a00030460df5727dbde8f087406c704770b5a4
:10a1b000cb6b0b64f8b004460d464022043101a875
:10a1c0001bf078fd4ff0ff33009310992046fff706
:10a1d00009ff78b923696a46214698470828064648
:10a1e000f3d06846fff748ff062e03d129462046e4
:10a1f000fff76aff092078b070bd10b48261da6b96
:10a20000c1605df8044b1a641946002279e770b505
:10a21000c66843690b6404460d4626b10122fff768
:10a2200070ff1bf00bff03690a46014602209847a6
:10a23000072805d00828f4d129462046fff744ff17
:10a240003046296cfff73fff281d13f0a9fac268ba
:10a2500002b9ace7ca6b0a64002252e77047836810
:10a2600001460bb1012018477047042910d8dfe8d8
:10a2700001f0030d0f0d0d0053b90f2a08d800eba4
:10a280008200009a41681160184670470123fbe77d
:10a290000223f9e71fb503ab009300230a461946d2
:10a2a000fff7e3ff039805b05df804fb042910d81d
:10a2b000dfe801f0030d0f0d0d0053b90f2a08d888
:10a2c000009900eb8200096841601846704701233d
:10a2d000fbe70223f9e71fb503ab009300230392ca
:10a2e0000a461946fff7e2ff05b05df804fb70b5ba
:10a2f000d36b1364adf50e7d0e4611460546402224
:10a30000043117a81bf0d6fc4ff0ff3316932699a3
:10a310006846fff767fe90b90c2116a86a46fff75a
:10a32000daff314616a8a84748b9049b16aa694621
:10a33000082098470528044602d00928e7d10924b7
:10a3400016a8fff799fe20460df50e7d70bd2de98c
:10a35000f04fce6c87b0174656f8042b00900d4690
:10a3600000f00309cde903269a4613bb120203232a
:10a370000392adf814302b6db9f1020f08bfae6b2c
:10a3800013f0010838d04ff00008baf1020f40f383
:10a39000fc80aaf104035a425a4103993846fff758
:10a3a000d3fd00285ad1b8f1000f40f0f380082007
:10a3b00055e0022bdfdc130c12048df815300392ec
:10a3c000dbb202228df8142006eb8306d3e70023cc
:10a3d00037e0341db9f1000f0dd063b13046fff7ff
:10a3e000b5fdac6306462846aff30080002835d0a3
:10a3f00032460f2176e02646d6f800b0bbf1000fba
:10a40000c3d0baf1020f0cbf74687488a96c18bf6e
:10a41000b6f800b024f0010303eb010238464ff018
:10a420000f010cbf083604360192fff733ff019a83
:10a430008242ccd82bf001031344834294bf002303
:10a440000123600000f002000bf0010b40ea0b0456
:10a45000012c07d0002cbcd0022c4ad0092007b018
:10a46000bde8f08fb9f1000f28d1002b3fd0736801
:10a470003268981c4fead272f0d005f158010133ce
:10a4800002910ad0311d4846fff75afd02ab014642
:10a490002846aff30080044648b30d213846fff745
:10a4a000f9fe022c2862029a04d12b4643f82c2f85
:10a4b0006b6200e06a62ae620620d0e70d2138468a
:10a4c0002c6afff7e7fe844211d1ab6a9e420ed19f
:10a4d0003046fff73bfd0f2102463846fff7fbfef3
:10a4e0002a4600213846fff7f6fe0720b7e7083670
:10a4f00082e7346824f00044b9f1000f28d1fbb1a1
:10a50000009b190707d5dcb90d213846fff7c2febd
:10a51000029b2862cce7cb46a345f5d00bf1010b9b
:10a5200005f1580306eb8b0100200293fff708fdad
:10a5300002ab014600222846aff300800028ebd092
:10a540003368002bb8bf0436013406eb840653e7aa
:10a550000d213846d5f820b0fff79cfe8345efd19a
:10a56000ab6a9e42ecd14ff000080423c5e90b838f
:10a57000f318ac626b633368434503da601c06eb87
:10a580008000a6e74ff00108dae703a938460ef08d
:10a5900024f906e70f213846fff77cfe0e2102461c
:10a5a0003846fff798fe014a23e700bf000000008d
:10a5b0000023cce60123cae60223c8e62de9f041d8
:10a5c0000546c2b014469846042900f2bc80dfe874
:10a5d00011f005002100ba00b200df00b8f1000f51
:10a5e00040f0b18091b2836b424601202e1d00bf26
:10a5f00000fa02f70f421cbf53f8047b46f82270a2
:10a600000132102af4d1a10400d4ab63404642b019
:10a61000bde8f08108f0fb03012b4fea124694b22b
:10a6200040f09180b8f1010f06eb040740f0d680ae
:10a63000102f00f288800f2e00f28580002705e0a1
:10a64000102ffbd9b8f1050f7dd1103f2b68da0729
:10a650000cd5284623f00102b8f1050f40f8482b2d
:10a6600018d142f002022a6013f0b2f84fb12b6801
:10a67000580706d5284623f0040340f8d03b13f0d2
:10a68000aff8b8f1010f0bd120a813f099f88fb9ea
:10a69000002711e023f003032b6013f091f8e5e7a6
:10a6a0000f2e02d820a813f093f8002ff0d06846a0
:10a6b00013f096f8c6f11004ab6b002c19460bddb5
:10a6c00020aa02ebc602e1005018a3eb020c824262
:10a6d00002eb0c0420d1194487b1102e324642ab54
:10a6e00038bf102203ebc202a2f5c472fc000023a3
:10a6f000c858d05004339c42fad12144b8f1010f1c
:10a7000008bf0431b8f1010fa96309d120a813f0e3
:10a7100053f84ff0000879e7246842f8044bd6e775
:10a720000f2e02d820a813f04ff8002ff1d0684662
:10a7300013f052f8ede7b8f1030f04d1160c94b200
:10a740003319102b02d94ff002085fe7036819078d
:10a7500006d523f00803036000f5a87013f066f82f
:10a7600020a813f063f8aa6b20ab03ebc603e40048
:10a770001919d61a8b4203eb060005d11444ac63b9
:10a7800020a813f031f8c4e7006843f8040bf1e7a0
:10a79000b8f1000fd7d1102ad5d80368da0606d54c
:10a7a00023f01003036000f5e87013f06bf820ae9f
:10a7b000304613f067f8ab6b0022012101fa02f07a
:10a7c00020421cbf53f8040b46f822000132042a31
:10a7d000f4d1ab63304613f04bf817e7202fb2d813
:10a7e0000f2e7ff62daf2746002c3ff451afb8f166
:08a7f000050fa8d13be700bff3
:020000040000fa
:020000040c02ec
:10a7f8002de9f04fa7b001f1010c10923c9a149387
:10a808008b1c524207911d9302f00703bdf8e41018
:10a818001e90da1d1191bdf8e8100d2a9df9f4601b
:10a828000d9138bf0d22624500f2f683ddf8f0e0a5
:10a838001bb3012b0ef8016b1fd03c9a022b5670ec
:10a8480002f1020e19d0032b967002f1030e14d0f8
:10a85800042bd67002f1040e0fd0052b167102f1ed
:10a86800050e0ad0072b567102f1060e40f0d98367
:10a87800967102f1070e1f4600e01f4600201d9a40
:10a888000ef10101044666f30700a2eb03083c9aa7
:10a8980066f3070466f30f20134428f0070566f3f0
:10a8a8000f2466f317401d4466f3174466f31f60d0
:10a8b80066f31f641860083343f8044c0a46ab4239
:10a8c80001f1080102f10702f4d128f00703144648
:10a8d800434507eb03020eeb030192b25dd0013250
:10a8e8004c1c0ef8036091b2614556dc4b1c2246a5
:10a8f8009bb202f8016b63454edc8b1c6670a21c90
:10a908009bb29c4548dbcb1ca670e21c9bb29c45c5
:10a9180042db0b1de670221d9bb263453cdc4b1de0
:10a928002671621d9bb2634536dc8b1d6671a21dc4
:10a938009bb29c4530dbcb1da671e21d9bb29c45aa
:10a948002adb01f10803e67104f108029bb29c4579
:10a9580022db01f10903267204f109029bb29c452e
:10a968001adb01f10a03667204f10a029bb29c45e4
:10a9780012db01f10b03a67204f10b029bb29c459a
:10a988000adb01f10c03e67204f10c029bb29c4550
:10a9980002db26730d3400e01446109888b1234674
:10a9a80000221d9d01321e702b4491b203f8016ce8
:10a9b8008842f7d8109b1d9a013b9bb203fb0223e8
:10a9c8001c44079ba3f10e024ff6ef739a4200f264
:10a9d8001b8300211d9b224698080b4666f307013e
:10a9e80066f30f2166f3174166f31f61013342f8de
:10a9f800041b9842fad81d9a22f003018a428bb2ae
:10aa080004eb01000ad05a1c665492b2624505dc78
:10aa1800023346709bb2634500dc867014980028a8
:10aa280000f0bc82079e431e309c721e9bb204f14c
:10aa38000908119d94b21e9901336f0817940134c7
:10aa4800cb1800fb02f22294b900209305f1ff3cd9
:10aa5800229bc246199202461a911946940013463f
:10aa6800400001fb02f205f0010113971b921a4600
:10aa7800c318069012912593a3183c991693131b9b
:10aa88001d981c93634601440f9402fb03f3239122
:10aa9800d10021932b46249103fb02f30c937300fe
:10aaa8001893109b002b00f02881079b002b00f0c7
:10aab800248123996ff002031798ca43cdf87ca02c
:10aac800c41c1b1a92b206989bb20e940292884636
:10aad8001e9a229c101815930c190023259f924644
:10aae800ddf890b0149d049403900593199b08f128
:10aaf8000109079a53444244924598bf994540f248
:10ab08007282179b332b40f26e82029b13f007036d
:10ab180000f065829af90010012b08f1020289f809
:10ab280000100aeb0501019100f068821af905206e
:10ab3800022b039908f1030988f80220019100f01b
:10ab4800508291f900200aeb0700032b08f1040951
:10ab5800019088f8032000f044820f98042b1af91a
:10ab6800072008f105090aeb000488f8042001947d
:10ab780000f037821af90020cc19052b08f10609d4
:10ab8800019488f8052000f02c82ca570c18072b6e
:10ab980008f10709019488f8062040f032820a5625
:10aba80008f1080916980b93014488f807200191c9
:10abb800079a581c0f99d21a404405fb03a392b276
:10abc8005c18d6080892013eb6b20136cde909896b
:10abd80000ebc606ddf87080ddf85890002213f807
:10abe80025c093f800e011466ef3070213f809e058
:10abf8006cf3070114f808c06ef30f216cf30f22f1
:10ac080014f815e013f815c06ef3174114f807e0af
:10ac18006cf3174213f807c06ef31f615c446cf3c2
:10ac28001f625b44c0e900210830b042d6d10899c0
:10ac38000b9b21f00702019892b2dde909891344c0
:10ac480005fb02f48a4209eb020e9bb220443ad07b
:10ac580001995e1c11f904c0b6b20799441909f8a4
:10ac680002c0b1422fd99a1c10f905c0661992b2d8
:10ac78008ef801c08a4226d2da1c10f915c0701964
:10ac880092b28ef802c091421dd91a1d14f91540ce
:10ac980000eb050c92b28ef80340914213d95a1d6d
:10aca80016f9154092b28ef8044091420bd906333a
:10acb80010f915209bb28ef80520994203d91cf98a
:10acc80015308ef80630029a1599059b0a44049ca3
:10acd80001331b9992b226460e988a44039c059329
:10ace8009bb202920644109a0c44049680449a42fd
:10acf80003943ff6fbaeddf87ca0319b043331931f
:10ad0800329b04333293339b043333930d9b002bd4
:10ad180000f03b811e9a219909928a18079bddf859
:10ad2800f0e00b92012203f00103f14608920022a1
:10ad3800c3f102030a921d9a13440e93139b002b2e
:10ad480000f04a811a9c08984c44079b411e0394c2
:10ad580009eb0302149c189b04fb01f14b4404917a
:10ad68000999019104fb00f1059101980432049cb2
:10ad78000433329d041b31991af9090c51f8041c4b
:10ad8800029455f8044c1af9086c0d1999f9004009
:10ad980099f9027014fb005199f901401af907bc9e
:10ada80010fb075514fb06141af906cc1af9051cf2
:10adb80017fb0b4712f9024c339814fb0c7712f966
:10adc800014c92f9008010ed017a14fb01741af914
:10add80004ec99f9030018fb0e441af9037c16fbde
:10ade800005093f9006019f9045f16fb07441af93b
:10adf800026c1bfb050093f9015093f902b015fb97
:10ae080006441af9015c1cfb080092f901c01bfbff
:10ae1800054811fb0c0092f902c007ee908a93f9dd
:10ae280003801efb0c0e93f90440f8eee77a0198b4
:10ae380017fb0bee67ee877a16fb08ee15fb04eea0
:10ae4800349dfdeee77a029c17ee901a07ee90ea21
:10ae58002944369df8eee77aa942b8bf2946379dbe
:10ae6800a942a8bf29460170069941183498019152
:10ae7800339911ed017a67ee877afdeee77a17eede
:10ae8800901a014436988142b8bf01460598a942f4
:10ae9800a8bf29462154039989457ff466af129bc0
:10aea800002b7fd00a98319b329a0130039d52f8cb
:10aeb800042c099f0c9c53f8043c27440a901af967
:10aec800094c134495f9000095f9012010fb04334f
:10aed8001af9084c1d9e95f9020012fb04331af961
:10aee800074ca919aa5710fb04331af9064c91f913
:10aef800010012fb04331af9052c91f90240314480
:10af080010fb023309971af9040c089f15f916204b
:10af180014fb0034bc461af9033c119f91f9010057
:10af280012fb0344bc441af9022c91f9023010fbbd
:10af380002440e99cdf820c01af9012c0231339e33
:10af480013fb0244349a16ed017a05eb010907ee6a
:10af5800904a0c9c0a98f8eee77a67ee877afdee3d
:10af6800e77a17ee903a1344369a9342b8bf1346dd
:10af7800379a9342a8bf13460b9a1370134623447b
:10af88000b930d9b83427ff4d9ae1e9b0af1090aed
:10af9800209a013393421e937ff483ad002027b09b
:10afa800bde8f08f0e99039a0a9b0a440b99013366
:10afb8000846914609990c9a0a9311441044089a34
:10afc800099111990b900a4408920d9a9342dcd08a
:10afd800139b002b7ff4b6aecdf80c905fe7cdf84d
:10afe80004a00b93e4e542465346049893f90010f5
:10aff8002b4402f8011f8242f8d164e691460b9374
:10b00800d6e506220b92d3e50023013304f8016b41
:10b018009bb29c45f9da01e53c9c012104f8016bdf
:08b0280064e406272ae400bfde
:020000040000fa
:020000040c02ec
:10b030002de9f04fa7b001f1010c0f923c9a139348
:10b040008b1c524207911d9302f00703bdf8e410d8
:10b050001e90da1d1091bdf8e8100d2a9df9f460dc
:10b060000d9138bf0d22624500f2f083ddf8f0e06b
:10b070001bb3012b0ef8016b1fd03c9a022b5670ac
:10b0800002f1020e19d0032b967002f1030e14d0b8
:10b09000042bd67002f1040e0fd0052b167102f1ad
:10b0a000050e0ad0072b567102f1060e40f0d3832d
:10b0b000967102f1070e1f4600e01f4600201d9a00
:10b0c0000ef10101044666f30700a2eb03083c9a67
:10b0d00066f3070466f30f20134428f0070566f3b0
:10b0e0000f2466f317401d4466f3174466f31f6090
:10b0f00066f31f641860083343f8044c0a46ab42f9
:10b1000001f1080102f10702f4d128f00703144607
:10b11000434507eb03020eeb030192b25dd001320f
:10b120004c1c0ef8036091b28c4556db4b1c22463a
:10b130009bb202f8016b63454edc8b1c6670a21c4f
:10b140009bb2634548dccb1ca670e21c9bb29c45bd
:10b1500042db0b1de670221d9bb29c453cdb4b1d68
:10b160002671621d9bb29c4536db8b1d6671a21d4c
:10b170009bb29c4530dbcb1da671e21d9bb29c456a
:10b180002adb01f10803e67104f108029bb29c4539
:10b1900022db01f10903267204f109029bb29c45ee
:10b1a0001adb01f10a03667204f10a029bb29c45a4
:10b1b00012db01f10b03a67204f10b029bb29c455a
:10b1c0000adb01f10c03e67204f10c029bb29c4510
:10b1d00002db26730d3400e014460f9888b1234635
:10b1e00000221d9d01321e702b4491b203f8016ca8
:10b1f0008842f7d80f9b1d9a013b9bb203fb0223a9
:10b200001c44079ba3f10e024ff6ef739a4200f223
:10b21000158300211d9b224698080b4666f3070103
:10b2200066f30f2166f3174166f31f61013342f89d
:10b23000041b9842fad81d9a22f003018a428bb26d
:10b2400004eb01000ad05a1c665492b2624505dc38
:10b25000023346709bb29c4500db86701398002831
:10b2600000f0b782079e431e309c721e9bb204f111
:10b270000909109d94b21e9901336f081794013487
:10b28000cb1800fb02f222947900209305f1ff3cd9
:10b29000229bc846199202461a91194694001346f9
:10b2a000400001fb02f205f00101ddf8cce01b9249
:10b2b0001a46c318069011912593a3183c9916932a
:10b2c000131b1d981c9363460144129702fb03f362
:10b2d0002391d10021932b460e9403fb02f324917a
:10b2e0000c93730018930f9b002b00f02b81079b8e
:10b2f000002b00f0278123996ff002031798ca43af
:10b300008a46c41c1b1a92b206989bb214940292ed
:10b31000229c1e9a0c191593101800239146139d18
:10b32000049403900593cdf87c80cdf8cce0dde962
:10b3300024b7199b0af10108079a4b4452449145de
:10b3400098bf984540f26982179b332b40f2658283
:10b35000029b13f0070300f05c8299f90010012ba7
:10b360000af1020288f8001009eb0501019100f0d2
:10b370005f8219f90520022b03990af103088af864
:10b380000220019100f0478291f9002009eb0700ab
:10b39000032b0af1040801908af8032000f03b8295
:10b3a0000e98042b19f907200af1050809eb00048f
:10b3b0008af80420019400f02e8219f90020cc199b
:10b3c000052b0af1060801948af8052000f0238273
:10b3d000ca570c18072b0af1070801948af80620af
:10b3e00040f029820a560af1080816980b93014486
:10b3f0008af807200191079a581c0e99d21a5044d6
:10b4000005fb039392b25c18d6080892013eb6b2cf
:10b410000136cde9099800ebc606ddf87080ddf84d
:10b420005890002213f825c093f800e011466ef3ff
:10b43000070213f809e06cf3070114f808c06ef373
:10b440000f216cf30f2214f815e013f815c06ef3fa
:10b45000174114f807e06cf3174213f807c06ef3b6
:10b460001f615c446cf31f625b44c0e9002108303b
:10b47000b042d6d108990b9b21f00702019892b2f5
:10b48000dde90998134405fb02f48a4208eb020e39
:10b490009bb220443ad001995e1c11f904c0b6b2a7
:10b4a0000799441908f802c0b1422fd99a1c10f923
:10b4b00005c0661992b28ef801c08a4226d2da1c03
:10b4c00010f915c0701992b28ef802c091421dd9c0
:10b4d0001a1d14f9154000eb050c92b28ef80340ca
:10b4e000914213d95a1d16f9154092b28ef80440b4
:10b4f00091420bd9063310f915209bb28ef8052026
:10b50000994203d91cf915308ef80630029a159924
:10b51000059b0a44049c01331b9992b22646149859
:10b520008944039c05939bb2029206440f9a0c44f3
:10b53000049682449a4203943ff6fbaeddf87c8089
:10b54000ddf8cce0319b0ef1040e04333193329bd5
:10b55000043332930d9b002b00f032811e9b219a05
:10b560000993d3183c9fcdf8cce00b930123be4642
:10b57000339f089300230a93129b002b00f046810f
:10b580001a9c089a74440799531e03940eeb010009
:10b59000139c189904fb03f371440493099b0193d2
:10b5a00004fb02f30593019a0ef1020e049c023093
:10b5b000329d0231141b319b1ef9026c53f8043c7e
:10b5c000029455f8044c18f9095c1c441ef901cc8e
:10b5d00018f9082c16fb05469ef9003018f907bc2f
:10b5e00015fb0c441cfb026618f906ac12fb034564
:10b5f00090f9002013fb0b6390f9014018f9059caa
:10b6000012fb0a3390f902c09ef9012014fb0933a2
:10b6100018f9046c1bfb025218f9035c91f902b093
:10b620001cfb06331afb042218f9024c1bfb0533e2
:10b6300091f903b091f904a019fb0c221bfb043310
:10b6400018f9019c57ed017a1afb093390f903c0f0
:10b6500016fb0c2207ee103a91f90530b8eec77ac6
:10b6600015fb0b22349d14fb0a2227ee277a19fbc7
:10b670000322bdeec77a07ee902af8eee77a17eebe
:10b68000103a2b44369dab42b8bf2b46379d019aea
:10b69000ab42029ca8bf2b46137017ed017a069ba4
:10b6a00067ee877ad318349afdeee77a019317eea6
:10b6b000903a1344369a9342b8bf1346059aab4268
:10b6c000a8bf2b46a354039b9e457ff46caf119bf0
:10b6d000002b00f08280319b329a039d099c53f825
:10b6e000043c05f1030e52f8042ca44695f9000021
:10b6f0000c9c1a4418f9093ca44495f9014010fb2c
:10b70000032218f9083c1d9e95f9020014fb032240
:10b710000a9905eb060918f9074cab57013110fbe4
:10b72000042218f9060c99f9014013fb00230a9131
:10b7300018f9050c089999f9022014fb0033cdf88b
:10b7400024c08c4618f9044c109915f9160012fb08
:10b7500004338c4418f9034c09eb060110fb043345
:10b7600018f9024c91f9015091f9022015fb0433ac
:10b7700018f9011ccdf820c012fb013317ed017a36
:10b78000349a07ee903a0c9c0a99f8eee77a67ee45
:10b79000877afdeee77a17ee903a1344369a934291
:10b7a000b8bf1346379a9342a8bf13460b9a13703b
:10b7b000134623440b930d9b8b427ff4ddaebe46b4
:10b7c0001e9b08f10908209a013393421e937ff4cf
:10b7d0008aad002027b0bde8f08f0b99039a084688
:10b7e000099902f1020e0c9a0a9b11441044089a1e
:10b7f0000133099110990a930a440b9008920d9a0b
:10b800009342dcd0129b002b7ff4baaecdf80ce053
:10b810005de7cdf804900b93ede552464b46049856
:10b8200093f900102b4402f8011f8242f8d16de613
:10b8300090460b93dfe506220b92dce500230133f3
:10b8400004f8016b9bb29c45f9da07e53c9c0121a9
:0cb8500004f8016b6ae4062730e400bf36
:020000040000fa
:020000040c02ec
:10b85c0054f2ccd1c8f6f7fa7fb1fce13ff808c13d
:10b86c00641650102c3637f079041a1a0a6efdff44
:10b87c0045dff4da9e3cff42d460f0c5603bea0140
:10b88c00d3a4e28112321f054a8a5a1b0d4cde27c3
:10b89c00f3f314fac15340fa15fef93befca7f22b9
:10b8ac0006f7123505e5aad33c160000d7a624e509
:10b8bc000bae1d27bd00dbece50eea1f6204118107
:10b8cc000fc5e0f0f12bcf1177daeaf0de1f590a41
:10b8dc00c91936c1de819e3cfc2cf22af91173e7a2
:10b8ec00260d433ac764c6e207ef3ae4301350f032
:10b8fc000d398b7fde5338fbc424ffe246b9569cce
:10b90c00b0ffdbd6f911001876d0fac7c2f6a1ee5b
:10b91c004cfdef9fdebd7f0ea708ef46cc15f8d58a
:10b92c009bd11fc7d0d7b9ee38d3281f51fd1be5cb
:10b93c00de46ed391e12d0c9c216579eb93803dd4a
:10b94c00be01edb4283ee8057fa81609b9b92f0b46
:10b95c00d5782b518146d8bd3311dd12a5cfeb8c98
:10b96c00fec32bd22236c3ea0d78f0f2f5e929d6c4
:10b97c00e75b084cd74a37be0861ed7ac2d5cfc910
:10b98c0042d2549dc81447f7a856ccd3ee7ff4dcb2
:10b99c00e7f9e3f017e7ebf1f02532e90600f022c6
:10b9ac00ebd521d6efd781e2d0d7f73fc9ef1406fc
:10b9bc0027fabeeff7bbed4713d502c5c628999001
:10b9cc00ed3d13d1f546527f99e49bed17f1e6adb1
:10b9dc002c7f0e1122173aece28133ba392fb4efd7
:10b9ec00e8c334cc2cd01d100a0fc828a500304c4d
:10b9fc0021b58122092512bdd05cf80b0e480fcc65
:10ba0c00dbe54509150bdfdf0cd1f70d2809cc1f41
:10ba1c00db83b240811feed8c436f50c70dbdf94ab
:10ba2c00d3ced7bdfc08f9423fd31235cef1f31378
:10ba3c003909e506dedc0fa8dd1f27edd8fbcaffb0
:10ba4c00e0d706d6e4e9f4eac1f41df2f07f450d27
:10ba5c0001f8f4ff1522e615eef012f91a7fd5174e
:10ba6c00d325ef19bb0dfb17efcd081c37eb1928ad
:10ba7c00f4dba190941714c9bff0fb08f5a408a639
:10ba8c000ff44b56ab7f1afc1ccbe8030be52af8e2
:10ba9c00e6e935dd0624e681fe13063debf60515d9
:10baac00d82ac61d0f2f2d0e7af60eb054d50ff4d2
:10babc0018e3b9f23b0a10ddf04b11b2eeffaf50b8
:10bacc0043287ffe0a3dfb02edc1090c15085137d6
:10badc00efcbec9c611bf99f491ffe34d6b10b7f59
:10baec00d560c23737ca570d135026a1249d04eeda
:10bafc00bfc65bd00842ed562061ee2da11b293943
:10bb0c000019183381fba4d9352dd8cf2a4b70ecf2
:10bb1c00aaeddff62fbed68112cd1b285bbdd92d29
:10bb2c00c416f7f85f3a32f95031092aec0f13dfdb
:10bb3c00e8cf4918e4601cd2e93bff483b00637f27
:10bb4c0007d1342534bde4ad1e2631fef6f879fe5e
:10bb5c00f1c735f68533e8fdf3073fe3550a01fce1
:10bb6c000753ad1119d26909171cf1e0041581ded8
:10bb7c00e5e1af3adf56dad1e4e7cb7c040ebce862
:10bb8c00fdf4f0dc20b6bbc123f41d11fa377f0c99
:10bb9c00ee9bc0dbbe1aedd2f2557fc73344edd419
:10bbac002913ddc907ecff56f79afcd3df0ae63bf5
:10bbbc0032cbe6f881ef1bc6396c25f12616035300
:10bbcc000b07dbf1c552aeef3f419312fcf1e4e001
:10bbdc00eb2d2cc609f010cdfef612010bce1b3e40
:10bbec00cf0ce42415277f0719c910e60ef406b410
:10bbfc000c7fff2bd1101439fbf7fdf8e5212dfe3e
:10bc0c00d4dcece50e18fb314301eca53c275b11b1
:10bc1c0061fcf04c47655c03bd9b2e8134eed9d89a
:10bc2c00c7c1e8fcdba646164cf6dcd1e2fe1a05d1
:10bc3c00060ef316f5d62cd02cb86b7d23e026d44b
:10bc4c00908129280e032173efd2182ef3202c3d5e
:10bc5c003e21d74ecd261be2b58127b32c15d3fd43
:10bc6c00ae0bcfe2471b4d5e0ccfc00febb7df0d19
:10bc7c005c6e8122c01fc9da001ccf08a2e10d0c3a
:10bc8c001536f9edccd3a829052d98170e9b36fa4d
:10bc9c00304dd61271f7302be24feef801e86b3fc6
:10bcac00d4cbec0f0c253523fd0305e3e71b81e119
:10bcbc00f3180b2a2f2825d7ea1d7fda3fe5548687
:10bccc00e50992f21ba16e4d52d80fac9afeb82228
:10bcdc00fd698ea2f0f60835aaff7f5ce870dc10d7
:10bcec00e2c91a9d64b6981afed92d792dbb48e588
:10bcfc00fc25fa101e4bccf20cc9fb0b347fd1e4a3
:10bd0c00aae40640a60afbf90af5fc3b35f11f49eb
:10bd1c006a2281e0c7fcf22c0024fff4a6f54fec5c
:10bd2c009bfd06dc6ca302cbdeea10166be2e8deb0
:10bd3c007fce34c30b1bbd4601581a24b526dee456
:10bd4c00d108b21aaa4ee4420104c93a43e6493674
:10bd5c00fd101df6d7e108f6173e35da30351062c6
:10bd6c002cca2df6f4e02a130bec203c7bba7fade9
:10bd7c006522e73129515afdc498188140e1e3f35b
:10bd8c00cfbae6f3e89629035eeae9cecd2a13fd95
:10bd9c00170ff3341a5ee4020afd131dd6ff447f1d
:10bdac0026670a320fb60f30500dfd072216e02d14
:10bdbc006b12270e343c0416e77f1bfabffcfbcd3d
:10bdcc0009fa13edcc0a3b47fd57020e4e5d3f2698
:10bddc00daec1e14151105bed6e3322a29072a1fe8
:10bdec002e18fc1ae6e9f4a0321f10fd001b7ff59b
:10bdfc001d7fe601c6d2f916ba952d340c5d502b79
:10be0c000829ed3153edfadeb9f519e420fd1cfcdf
:10be1c003cda3428d54b813949f6e222f212c100c2
:10be2c00aadde63e5eee04e5c7170af11664190ab0
:10be3c008127665a91f440c5f28517d83019272509
:10be4c009bdd1bc302e800921c8765254d64a9612c
:10be5c00efcf14b61a31e1fbf808f6093e50ba1fc1
:10be6c00d7faf0528136f4fbf7effb120a032b33af
:10be7c00ff5fee36d27ff4f3cf100526011b2db8f1
:10be8c0004a6e0b80c360fcd0aeff016b81d320c34
:10be9c00f9def61df3e10fd6fab4211c0f7f211940
:10beac00d8e823f50a24f50022f82f19c1311dbe5c
:10bebc000502f9e1a26e327f0f50f43470b5dfcf7a
:10becc0002a32fd62efad9647937eff07adcdc5640
:10bedc001235b3e522c2542dbb01f30513032e100a
:10beec000ad6ecaef1d4dc0e7fd8dc043000d8b628
:10befc00da248eb70422d701183cfa2fdbecbbe70f
:10bf0c00081cdc9e1c0c2c132fec810d2cab294f28
:10bf1c00120283f64ce35ef4f7464c40d935c50467
:10bf2c00ccb161b97fdfb0fb4dcf15d735d7d95622
:10bf3c00fc19de4bf72229edbb7f1fcc4afd6b06ab
:10bf4c001fcdeeddb0b069153de9d9ef79b220d641
:10bf5c00f3d0ec5afc3f370b932625235bb47f06ba
:10bf6c0020e0f9141cf7c1c12ce80a3ae2cde62d09
:10bf7c007a39a254b06b139ed2dcff1762b9e7fb7f
:10bf8c00ea0998c05c11587fdf0bc641ccb6c918c2
:10bf9c0000358fe3135fb50adc53204d40c9726244
:10bfac0011b3dcd8f081c9fffc4e4a7902ec205b5e
:10bfbc00540ffb44f505ee3aa6b1ba2a43ffe981ca
:10bfcc004e00edf5edff202bfe2bb534f28faf2f8d
:10bfdc00d9f8570a17f2f2f6f10ae806f9f536d352
:10bfec00d1ae01f1d901e8fa36b1e3d87febc04606
:10bffc00b52b0e73fe45ef19e830d71110e27f63b5
:10c00c00e0100f25ce4b36e1b525c6cfe9dba111eb
:10c01c0027d5ebb081b4d52dc72ada450502afd7a9
:10c02c0031e62bd7fdf60911acc7186d154611de9c
:10c03c0043f3dad71d040c1edcdc25ee0d56bc13c5
:10c04c008112e821f8aebdea3de401fe3c4b2937f4
:020000040000fa
:020000040c02ec
:10c05c00b73e81fd39fb16f121de17d7f9fa4b44b7
:10c06c00eaf0f2e0f8375ddbd3c10ff5fee6ebee5c
:10c07c002740ea02a3f0048910ebedf0f3100b015a
:10c08c0022e60bd0d20dc7eae040f5d1eec40deaa2
:10c09c00e72001dc7fdf31fcf9f835cfdb0c24f82d
:10c0ac000eede4e502112ed6b9fcf1e30ecbb9f599
:10c0bc003821ce00c4fa0216e99bf32c1b0fe2fdcb
:10c0cc00f6e5f4f613d5c6eddf1e173dfb0220e0b6
:10c0dc00c61d10d9d1cff51bcf1ef3f6fe10f0fc08
:10c0ec001aef1046cefdbf1be4fd1ff529f646eafc
:10c0fc000eb72a4b4e0fdc0a8bc4eaee4110d9b2b4
:10c10c00ad425503d47fff2805e2ce13f60df77828
:10c11c00da0e31081f4018420d1de13a7cd6510b46
:10c12c00bd000de23f2d25320e2b07e90cdb13046d
:10c13c003919f93a8124cb3de803101aca1ac6f30f
:10c14c000bd5f8fe122d110be83a01aed1370cb815
:10c15c003d1681f61337dc1f35ed02e3d430d03aaf
:10c16c005d103545170e2bfbf62122f1f429622bbd
:10c17c000ffa44d33114fed4d733140bfbe8040b61
:10c18c00d83fc63f2af024421820d59cf706fa3f28
:10c19c00c729f70fa322e80c1206f20a6916fd084c
:10c1ac0045edf3c22b2820f958d792dc7fb7eeff70
:10c1bc00214dfb3330e038483e0cdd262a299031e6
:10c1cc00bc261cddf54829d4110607a1de313ff150
:10c1dc00df292cdbfafc03b5fe3813effb0026e15c
:10c1ec0018124dda0e355eedd4e652f6fbf11eef69
:10c1fc002716f52badfd79210c18ed35061c7ff0bb
:10c20c0012dcf2ebdbc1a5ffed1f0417e5f5ffef28
:10c21c00f21fd307fb0a24d8fed9e1d34df54c7598
:10c22c00f9fbeef5f017d68a23e5f3f31b52e2d2b5
:10c23c000e13da6d320de2be7f32f5ad29d809123c
:10c24c0008fabafec5f814de14d9b7179100fdd957
:10c25c00df281d182d0524decfd52af4aea80df14c
:10c26c00e0efbdc4ba450ce91edac901b9c0f856f5
:10c27c0022b036d15a24a9eae0f67ad7fb2684b547
:10c28c0007142f4025eecd141e370c0081e5573bcb
:10c29c0004b60025812603131214e9550d44d11e52
:10c2ac00daf122da32a4b02fe3cc2b11d6f56ade08
:10c2bc00a709f809383c04170254f02df1b3ec2b04
:10c2cc00f2f2bfdfe3000722fc932df8c10cec0067
:10c2dc001e12dae20bf2e033ed08ffcb01c57f1d35
:10c2ec00df210b1f064548f1eab141086517eb0b3e
:10c2fc00df1eda77f2edc8eee9b1e50417e0ee06e1
:10c30c00ebf7d2e1fdd7680dd92e04164cd7fcdc27
:10c31c00e5231cf46af8f9dacf1f08097f580ff1ee
:10c32c00150053d2232c051ec3bc3816f190e04ed9
:10c33c00d5e5e21a9cf80fdd05f11717fae3ef27a4
:10c34c00f82012dcebb6c1e2f3c8d704ffccf4cf73
:10c35c00d7ec3d582a1bd8ba31980469b0c471dbac
:10c36c0038f93dde4efd0a6a0449521f2fba241fcc
:10c37c000701813e36f60a31fc16d3f9ebf318d7d8
:10c38c00ed13fc90f9bbf20bf7405f08d765bf00cb
:10c39c00415108bb3bddbf4731a557e72cf111f7e5
:10c3ac006b1f02d20b4b60c3d9094ae8e43c06c2ae
:10c3bc00eb4dc7ea9181b0ec302ce4fbf8e1cedf19
:10c3cc000cad1110e70b1d29d2181945f9cdf9c088
:10c3dc0013e1e735c6420ee6c10e17f509f0dae2b5
:10c3ec000917f6c94bf5b911b8692ce2d21410f63d
:10c3fc00e1db98c0da1a19d2c4e6e4f61d21fae2a0
:10c40c001ce2f2e5cf14fc304c8b4705137ff0f1a6
:10c41c00db0318d4fcb4f80b4aeff20337d807c689
:10c42c000dfe096d81210cea1168dffd543cf511fc
:10c43c0007b8e136c93217ba2f04addd3ddf0ef275
:10c44c00cd21ea6ff040ddf35124200c085ff6efac
:10c45c003440293134e8eda7c21bcf23c3ae59cdec
:10c46c00e0cae716e851221534de26ba1c1a32cd82
:10c47c0048e6fe21056f19eafd3004daf703e50df5
:10c48c0081700ad0232e47f5b66f31f5d099514cf7
:10c49c00ca13f1e5c2ddfeb91ad22720bad3f4e3f0
:10c4ac002ddcf212feeaeaec70fbc029eab7d3e00d
:10c4bc00f1d4cc7fedec1acc371178bd241e33129d
:10c4cc001d3c091337035eae07fdd40a120b001a8c
:10c4dc0004e839e20fbf17d2a0c534f8a30de3f777
:10c4ec0024f1ad6dacf0e4e9c4efdb27bf7fe323af
:10c4fc00bce61fc73cd1012d42f0e51f0ab5e8226e
:10c50c00e15534aa1d32f90708e9e3361218f23561
:10c51c00def822d500d9fadbfdf0d7f0d121fef8f8
:10c52c00bed737c447e40fdcd433e02314250833db
:10c53c00e5d905332d1019d75a1c19814b21c5bdce
:10c54c00fc0a2cda443a0f0721d91453f20e23f6c5
:10c55c00f0252aca23de361bf1284c0bb52020ce41
:10c56c00a211251beb2b43ee1bf8a0f064cb07f7b5
:10c57c0023f6e15c2744b50e1b348d00090ae6fd59
:10c58c007fe910c6eef323e21451ef320aecf1e529
:10c59c00dec495fb001b0606bf660fded4fb0a1e2d
:10c5ac00b5eaddfff9eae0bae81e1f25d303283f00
:10c5bc00e7e11919027f24b4194fe53623c7f3fcc0
:10c5cc00c61c34372506df0e37e4dd4e313215d06c
:10c5dc000dd6f6227fd5f2e7f4f74800f4da190eff
:10c5ec00fb031606d00d2ae708f5f61023d3ddf36e
:10c5fc003dea1e12f400f81f16d8fe3eea38e4f3aa
:10c60c00faf4f734f3fefe05e820b008f0210b0a2b
:10c61c002af012d6b7e1d4080b1ff60bffc6d0e9ef
:10c62c0006f149ee10cce7f610f6110b30e707488f
:10c63c00cd0f023bf1dccf062537f029ea15fd0bb7
:10c64c0017f41e317f172f13f9ed0d25bbc10932dd
:10c65c0061d17f4bcd0a2c54dc0872366c610fe92a
:10c66c00d73d2f0733bfdc4fc1f62d2400cb16d49a
:10c67c00f6e5c7f547f906d1de21e1d8e0e0eb0a93
:10c68c00cde4d4eaf413c8e915f7f7d0f00dc4e5fe
:10c69c00d80e09a2faba1bb981630d02b3fef2fee1
:10c6ac00e1f2e3d6f41a170408d60472c2424eca59
:10c6bc00ce1ae9ed2512c0ff0a6d3d291213cb04e9
:10c6cc0008173fd8b3d22927c4c64c1bf60f5d07f9
:10c6dc00c4dc1e1cf219061413b2ff09f0d5070aac
:10c6ec00040708e0fdcae308f905e411bd2276272a
:10c6fc00e4c70deff0e0f30ddf7f100e0e06e2ff46
:10c70c000d31e3e1bf54d8ddd3dfe6201406fe463d
:10c71c002b27ffc0388ed999f1b581fa0cf43a91d8
:10c72c00fee10522be3a562fc4c22d5cc59bf66fa6
:10c73c0011fe3544d603fbddd5ee0fd4211e37d3c5
:10c74c002ceaf1cc1917b7c99b7ae471352325f281
:10c75c00c51ab7d2c9c07fe4f710efa735f3fd06b1
:10c76c0007eee4bec8dde2f33b00b611d6ec722a4c
:10c77c00ffd2061fe7cd51d185e91b1111e8c6e0a8
:10c78c0025e7a54634f2fc471f0eeeca36dd110430
:10c79c00ccf3e315e51e15e0167dd5fbdfcee046a8
:10c7ac00fec700e709de18421701e0f4223f0e0b2a
:10c7bc00dbc4fffb1e06190ec7e7f0739e16f76a63
:10c7cc0022e3de15261f17f006dd20197f1622dc6a
:10c7dc000df6306504ccf3eb131e4220b69ffb46de
:10c7ec00151ff34908c13106e98808f91f1be31826
:10c7fc0010e8b6c4da2efcfe10e0ec03d41203f6fb
:10c80c0028eb81cce7f02461b00c1ef6b7ded41413
:10c81c003a22e93cdee8d683e1f945db49bd0bf26f
:10c82c00cddfe7f6e21a0d18c8f31100f18c28d40d
:10c83c005e1dd4c816059fcba6eceaa02439c9e529
:10c84c00f9edffcfbbee3981f801f6db460cf3c7ef
:020000040000fa
:020000040c02ec
:10c85c000b0b01f2200208100103e31f250bf3b8a8
:10c86c00cbf71becf2f7b2d77fcef6d4f1ce531246
:10c87c00132ee24803140309dd1c100000f9f11417
:10c88c00c5e1dfca04f6c2087ff6f5f3fee726ee33
:10c89c00121218fd05430218d8cdd65a5d07e7824f
:10c8ac00c800b3bc7bff4a0f7f9f8f1823decc1dc3
:10c8bc00f7eddf0af2f807080df3fe0031ff29d07f
:10c8cc0011c0bde0d6130b1081f01cfaf4edea2177
:10c8dc0043c7b947fdf61e3c4e550df5e92a38da2b
:10c8ec00b5dcb3f4d50c23082212e3cc81e36183cd
:10c8fc0091f4ed1c06f02ef11e3910e57f0a20187c
:10c90c00e50f251806d415e77efa0daaeb0f1901d1
:10c91c000f15e01658a6d9a3e61ce810813b1e396a
:10c92c001f0bd2ead5f83f17aa30dc0dd903b0bee5
:10c93c00c5d637f4f3c2c7eac0f91205170a8167e6
:10c94c00cc401de06639fcebcecb22082f1e52f3f7
:10c95c0006e181041ef53940885665e2c3533b5a03
:10c96c002ff2dcb7decce3f8870b03172ef10e2d7c
:10c97c0002d0e0e0fedd14f3fd0210f46af11cc8f5
:10c98c00ddd881e2de1e483558feef0d132da69e34
:10c99c00e2e06110e9dc15df24300fce305934d4dd
:10c9ac00b4b21a12c21224d32be7d9f44be77fbdd1
:10c9bc00d62c812765abf929db2f4202bbdb4b322e
:10c9cc00ea054affa6bea3d9481501dbe465f005cc
:10c9dc00a6e0fa300bd231dfed0237fe7f1c2afcc9
:10c9ec0036e8ede8f6e53a515007fa01d1dca91e1c
:10c9fc00cdef0753a3f97fc4cf13dd62c5d2aea12f
:10ca0c0021c259b5100b4fcf472611c20c3622d874
:10ca1c0037e9cae79681db97d40e0339cf3e1b0961
:10ca2c000b2bffee07d527fbf6def0eb23f0c40350
:10ca3c00ed30d41317030729bf0e10cdf42b0cf9ce
:10ca4c000a2e01ac16f6d20e7fbbeb1c0d1c3ddd85
:10ca5c0081d2f730d3ebe9b021af272b773731fafe
:10ca6c006d2c1e360dc00f1a613e32cbeff8f90f4c
:10ca7c00f7d14e09debb0b7f1bed0921ff680921a5
:10ca8c00fc07dfc234ec00f514d12706f16602ff77
:10ca9c0065f5a22ecd2a8110e52f1dbeb12ce165c6
:10caac0095cc011331bfdbb7a5f635ef2f1ffcbfbb
:10cabc005c09a87fe44f30370fb1065106fadc153c
:10cacc00cdfeb0d1fbbd29f80413a5f353ca843fa6
:10cadc00db15baae10b01ee6070520bad4f110363d
:10caec00fdcc7fc40900dfe737c0073efe1934b721
:10cafc004204e1b428d17f03d520b7faf7d2ff2244
:10cb0c0018e8fce6a70613c636bb083907de2ff576
:10cb1c00297fd9f6eb042bfa22a240f30b4e011914
:10cb2c000ef30d0f18e42fecbb11fa24e00a1e25ae
:10cb3c00ba812ccfce15f7121974fc0cacea411546
:10cb4c00d30a1a24dbfba125b50926f303210bfb21
:10cb5c00c046d4eeeddb3702d8cc05ec0e06e6a8c9
:10cb6c00ae26f5e0f03281f17ee626b7a756e14e0f
:10cb7c00b847ac05562fd4ef2c084a03015c18caf1
:10cb8c000d192f3947f3ec6a7f35e1b538e1b95609
:10cb9c004e7f5534f210f1e4d02442ebc0315ee309
:10cbac00d19de9b1e3cbcca704c3f7387b02f37a70
:10cbbc00f22aa6a3ff14e0eefe4f33cfdcce4544a1
:10cbcc0005f7e881dce04e27f711f731fddd5a035c
:10cbdc0045e4f7f71911e43ad13b100becf8eaeb0a
:10cbec00eb0ceec0e7e03c010005f0c9ef7f7bdd0c
:10cbfc00edfa9a2eefd80195fff83b7e0a0c99704e
:10cc0c00e90917004c34b0414837fa2c45127f4ed5
:10cc1c0018f381fce6180220d3171027d32808ef4d
:10cc2c00d613f7f51415d4e7eeeae80fd00f27105a
:10cc3c001a1b0701fd2d0b3ae0d04fc6fad3d95879
:10cc4c00d423d9f815217f1dacb5d4002f3adec5fd
:10cc5c00da05e6c818ff7ff1ccff1dfe18d80918bd
:10cc6c004d2923ddc10be60d1ff0e5f00cef03f4ad
:10cc7c0021eec936e5d31523de012ebdfb041cd9ec
:10cc8c00c930bdcdf5acd4387aa4e6d5000d7f12f1
:10cc9c00ed15d8fef117f09ce1feeccae42bdcf1ab
:10ccac004c81c6f5270bc00920d81adcf3df2f14f2
:10ccbc003aedd474db3f7f4428e9e6044af1c10124
:10cccc00c7f8b7ae3ae10c3f7bd48dcd3003f129d8
:10ccdc007fce21ed1c16d523f5f60d29c5080cd6f3
:10ccec0006dfd0e20076ebf84006c90ef918733b6c
:10ccfc00e00f1308ca1673dede111c13218133e515
:10cd0c001ec6509a42e8ff11165612d4ca0820f2d9
:10cd1c00d7ed0e05483329b245aceedfc9343e39a8
:10cd2c00f777543424293ffb7ff90005f10e723d4f
:10cd3c000229ddbed457e9fde40cf0f7300ce237e4
:10cd4c00e07ffd901c06e9c9fc6be0e42ef6d319dc
:10cd5c001bf323ac2c41182801d839fcfcfb6a5678
:10cd6c00fa32051a2b5067207df702bb30c881f5cb
:10cd7c005e19a6e232c264548f11b012bb143cc2cd
:10cd8c0081b6fbe31aa7e4b8f7a4156028de26db0e
:10cd9c00e115f27ff54601d7db1b0b1b14c03ceef3
:10cdac0049e611cf2af2fadef845e9f2c61a2f004d
:10cdbc0014ffcef82d1003e8463afdf40726debc2e
:10cdcc0000fd19221118083a7fe2e5ab2501017e1e
:10cddc008ed7d9d4f875d2e6a9b9de12eff4fbfbe5
:10cdec002681dbe57531e0113d840bf827ca6d0e09
:10cdfc00cae912180af74ebc1be21b46d5b341e731
:10ce0c0070e409aa602416151a7ff3d3d40eecbe75
:10ce1c009e030e0352b8ecfcd50f34b3d8460a214e
:10ce2c00f0f77fcae2239f1118d1d8ffaec231367a
:10ce3c00fbc6d21dfcc025f70697de1421246046e4
:10ce4c00df1af73d25eb81a671d0fbf819b3270f3c
:10ce5c000b0c2ecd151f1eb0101f0a5cc7e1d4643d
:10ce6c00e17fec2a31c8310618f1e1b6edf7340d4b
:10ce7c00b9c7a0fb50810af5eb35691607260620c9
:10ce8c006a560d0a06bf252d03f0ffd115f5d10ffb
:10ce9c00d831e213f2c57fa7bfd5dd037d11371161
:10ceac00ef171be902a099f476e41c00d9d907d23c
:10cebc000efd0be12163c50407f2ff070b7fbb2faf
:10cecc00c1feed2d942618fac30fe0141421140e94
:10cedc003ac6fffb0be904b2eefbba15f639a80c07
:10ceec00bc06feecefe6f8a3f97fdbe7fe9ff356fa
:10cefc0016d01b33b7dbef2515cd0407ccd413fbb1
:10cf0c00ff1feffb94df1b477ffe000ffcfb250987
:10cf1c00d8d544f703eef0fabdc8311e3f62d8e510
:10cf2c001dfcb918812bf938f704da03c6edf52e80
:10cf3c00811b2650d3171cf70ef5cd291d06201783
:10cf4c00c813fb21f1162bb8ee192accd34b701e4b
:10cf5c00ece3e9fabd7fecfd541022074cda222bee
:10cf6c003c3c011f10f66c0202f92deb3d5be1bc61
:10cf7c007fc4f2a2f1c25b3dc5f71d14d50bd0875f
:10cf8c00070cedfc0ac9dafd26e610e634ef623137
:10cf9c00083aec003005f4b600c146dff0c229c2f5
:10cfac00e3f581c7cd08bfef65f33703c42cad287b
:10cfbc00ee1be260810d1759bd0b1610f3083bf602
:10cfcc0022c339a61d57102659c1e4da1129db11e9
:10cfdc007a048131b42f4b28bd1600f39a2118f92d
:10cfec000d199dbd20de130f0858340a259fcef372
:10cffc0045e32eb1b1dce4d8310c0dcb49e71e6012
:10d00c00110bf3ddfff5d2f7017fd682e210fc01a4
:10d01c0009ee24b728ba3e25fe311925f00d020c75
:10d02c00e8e106b7e5117f5744fc131ff807bed79c
:10d03c002722ca2d27de1afce2ddeae3fd05646a2d
:10d04c00f1e000281913ebfd1bed00e508e281d59a
:020000040000fa
:020000040c02ec
:10d05c00fb30002f7f54cc71e50121041a81090e9d
:10d06c00ed0afef7f5dd7fedeef4eee07fe6e8137a
:10d07c00e90ee410fce8edf77f10ef03f004050671
:10d08c007ff89321f9def170db2c7f2bbae3b4bf70
:10d09c00f035c1e57057208114d403ec8fd4377f61
:10d0ac004bfcce0b0d7f1fecbbdbea06e2b27fb96b
:10d0bc00c5fecbfee311254d811f33c806f307fadd
:10d0cc00cef5f07f01f37ffbfff4fdfbfe04fa12bb
:10d0dc00fafc28031a810af4fbfe117f2d13ff1aa8
:10d0ec00fe12f6007f29f714ef001e1a257f61d07f
:10d0fc00ddbd0af309f781ea1bf519fd7fc0165d4a
:10d10c00d81dfd09141e1bc2819b072014fc36037d
:10d11c00f77f06f5d3ef00b6f3d77feaec2ee913d1
:10d12c00e1100d81f50bc5f5c249d4f07f04f87bf5
:10d13c0016ff0f0fd2b3d7207f3ef90bfcec7ff517
:10d14c00f408f1d62bd14f7f73e924f00d3526ef7f
:10d15c007f20f41dfffa02040b37155d517ff11f80
:10d16c00fbc97fe1ddc6ee03f9fdf2bedefc7f0fed
:10d17c00052002257f25053e14e3d92dcdea7fe459
:10d18c00c91416d93a186781f83a810ad701fe8179
:10d19c00ef06f60a04ef01fb7f1214c013ff1b0904
:10d1ac0019810c030b090b0e0ee9c4f5c1819b0a06
:10d1bc00f3080481da11da0bedbee17d497fcce88e
:10d1cc00d1f91ffc29811bff180508f001e520fd92
:10d1dc00f57f18d312178cf559815d7218890f1ac7
:10d1ec007f3b0ce4161a81fa044b0c0e351bfa2803
:10d1fc00ec377f47ff2ff413f319798d4d45814799
:10d20c00d79dd3fa7f10fa05fceaf5f4077f1f03cc
:10d21c001d03f427040e7ff6f41af9fa7f18d6b121
:10d22c00c504d7ec03f7037fee8f23eaf5fcc7edbb
:10d23c00f7c1f30e7f23f9d5f3d07fe3e00ae80ab8
:10d24c000efc037f27052e002d813a1d533403203d
:10d25c000f0fc8fbdbe0d50a7f1c01e9fa0081e661
:10d26c00109efbf103f7b87fcfdb5edde92df115e6
:10d27c007f45f83dfafa04040681f70aae05dfcac9
:10d28c00e9ff7f0001f705eb6dfa0d08130581e846
:10d29c00f112f1f77ff9fb0104fa7f24f5fdf20797
:10d2ac000d00cd90aa2f7f42fb07fdec10fcf97fff
:10d2bc00000ae9fdf8f1f81a7f2910211fdf00edb3
:10d2cc000f7f27f14109f5bced2f7f44fa08f4f2ea
:10d2dc00c4f4e67febf71c06ff1c09a2819ece8ce2
:10d2ec0090031802fe7f18f1faf8f9f0f6f0a1e5b8
:10d2fc001b7f37ce2af1087f1719101707fd030182
:10d30c00c1f7fa7f15ef0af13c814c03fa02e80ce5
:10d31c00e2057f34f85d0a1024e36316814a1a99fa
:10d32c00f012f31e7f3efdfc0ceb7ff60fe00e02bd
:10d33c00b5f9f57f001187fd0dd6ffd60af4be9a1c
:10d34c00a6587f730202fcc5b57ff1ef17df48ffcb
:10d35c00307f3bf74bf713160b277f34093b0fed50
:10d36c00c3ce81fa89f7a2ccfb3ad2227f4cee5382
:10d37c0019107f1b06111e1107fff92cff58507f47
:10d38c002a343e886ef0fe7f390417fbec63fef7ff
:10d39c007f0aeeace4ea46c1fc7fb8f54fbcfc81d9
:10d3ac00effe4801fc410009d5ff0a97f1fd7f1300
:10d3bc00fdc1e9084b10017f1af40df9c17fd5efbf
:10d3cc00c5f9f0f8ec16ed15137f300cf611fa8157
:10d3dc00d3fdb4fb001b02ff7f1b1596e8f1f6e1b1
:10d3ec0071337f06b60e01f007d982c1e681b71002
:10d3fc00cd09efcbe9037f0e20ebde61b9fb507f4b
:10d40c00cac57609727f7e0c021302fef5cf81b875
:10d41c00df9dd0e4f0e8097f1de429e505f703d58d
:10d42c00a17ffbee18ee0ee9ec7fffe219e7d2d5f7
:10d43c00c1a0b0ab8188a20002fe9edd7feef81881
:10d44c00faf4f9ed6403298121f80d06ff7ff2ff50
:10d45c00120128578d11538100faf2f246115d73b7
:10d46c007fe73ccffb7f0dfec9f709cff8197e3360
:10d47c00cc81c4fff6fcf522f9477f4a085ef70819
:10d48c00ef08297f4ede16ccdf16df197f31f5252c
:10d49c000700819f1e615ffbf9fb06f20cb7b97f99
:10d4ac0004ef0d117f15132306f084e1edbcf58b11
:10d4bc004b81a744a141813b1bd11104f003f5e53d
:10d4cc00f5c203b5137f21f319f7faa67ffedc33ff
:10d4dc00eb3803167f2ffd1f07c29d7fffda4f0528
:10d4ec0033f704e3147ff6832bf6dd07180b117f5b
:10d4fc0025073505fa7f18dee4dfff05f919b20fb1
:10d50c001b7f20fa6afefafd08010b3de35e81e108
:10d51c007f0206c8fd08fd000000038aea7fe9fbd4
:10d52c001b0807020781f40c5e26fa47c81b7f9381
:10d53c000737ded40cc9fd81f54e4d5903e307ffc7
:10d54c000ef7037f22f008f7fa7f0dff3af5f3ff91
:10d55c00e4207f33d331d2fd08da3fc72657457f0d
:10d56c00f011f7237f3f1b2c1eebc8e1fb81d00a87
:10d57c00cbeddb55060e7f2f0f514b06161cbb81d6
:10d58c0088e6c6dc167ffeda1ea9fea8d40b09fbc2
:10d59c00f67f2c203a21f002e7ae9b81ddb8dcfc53
:10d5ac004614167f2c063d20040eef3a7f5d2bd7d8
:10d5bc002203b91ae27f8c040fffa319bed9819cf8
:10d5cc001cc2d90b79810abb31e0a56002d82af0c4
:10d5dc008161f9bf24f204f670f9a57f12a5b8afea
:10d5ec00e6e381d6f1e8f2fd7a8112600606ef22bd
:10d5fc00dc7f43efabef07d8f30107fff1e9f8f35a
:10d60c007f0bfcc1f6f67f0af548070dd20a120112
:10d61c00020a7ff4c1c0b1407f6c1ae5270115faec
:10d62c001c7f2d20f31f1ed526c281aee0e7ceee67
:10d63c00f8db9c9a81565c7625262fdf81c412f983
:10d64c001e02fffc710c8125fcdcea0cedec7ffa70
:10d65c00e0e7dcfae2fcebf1edd47fd67d13dbd70f
:10d66c008133e3eeea05d17ff4d8abf910d2f22b7b
:10d67c00e8e49fc8958681ffdee80b3d15057f1b0e
:10d68c00f8acf5cf2cbd1c7f371e03cb5195ab3cb2
:10d69c0081b8e37f21b3ef02ccb8e80b02fed28154
:10d6ac00b903a9e6ebf6eab69da8257f4500040868
:10d6bc0014f519ef81c004110a011cfbfd7f1bf14d
:10d6cc00728123699232465efff8067ffe86190945
:10d6dc00dd0c06027fb6cd7491e0157f20df1de9cd
:10d6ec00defcd9204230d381cce704f1fa7f091259
:10d6fc009201fbc9ef2ec6087381d727ccea0ac763
:10d70c00010081dbbdd1a8017b26ec81d00de407a3
:020000040000fa
:020000040c02ec
:10d71c0081c285a72cb09bab93e959dd937f92e432
:10d72c0035ea384e3e76537f2a00251445226c721a
:10d73c007f050911ecedefe7ecdbf781ef302838d2
:10d74c000c811722f1210b0b0be67feafb02f6ade5
:10d75c0092b181c6a3ee07d813de1c1c2111737085
:10d76c007fd381c5253f2f0b0507fabc039fe89c8f
:10d77c00ac8188a7b797ef7f110f2df8131a169469
:10d78c007f82dd2fdfb210aba749a79381a2189639
:10d79c00126f9a7f1ea825c57fcdb62fb9d83ed063
:10d7ac00304a34f781eddbffe28194a9d1bde1aac7
:10d7bc00afccfb1df5015c01f481e5297f2fe890ce
:10d7cc00d1fdb2fb00ed05b681a7b884d3570e612d
:10d7dc000a81fdf2eefaf90ef610cd18fd7f0ff965
:10d7ec000ff872ae7fe6dadf05fd0941814614edd4
:10d7fc000d9d8197e530e8d800e1bbe2b1447f3c58
:10d80c00ddf3f0e8eeea9691810b95efdbfbdf2080
:10d81c007f512b2327f8f3f1f481e7405551b28166
:10d82c00b9e503d2c0a5be67286fea81e1f6e70f20
:10d83c000bebf56f187f662b5cde57842a34bbd854
:10d84c007f8acbedc77c8e7f00cbf7f381eadd9925
:10d85c00e9fdd80663507fa8b683edd1ec9c93818b
:10d86c00c1dcb5e81de6b1b49fc8b8a3ba8198eb8a
:10d87c00ece0eaa2d64b7f7a7f5c7cb8bba5a5bf57
:10d88c008e333840564166597f67c896ce98ff8bc9
:10d89c00c981c2eef3f3b8b5b7b481cad9fbdafbd0
:10d8ac00a80c75ed7fff2ef9267f263d5f483d7f46
:10d8bc00445918670a0ef9f1abd6b43daab881a940
:10d8cc001ff70c9a8192edd3da3a0637797f7b30c9
:10d8dc00581d6d6f7f0b071d3b2851118e0db581a7
:10d8ec00abf185cabdc4b08dc181b9e7845e7b7fc5
:10d8fc00ede5f5e804ea0b4a06427f531b1f0ef9cf
:10d90c00b4f519810c1f6831409d1981ba85d3bbc0
:10d91c00abfb81ff151f232c483e87a4869afe86fd
:10d92c008b818c1e2e164701697f4b76eddddd73e6
:10d93c00f77fcfeabe81ab8bd4bad2fc02f0f9e40c
:10d94c000f96b881e9b6db0019f4e9dbee167f25fa
:10d95c00e61ef50aed0e53507ffffbec257f453c90
:10d96c00373fdec8dbb3a781050902ff19e9e4c222
:10d97c00f6785d7f9eaf81a49890563d71133c0361
:10d98c00214c14d181d1b588acc8acb5b681b87472
:10d99c006f7ff9b60ddddecb04090348814b23e81c
:10d9ac0028f4f5fbdbbfd3da7fe33c7f50dfddda15
:10d9bc000110f6eacdd7ada681dd98cc14080f1472
:10d9cc00811c78fe75e881e9a9998991a49d9cb682
:10d9dc0081f46cf6d5fedde2bce09ec29ecd81bb2f
:10d9ec00fee503d1b37fece02824e214f0c0f04252
:10d9fc007f4ea4dcc8be25d195b681e90ce8e9b808
:10da0c00df667f70667f7fbeb3cfb791bd78597fdd
:10da1c0034064d26303119a4e281ad8dfcb3d61cf1
:10da2c00bd04466963397f62e181cda4c2a7a0cf52
:10da3c00ac11e2f3a38195bad7bff90afefb2bfb1d
:10da4c00f381eedf8ecdc881a7e39ac4f83cf03c9d
:10da5c007f3a0f2c0a057f15df8cc7fce5f5617f3b
:10da6c006811b935e8eef5efd5f3b981b6f7d0eb1f
:10da7c00c8fcd2d98aca61597fb2331c973d5d81eb
:10da8c007c39d59fb4b6e691765b7fa5b1cb951763
:10da9c0081b381a9f30aeee61ceb2e7f51c6e0ebb5
:10daac00af22aa86818bf4d219d1a67fd9e929c8d5
:10dabc00b0cdffabe01b810b367f3e22091df1ed93
:10dacc00f509bd0751816009d6030f0d0f427f4f39
:10dadc001f292a819f8baab093ebb2c69a9398a068
:10daec00ae874d7f5d3c7f4b15c01f260d0330f17b
:10dafc00257f057b96a4a0f5aadc9fb681c8adb79f
:10db0c002b392b587f63ee0cfe8182a6bfb0a6e2a8
:10db1c0001d2ebd0f5078bf4437f57ea59eeec8931
:10db2c00dc3b7f6ae4f1ed8b94810dd90acd0d12ab
:10db3c0037573773307f5271631822ff91a081f7ea
:10db4c00eb0687a78103fce4e381daca44c90939ef
:10db5c000f01ed07c181b614d510f553f690438132
:10db6c00e925e2c6d7c3a65c8131c918444258fbeb
:10db7c0081f312e51108ed1070816d0ae507d08173
:10db8c00b6281f32fd0bfa819b93acd58ec806d6f6
:10db9c00a4cf9bba99837f7d7b048ee65f49563177
:10dbac007f3f13a701ee81f6346745ee3b036b22f2
:10dbbc007f133d13ede832c0917fd8eb3a004d173f
:10dbcc00142410d181b89781b692fba3b78cabe922
:10dbdc00e3e3a4b481b8a3a5457b5b565c7fb28517
:10dbec008314cf10f081f3763376e5db22a4c77f64
:10dbfc00ecdf3d47cd3e2c812d2a032dd3e9b4ac6f
:10dc0c00819ad5ecdd007f0b0dc70117081707d4df
:10dc1c0007ae11c5bb7fd0e1e8dde9e1dd65397ff9
:10dc2c00e1aae1cb46cb1a7f3ad781d507400d123a
:10dc3c00241e0d0005dc81de4c745ee62cdb377d8a
:10dc4c00403d7f57e2b3ad81b982eec5e1a0819d25
:10dc5c002e041e1097f5c824c1a07981bddec0b872
:10dc6c000faea17f94caecd52cf52051146d047f16
:10dc7c001ced2cedfb0b004c7f63030df863607ff8
:10dc8c001d36240c1bf870547f25271b297f49e275
:10dc9c008ab3e0d8f1f881f1035f080ff20a417ff3
:10dcac005a06c9f703d6f3e71cf87b5d7f0afef42e
:10dcbc005cea583681384d036404f50f1f81610806
:10dccc00e113d9b1dbd18189c49aa5f3dfe3ce810d
:10dcdc00c8f5c1f3cbfcd6759e7f05cef5fff2ffe0
:10dcec00f9cef7fc7f135a6c6fc581b8f6cecf52c4
:10dcfc007f704fe145f5f70bcb97b9a1da81c4ce14
:10dd0c009258b76c7ebc7f236544063f07033403ef
:10dd1c00fa81f999868183d495898c95e1a0d6f105
:10dd2c00fa05217f36c781ba5054553a6156327f75
:10dd3c003b15f61f0f1f0cb410868d8188aab0b34b
:10dd4c000dcd10ad8195c3d0ce12edfa6afb8117c3
:10dd5c0001e4fecc009ea581d0b7db09e8047f9ed0
:10dd6c00e12fd7f4707a7fbabca9bde8b7217f2d1b
:10dd7c00fbb4eafed3f7eb81e8ca90c0f9bef7e436
:10dd8c007ff8e1fee2145417360c254b786b497f73
:10dd9c00453b894848815107bf0deeb8daf1dbf0fd
:10ddac003a7f4d2d15813b15820ed71b15fae27b60
:10ddbc00f48118ecfbe7e0e7f3bedc737f7fe1d185
:10ddcc00e243517f1c252d9dfb4b9bd67f1ff7f704
:020000040000fa
:020000040c02ec
:10dddc00c5d0bfddbac4667f73f609f975167f4ce2
:10ddec006558f51af6c871c290f7817345726b7855
:10ddfc007f44ec5034ef344381362de235665d7f41
:10de0c003be635e20de7044b0e137f1ceee7f0ee1c
:10de1c0036f03a6e437f7b7ff228e8207f40025f2a
:10de2c000efb81ef006605183018c958c79e7f9ffe
:10de3c00cd46d27a767fcb0ad605addffdf0fa005f
:10de4c00f1000e7f2536e73638812a30c7320411af
:10de5c00ff227f2c1216fce6cd81f511f6065f1d14
:10de6c000df01b087f0c0378270a0b1e75537f22bd
:10de7c002c16003c13447f51c348c60bdf0e7eb4f6
:10de8c007f6de87231eb3956814b2bc322f01905ab
:10de9c00187f1c124e2d6c3c7f17732abc30c006a9
:10deac00e50778817a1ad022d9f1dea43aa27f5cf8
:10debc007c0339f0237f30e8f7dcc439c3f07ff4fe
:10decc00ed11ec18eb182c81220c050de3c9db8f3e
:10dedc001ab081cf8fe51af0aec87fe5fe0c1af1af
:10deec001b65767f2e7826057f1100f0fdfa28063b
:10defc00274427647f64103521e709befd7fede3dd
:10df0c00e6e29dff9781308b48f53b785e7fba4700
:10df1c00bbf318f0dc81e707f1fcdf9ce088b381f0
:10df2c00d1ffd490f28d2d3727057f200b1d01f7e3
:10df3c0011f44b81510b000d030cf4307f5eed1589
:10df4c00f1391d2b3f7f53243a2d1c2b3a717f77cf
:10df5c00174125190e18225625a981a10dcd0d307a
:10df6c00812c635b7701dcf908d605077f1600f47a
:10df7c00ff7bae7f0308040b060f2c7f3e21282667
:10df8c001c4e236b3d7f0e1022e927ea6b814dea74
:10df9c000ceeee1fea664b7f21092515512e730fef
:10dfac007f20d4128635858c19818c1ba5f006f741
:10dfbc00810886f225ec02050a01ce08f47ffb5994
:10dfcc002159f381ef00e7f7f6eef601de0c726de6
:10dfdc007f6afd7731812148dd44f7e1e22b5c3922
:10dfec007f457f10f00f2581222fd52e257f30e223
:10dffc00a8e202b7f1587f70074a10b6c9c3e21bfa
:10e00c00eaf3d2eb7af37fd508ddd6d4e161777fe2
:10e01c0008ef08edc4ec097f18d837d9a57f9c9779
:10e02c00da8a327f37fe6019034a0202f4d9157f6f
:10e03c002cc7b59fe6ecf1155a32667f70ee81e085
:10e04c000d6e24ec0ff2fa3b2b3f4c51337f2662c2
:10e05c0011576b7f76d11cf5371d2c2e7f47131f64
:10e06c001a207f23d322e0fc17f4001f0619572235
:10e07c00f47f05261d39277f48e32ced6e22525480
:10e08c00726e357f468dd589819d8da5e5890501fb
:10e09c00050e7f29ee4bf1453246328143fdfdf4ee
:10e0ac0004080709c50cff7f0d260624247f2d1bb1
:10e0bc00180ffee5f6ffb0fb0e7f292e733cfb819b
:10e0cc00f6f0e9e6f47f0b0ab5f8fee6fbeb81c04f
:10e0dc0015bb17665771ea7ff7030c06ff1a024a45
:10e0ec00756d7b757f24db10b42c26f07f10356aa0
:10e0fc00f9e4f2d73249475a7f58b7d8aff03e030c
:10e10c00711b7fa08195dbf4d917e416a80ba1989d
:10e11c0042819fe09b81c194f127f7a9eeb91729a1
:10e12c00152b7f400204fb84ab81be1bc1ccc4bc4d
:10e13c0081068ad404c4acf6b6d1f7cebb81aeeb63
:10e14c00f5f0d469e332f4356b7f7cd002d0d97f03
:10e15c00d8d13ad21d7f28164821feeeffb8f3b96c
:10e16c0089fc8187d690d7d5d333b425467f52c14d
:10e17c00818f8fceaababfbbd9f2cb0f7f14e2ec42
:10e18c00e3b430b581198fb3faae0acfef1a32214e
:10e19c00337f48ec59f991d281b6e0bd007f100d68
:10e1ac009dfb0bc208fe0a03227f2711411da726e7
:10e1bc00aaa124a7810a9615b7fce6ffe20e7f2ad6
:10e1cc00f8efff3c813407f10109cbfafb5610f74d
:10e1dc007f1f4911519b0681c9e4c6537f55cb99ca
:10e1ec00d2fe04fd9be181abe5bc95db83b0cc9ffb
:10e1fc009db192859281247f2802f001d7e8ccbf93
:10e20c00a8a0eb2bf2337f3e9efb81b342b79f1548
:10e21c0098e42eeecf7fcfcb39c8eed6cd87ca810e
:10e22c00eedae92c6e31e1e4dfd881ce33c02f3643
:10e23c00813e21bc24117f193719340206fd1c20a4
:10e24c00111a7f3928072b08c80b20811328092d98
:10e25c00cc0dc9870e81cb23d910f114799e7f0088
:10e26c00edfc99bc81b706ba0c7927811183ab06fa
:10e27c00b4d0d7b093cb88819a87a6dfa30bea07db
:10e28c00f47f0df15805f77f0a0bc6f9fde4f8f49d
:10e29c00ff007f87712a0a3509f202140e111b7fc9
:10e2ac0030a6129497898f81eba614d6147c8160ca
:10e2bc002d9f1f0a4404f740f8f181e4276e34f6d1
:10e2cc0081f0e3e8eaaa34b1842b81c51ead5f81ed
:10e2dc005701c40329ff25447f4d293026ef14f63e
:10e2ec00e7f9d188ea81f4cbe5a1019d83cd819337
:10e2fc00229116e514477f450b050cd3cbbf8cde62
:10e30c0081a6e3a0f3cfe72a4040717f7396cfc775
:10e31c008b0681e5d6f802050b134616de81cff28b
:10e32c0030f8987ea26a816dffdf07fb5610f97feb
:10e33c000effd630d7cc7fe8c74fa0eca093f3816b
:10e34c00f51ef2d8fadbef7ffeda11dfc67fd9c0fb
:10e35c00e2bcfee508f181eff51ff2137618d4f458
:10e36c00d7819c82ffa208d8d1cc83a881918f91b0
:10e37c007f3d7fabdb96bba5c4f009ec4b7f592ee0
:10e38c00433507a50bb28197e3aee3f1ebe62e7fa5
:10e39c004852585ff64701081f03098101c97fdc09
:10e3ac00b707bc02d5fc41efba571c81050cef0a2c
:10e3bc00db0381df83e808f1f9a7e6ff07fc0f7f99
:10e3cc001b057f059e299edca9dd081a1016472522
:10e3dc00318128e1da379fe27fee0312002801f841
:10e3ec007f0ce6bfdcfaf2f9cdc9c687ec81b7e445
:10e3fc00a75e107f56a764f0cbfdc914d5017f032f
:10e40c00ed0ee7c87fd2eb22e40d7f1d13ff120f38
:10e41c00b302367f42d79fccdab5bbf47f06fded55
:10e42c000012d010810b880cec10b9b4b39d16817e
:10e43c00ac2ba0b30cb44ed8fe7fc59c4db9e19665
:10e44c009297e509f43b7f3a0d8107fd200000719e
:10e45c0017f915e608e8ea2f7f50ddc0dfd67fe517
:10e46c00c93dcaf7c9fb7b81770a070696ef86a5db
:10e47c000281eeeedbec06eb843581b6ecb4fae807
:10e48c00fb5aa05b32812d5b1072ec7f09a8f9b1ad
:020000040000fa
:020000040c02ec
:10e49c004143383a27424f7f593e7f283359202138
:10e4ac00280d1d521b237f2df81efb4764586b7fd4
:10e4bc006859584d403c566d7f65295b2f097a078a
:10e4cc00f17f04061515f70902d4d9db74317f18d6
:10e4dc0019b10522980935817f577c4f24746a4302
:10e4ec005801f605fb7ff9fcfcf9e9efe77f43786f
:10e4fc000901f944c53b7fb97a43f346517f5e1c51
:10e50c00091ab08cadd6e56cd2db79c4c97fd48145
:10e51c00c0fe3104445d4cfec0f75e7f68f8fff12d
:10e52c006e7f7ff7b6e0c819d12833271d241797c3
:10e53c00819bd97dd5ea7fdacc76c9f9f6f5217fb6
:10e54c0028fabbf3d8a7d18cdb81c8a5d8e5aadb08
:10e55c00197f2512db08707f7c1c1615f6f3e9c3b6
:10e56c00d844b3ea7fc6b26006e70eecb1e7087f89
:10e57c000b667f515f3840281232938e81e4dcd6d3
:10e58c00929c9937094021e7117f4f7427d3087f5c
:10e59c00b9ea44dc181419083e7f4204060c617f6a
:10e5ac005d48573e3d2d2df9e5eff8b9dc487f4a23
:10e5bc0055e9ae7fe4a248f2b0ecfde7e002dbbd2a
:10e5cc0081aa2a73244e7f612450201021025e7f81
:10e5dc005e14260cf17ff8e97be30e4e074a5e468b
:10e5ec00627f58432d3a033917702a7f0e30072a61
:10e5fc00311c959db8b181bb287f3604bdfeeae67f
:10e60c00da1fdf25597f47b1ff97427f450cec0499
:10e61c00ffe2fb467f4b4b3b45140916dce438cd3f
:10e62c00d07fe5fc38b7d6a581ec8ac9f1aee3b64c
:10e63c00d85a7f65fbe1ed01f30b197f20164917c2
:10e64c00890042aa0c5181ef553a61397d7f6e46a3
:10e65c005754fa11fc1c7f1f07fefd2c6029377fd5
:10e66c0043384933aaa2a0819ea186a7a1a49c9d50
:10e67c00f2e3eb757f77332c4d564c4f7f77723826
:10e68c005333d4ccd5838b8120b24efeae1d288162
:10e69c0079d6addad981c7e0b0e5375b306a7f68ef
:10e6ac00e505d6bc81be3b4339302a23ab3be3bbeb
:10e6bc007fe3a746f0063c071b7f11f529047be19d
:10e6cc00a27fffae59fab8023501437f553451355c
:10e6dc00052401217f22fd4ffc445447e0e3ec81eb
:10e6ec009b824815e57fb3fe75eafb53d96435f57b
:10e6fc003868d77fcfbcce03020b527f5bdddfedda
:10e70c003a26384c7f53c001b4656569607f5f87da
:10e71c0081899237ac8815813b563f2f5242357f09
:10e72c004caede9581c18295d599c6e7c828042eda
:10e73c007f267bb54defe841f7ba7fd4928193af3a
:10e74c00e5ae06defb7f4d7d06fa020807fd412b88
:10e75c009559168145f8a2fdcff3eee8fb107f0624
:10e76c00d15cd5dc7fe1d357e15c715a667f62df07
:10e77c00e8f2241a235a7f5d1f041f4f148a5c1978
:10e78c00a959038108ecfa287f34226b41157f3597
:10e79c00e6bee9a48eabae81b2ff1800066d0a008e
:10e7ac00500c737f713e351e1450293b7f48374601
:10e7bc00305c7f5cff02fd244720627f4f28241bc6
:10e7cc00497e4a61754d3d7f3c256d23f9d8f20891
:10e7dc007f0bfe22fd7f737ec3d7c192929b52a604
:10e7ec0058568163669c5df2fd0b2a1323747f756a
:10e7fc000752b2346881094cc281f0839bf2a38129
:10e80c000996fe81f10d92f5eea6e9dacfe5497f86
:10e81c004cc8b4c0f8f8fe818a98eba4d01f3a21fa
:10e82c00eaacf181b9838d9381b8e1bd2203279eb7
:10e83c0081b0eba5f5d18adbc6ee7fe7e966c8e6c9
:10e84c0078c082d22853368a8c8178f1003afb0842
:10e85c007f14ef09c8ea0bbf0ef07fe2f6dff5d4a8
:10e86c00b2d6367f3181c28a95b1c7849ab3407fc4
:10e87c00392e6349115425cbaacc9e9181030f04e8
:10e88c00bc01bbbe2daa866681b192a036412bbbc2
:10e89c0081acaad43a81e95e98c24930695e547f52
:10e8ac006c0d5521e6cc1fd6d727c606816da6b2b6
:10e8bc005fc3f5738182c081c0e9b3e3edffe8d992
:10e8cc00b4de1a7f20e7badb51dfe57fe6d25adcf3
:10e8dc00b07fbbe167c5e447b1d30af6fc09f0078a
:10e8ec00457f5585484a8153549a3b5787ad81a043
:10e8fc00dd91cebfb80536050e7f12f8700fe8c556
:10e90c00ebfa22f3517f4ba1d98baf85ac7f4e7fb5
:10e91c00050df1a58187cc8ad1f4c9f57f327e1e15
:10e92c002c21244522d914d3447f56062b08347f3e
:10e93c00331a4e2381a2859abbb0c0cacf52b0b84d
:10e94c007bc09c6fba81ff1e17c5d5dc978196fde5
:10e95c006523aa92b6657f4ef4f3f4da81c9c6a298
:10e96c00c4ff96f1deabd75f7f55dec6eb1f7f0d84
:10e97c00bfb5c1055829274d35147f217a7f7b2dd2
:10e98c000e1502eb093a7a4490818ad5fce2811c7f
:10e99c00919c349aabd5b5f75203097ffb0a5415f9
:10e9ac000b8112bc88af82eca0af59b8c37fbe8577
:10e9bc003988dbd0e01c6634347f45bea4bac3b5bd
:10e9cc00e3819a990fe41d01ebe8097f1b052bf0fd
:10e9dc00627f51e2b5e46b7f67ad84a0f11df8f75f
:10e9ec0081e2ba9ba5cfaab2aa81aebe87cdb6a84a
:10e9fc00bd06291b237f41284b3de4b0ce247f3834
:10ea0c001a0917b39dc7ceaacea21e81f5f2f6bb8a
:10ea1c0081b937722ca1b181b4ad9dec88d3a181a1
:10ea2c00a0fde5e4acdbc9dc76f5b17fd8e762f795
:10ea3c00c0131bb01348812748818590a5c2a6f648
:10ea4c00ced3ec7f0fe5fcf7f061ff157f37ddf3dc
:10ea5c00cffff2f6f8e8f1537f5fd3adc8e6fadcee
:10ea6c00d181d5f330fe6081476a9d777bc453be5c
:10ea7c00d3ac9081a7c1d4b3d5aec7497f4cc9e202
:10ea8c00de8302818ffd84a11a8c2b7f220801105a
:10ea9c0003dbfe06f510e5a6e1337f2e0710f7a287
:10eaac00f17fe1e540057f15085224f9d4f0d41626
:10eabc00eafc7ff5ce27e2eac7ed07fe052a7f3296
:10eacc00f874030bfe0f258119317f3b1d5b454ffd
:10eadc00304edf7ff9af53c4f30204ab93a5553727
:10eaec004a5f7f37cdb3ac81aaa0da9abc22814aa7
:10eafc005eaa666bba66cbcbc623132b737f76fbf1
:10eb0c00e2ef4e7f41037329d3bcd6e3c1e6247fe9
:10eb1c0034050af9167f240665194a2b23607f6594
:10eb2c00220b274840573d7f3d34664794819fe236
:10eb3c004ee82b60293950182c7f45384347fe5737
:10eb4c00f2eefaf275357fb1c2949f8481d081ad1b
:020000040000fa
:020000040c02ec
:10eb5c00fd06fe000202ff053103fe27f2030058fa
:10eb6c0003fe06070203fc0b0301020203f9020277
:10eb7c005c0300fd010200fb000100f4fcfeff0140
:10eb8c0003f5ff8104def502fd01ffbf000002ff6b
:10eb9c00fd8301fffc71020400feff060be202077d
:10ebac00fe050201050203ff0101fc020501ff0045
:10ebbc00d50209f0fdfff90c01fe2902fb00ff0252
:10ebcc0002fdfdfdf026f9fe7f07fcf90109580353
:10ebdc00fef2ef09fd0024fb0dd5060102fea0118b
:10ebec00ff43ff01fb0107fcff89060100c09f07e3
:10ebfc000103f9040c0022ff03fbfbfcfe02330ca7
:10ec0c00f2facffc0008f800e50df8081d00bc0175
:10ec1c00fe91fef9fe060beb04f004090f011a211c
:10ec2c00fb02a8fee7fe0f11f50b090410f902f721
:10ec3c0016fc06e4fefcf901fefc00f71116fefcc6
:10ec4c00ffe8f1a67f09eeb407f6de02fcf9070730
:10ec5c00f83216fe139f051501fb070a110e15124b
:10ec6c00d41a00fef9fdfaf0fee314000007082b9d
:10ec7c00faf7fdfefe09040500fdfe0104fffe018e
:10ec8c00fcfb15040bfcfefedd0102f9fff706f997
:10ec9c00fffbfd1003fc13fefd0000fb00f61cfe49
:10ecac0003b5f9ff1b03000302d1020001010c01a3
:10ecbc00fe02fe039e02070001fdfe04fdfe07f1ad
:10eccc00ff0008fcfffc02fff37f04fc1100f1daeb
:10ecdc00eedf00b7a426f552ef69cd0412ff3653d0
:10ecec004ab84181cdda0308d4961ebcf019fce277
:10ecfc00e9a6d00e00b1f0d3f1f415f8f877e3e7fc
:10ed0c00f3330730f3111807ef0677e6eede205bde
:10ed1c00cf39bbe75e35e5e4e7a2bf1353a0159fdf
:10ed2c003e240bb9d8c6eeca3b41a4cb45b2ea2a65
:10ed3c00070fe3170a1aff2d12ee100113fe131121
:10ed4c00e601220af6f8063c0ef70200afff17fcac
:10ed5c0009fafcfdd4f10420f71e21fa025508ff34
:10ed6c00ff00111a05007ff9011328130e051d125f
:10ed7c00fb0e01ce161f14f9dff7020e19fc09fb6e
:10ed8c00241502eefcf9e9fdf824fc0427010d170b
:10ed9c00ff0a01000102fdfe7fff01bd09fdfe021d
:10edac00fefe05fdfeff000200000000ff0000fd5e
:10edbc000afffe03010102f8000201030002fe003b
:10edcc00030201f60044fff70203038b03fd00f876
:10eddc0000f801fe000400ff010002f40205fffd33
:10edec0000ff00fc000102ff0000ff010002f9fe21
:10edfc00f6f6feeb0108fbffff01fb0102f609fb37
:10ee0c00fffaf3fbfb320b073af2ecf40500e1f1ed
:10ee1c000804060004fc06380e10050efe101efb3e
:10ee2c00f61bfc02feffed0502d70500fccec20866
:10ee3c00fd00ff03ff01fef9fcfb0000f90a4c0981
:10ee4c00fbe8fcfefa090002defdf5fefdfe81f892
:10ee5c00fd16feec12f4fdf9f4fef3d406fee80206
:10ee6c00fa0eeb2308fff70dfceb07000ef9052853
:10ee7c00010700f6f504f9f2f9030cf77fea10022a
:10ee8c00e7dd720c1cd30d55c3fb01f6cf12ffff4f
:10ee9c0003fbf6f91100ff09f805084305150d5998
:10eeac00fc08d623fa020d02eff5070115fcf71b3f
:10eebc00e9d7fde9012305ec04fdd2eff416f705c3
:10eecc0004e832e7c8d0d708f92001f5cbfef825c5
:10eedc0003f3f3e301fc27f1f0f2e206ea04040188
:10eeec00fc881bf97ff6f5c115d93005f0b21ffc73
:10eefc000705010208f705211f06e428fff924f491
:10ef0c00dc0803effbfcfffcffbd04eebcfeff4185
:10ef1c00ecc127cfc0feebff0905110c002245f90f
:10ef2c0014e3f326e50a044700b524eafef1f7fae8
:10ef3c00f6ddff0203d9b8e9fb0affef2f11c2007f
:10ef4c00e51e28fc0808052e1afb810abe1cfb4393
:10ef5c00e2f2f0e8fcfadcf7f11ff119f60a1fe80f
:10ef6c00132cf803e0e0fde11ffddbd0dde8062efd
:10ef7c00000ec110170e01120cf7090ffbff1a0c33
:10ef8c00f10bfa04fa05157f1bfc0d07d40607ffdd
:10ef9c0012fe0e02daff05170c15c7000525fc063c
:10efac00ff0f1507080e4d0cf61c080d0102030689
:10efbc00fb110af1fe04fe04f7fc11f9fb0c0dff2a
:10efcc001c1b01fdfb02e50002fe05fef9011d1ce8
:10efdc000001fffc00fc01fe7dfeffb7adfe01f35e
:10efec000002fa03010100fffef9ff0101ff00ff1f
:10effc002e0301fdfe0102fd030001fefdff0000da
:10f00c0004000109014802ff01fd0181fbfffffc27
:10f01c0000f602020305ff000003ff3605fd00f7b2
:10f02c000103020001000006fe01ffff02fefdfad3
:10f03c0083f703fb0517910702fc090000fff8fb9f
:10f04c0000fcfb08e448f706f7eeef0601063e0f5e
:10f05c0007fcf904fc0012ff0e8100060605eb23e9
:10f06c00fff606ff0200fbfaff1df50301efebffb5
:10f07c00080300ffff0161e9fef7f8fc08052e0507
:10f08c000801900300f1ff0108feda000d00edfd10
:10f09c00faf7fef905fd0812f90403d2d40cfe02ae
:10f0ac0002fffcff0cfefa110516fb03f7f0fa0f3a
:10f0bc000105021af201fbf60001030c19f8fafa29
:10f0cc00d1067f09d8ca01f9d407e9fac2020100b6
:10f0dc000eff040203fd050403f604d5f51a026eb7
:10f0ec00110201fff902010605f8fcf5fc000415fc
:10f0fc000600ff00fee1ff000000000000fc010024
:10f10c0000fc01002c07fd00020601fbfffffbf6d3
:10f11c00ff02013c0000fe00fdfa0000fffa02fcb9
:10f12c000201ff0002ffff01fefb000003020003cf
:10f13c0001ff00fc0100f90aff00000100fff6ffcf
:10f14c00fe08f8010000fd00fefc01ff0401008137
:10f15c0007d0fdcdd13c0af20c19e2061228f304bb
:10f16c0002e1f4fd16fbad03e632dacdfd2feb2701
:10f17c00e5eed311f9dff0c8cff7fed105fd0dc7d1
:10f18c0034ff2dfcfe0415f7daf5ee0cd500f94131
:10f19c00e0f6f50b06f32d1ef41ce81ef2f002f758
:10f1ac00813c13e7d5d2f9e0ee0cece121eed3e68d
:10f1bc001c01fee5fd2102e909f2d20f1bd1050a63
:10f1cc00e40109062507ef22f91feaf5ac01042f2b
:10f1dc000dfde507c201eee6d612a90014230bd6ed
:10f1ec000c000401fd127ff2f8020310ff2112073c
:10f1fc00e00cea6510fe3c2e892ae01801f2030da2
:10f20c00fd1b16f001efb405050a1c0f330504f4c1
:020000040000fa
:020000040c02ec
:10f21c002de9f04f99b08e469a46844626999df971
:10f22c00bc208fb2269bbdf8b0103a441bb2c3ea87
:10f23c00034816b21391c6ea06439b46bdf8a830a4
:10f24c00ddf888900893bdf8ac301593002900f0d8
:10f25c00bb80013936202e9b4a46490801fb000031
:10f26c00484411682ffa91f42ffa81f1c4ea214530
:10f27c00c1ea0441c3e90015d2f81b102ffa91f42e
:10f28c002ffa81f1c4ea2145c1ea0441c3f83a508e
:10f29c00c3f8361051682ffa91f42ffa81f1c4eab1
:10f2ac002145c1ea0441c3e90215d2f81f102ffa17
:10f2bc0091f42ffa81f1c4ea2145c1ea0441c3f863
:10f2cc004250c3f83e1091682ffa91f42ffa81f155
:10f2dc00c4ea2145c1ea0441c3e90415d2f823105c
:10f2ec002ffa91f42ffa81f1c4ea2145c1ea0441c5
:10f2fc00c3f84a50c3f84610d1682ffa91f42ffa8c
:10f30c0081f1c4ea2145c1ea0441c3e90615d2f8ea
:10f31c0027102ffa91f42ffa81f1c4ea2145c1eaa2
:10f32c000441c3f85250c3f84e1011692ffa91f4ee
:10f33c002ffa81f1c4ea2145c1ea0441c3e9081559
:10f34c00d2f82b102ffa91f42ffa81f1c4ea21454f
:10f35c00c1ea0441c3f85a50c3f8561051692ffa48
:10f36c0091f42ffa81f1c4ea2145c1ea0441c3e9c1
:10f37c000a15d2f82f102ffa91f42ffa81f1c4ea62
:10f38c002145c1ea0441c3f862503632c3f85e101d
:10f39c006c3312f91e1c23f83c1c12f91d1c23f8ab
:10f3ac003a1c12f91c1c23f8381c12f9031c23f804
:10f3bc00061c12f9021c23f8041c12f9011c8242cf
:10f3cc0023f8021c7ff44daf159b002b00f05781e6
:10f3dc005146cdf82ca00eeb4e0a4ff6ff70ca002a
:10f3ec002d9b5d46cdf858e017928a180021cdf878
:10f3fc0028c092b210901191614614925144cdf8ec
:10f40c0088901291089a002a00f0b4802d9a00245a
:10f41c00bdf940906c320992169adde90a0102fba3
:10f42c0009f20f9202fb01020c9252440d925244cb
:10f43c000e92a4b2b9f1ff3f4fea440202f1ff323f
:10f44c0012b200f02081501c00f058810f990a4430
:10f45c00dde90a0101fb0202d2f800c002eb0a004e
:10f46c002ffa8cfb00eb0a014fea3c2c2ffa8cfc98
:10f47c00ccea2b4e9efa08fecbea0c4c9cfa08fc0c
:10f48c00c3f804e0c3f800c0d2f804c02ffa8cfe15
:10f49c004fea3c2c2ffa8cfcccea2e4b9bfa08fb47
:10f4ac00ceea0c4c9cfa08fcc3f808c0c3f80cb0ac
:10f4bc0092f908203a441a8202682ffa82fc4fea29
:10f4cc0032222ffa82f2c2ea2c4e9efa08fecceac5
:10f4dc00024292fa08f2c3f816e0c3f8122042680e
:10f4ec002ffa82fc4fea32222ffa82f2c2ea2c4e19
:10f4fc009efa08feccea024292fa08f2c3f81a20ed
:10f50c00c3f81ee090f908203a445a840a682ffa8e
:10f51c0082f04fea32222ffa82f2c2ea204c9cfa95
:10f52c0008fcc0ea024292fa08f2c3f828c05a62f8
:10f53c004a682ffa82f04fea32222ffa82f2c2ea9c
:10f54c00204c9cfa08fcc0ea024292fa08f2da62f9
:10f55c00363343f806cc91f908203a4423f8022cb0
:10f56c00099a934200f032810134089a24b29442f1
:10f57c00fff65faf109a11990232013192b209b2c3
:10f58c001092159a11919142fff63caf2d9addf82d
:10f59c0088909a4273d0139b002b70d0179a0b99ba
:10f5ac00249d0a449446149accf38f0c02f0030762
:10f5bc00239a0cf1ff3ecdf820c0161f299a1ffa92
:10f5cc008efe134492460ef1010e98462d9b4fea87
:10f5dc008e0b03ebce0edc46089b56f8042f002b4b
:10f5ec0000f0528109eb0c042d9959f8043b2ffac9
:10f5fc0093f02ffa83f3c0ea234bc3ea0043086865
:10f60c0023fb00224b6808312bfb03224c45ecd129
:10f61c007146002f00f036817b1e94f90000b1f882
:10f62c0000909bb219fb002263b194f90100012bed
:10f63c00b1f8029019fb002204d0888894f90210ca
:10f64c0010fb012203f10109a14407ee902ab5ec4d
:10f65c00017a259af8eee77a67ee877afdeee77a7b
:10f66c0017ee903a1344279a9342b8bf1346289a40
:10f67c009342a8bf13460af8013bc245acd1002007
:10f68c0019b0bde8f08f511c1e80c3f80250c3f8ae
:10f69c000650c3f80a50c3f80e5000f0b880dde9ec
:10f6ac000a0101fb0202106802eb0a012ffa80fc2e
:10f6bc004fea30202ffa80f0c0ea2c4e9efa08fe5a
:10f6cc00ccea004090fa08f0c3f816e0c3f8120038
:10f6dc0050682ffa80fc4fea30202ffa80f0c0eaf5
:10f6ec002c4e9efa08feccea004090fa08f0c3f8c3
:10f6fc001a00c3f81ee092f9082005e700229e804c
:10f70c00de8266f30f021e8566f31f421a60c3f891
:10f71c0012205a620c9a12682ffa82f14fea3222a6
:10f72c002ffa82f2c2ea214090fa08f0c1ea0242b2
:10f73c0092fa08f20c99c3f80a00c3f8062091f962
:10f74c0004203a44da8191f905203a441a820d9a40
:10f75c0012682ffa82f14fea32222ffa82f2c2eab1
:10f76c00214090fa08f0c1ea024292fa08f20d998f
:10f77c00d8619a6191f904203a441a8491f90520d0
:10f78c003a445a840e9a12682ffa82f14fea3222c6
:10f79c002ffa82f2c2ea214090fa08f0c1ea024242
:10f7ac0092fa08f20e99c3f82a20c3f82e0091f9a8
:10f7bc00042036333a4423f8042c91f905203a44ba
:10f7cc0023f8022c099a93427ff4ceae289b013485
:10f7dc00149a18b22e9b259924b20693279b039258
:10f7ec000ffa83fc299b00910593239b02900493b1
:10f7fc00139a249b2d992298cdf804c008f052fe40
:10f80c00089b29909c422d9bfff613aeb2e600227a
:10f81c00de821e8566f30f0266f31f42c3f81220c8
:10f82c005a620a9a12682ffa82f14fea32222ffaa0
:10f83c0082f2c2ea214090fa08f0c1ea024292fa3e
:10f84c0008f20a99d8619a6191f904203a441a8411
:10f85c0091f905203a445a84129a12682ffa82f1cf
:10f86c004fea32222ffa82f2c2ea214090fa08f0d3
:10f87c00c1ea024292fa08f2c3f82a20c3f82e0019
:10f88c00129994e7a146e0e64c462d99c1e600bfdb
:020000040000fa
:020000040c02ec
:10f89c002de9f04f046d81b00646d0f8fc7004f5ec
:10f8ac008054a57aedb2690710d590f84d3000213f
:10f8bc000222012b80f8041180f8642000f02481ce
:10f8cc007b681bb100220221b8689847eb0707d56b
:10f8dc007b68002b00f0228100220421b868984735
:10f8ec0005f00808ad0705d57b6863b1002203213c
:10f8fc00b8689847b8f1000f05d07b681bb1b868a1
:10f90c000022072198476288a388d5b2376e5ffa28
:10f91c0083f8e80728d5a37b6ff30303a37394f84c
:10f92c000231dbb259070dd594f802110020fa7997
:10f93c0060f3820186f8040102f0fd0284f80211e2
:10f94c00fa71fa7403f0010213f0100300f09680c0
:10f95c0094f80231002143f0800384f8023186f8d8
:10f96c000411002a40f09480aa0752d597f82b3046
:10f97c00dd074ed594f81231980605d594f812315e
:10f98c0003f0df0384f81231786a002841d090f933
:10f99c000830023300f06681016a002940f0ed81e5
:10f9ac00036913f0800240f0b0818569c36802726c
:10f9bc007d620bb198477d6a5db3d5f820e0b7f84e
:10f9cc0028c06b68f445326da3eb0e03296828bf81
:10f9dc00f44602f58050bcf1000f0bd00ceb030287
:10f9ec000b44114413f8012b994280f82420f9d1cf
:10f9fc00d5f820e094f81221aeeb0c0302f0fb02d8
:10fa0c002b6284f8122194f8123143f0010384f82c
:10fa1c00123118f0020f2ed0fb7fd9072bd594f89a
:10fa2c001631dbb25a0605d594f8162102f0bf0246
:10fa3c0084f81621b869f0b1dd071cd590f90830af
:10fa4c00023340f02a818369bb6194f81631d907df
:10fa5c0005d594f8163143f0100384f8163194f858
:10fa6c001631c26803f0fe0384f816311ab101b0e6
:10fa7c00bde8f04f104701b0bde8f08f96f80411c7
:10fa8c00002a51d00a1f032a00f2a58086f80431ff
:10fa9c00fb79386803f0fd03fb71fb7400283ff41d
:10faac0063af216a4ff0020b02684ff0080ed0f8da
:10fabc0018c01160216a92f900a051604fea1149f7
:10facc00c26880f808b0c0f804e0c7f800c00ab1fa
:10fadc009047fb7903f00203b9f1000f40f0ca80a4
:10faec00002b40f04881baf1000fc0f2bb81fb68db
:10fafc00002b00f07981042006214822187286f828
:10fb0c000411a274376e2fe76278d20648bf80f8d2
:10fb1c0064307b68002b7ff4d5aed7e6ab0705f0dd
:10fb2c0008083ff5f0aee5e6072941d1f868002852
:10fb3c003ff41aafd0f820e0bef1000f40f0f58092
:10fb4c0003699a0740f143818369c268fb6080f8be
:10fb5c0008e002b19047f868002800f04a81026a78
:10fb6c00b7f810a043689245d446a3eb0209336d55
:10fb7c0028bf9446016803f5805ebcf1000f0dd0e0
:10fb8c000ceb090209eb0103114413f8012b994208
:10fb9c008ef82020f9d1b7f810a0026aa2eb0c0362
:10fbac00d4450362c0f0e5800223a374376edbe614
:10fbbc0006297ff4d9aef86800283ff4d5ae8369e6
:10fbcc00c16842600272fb6009b18847376e00233e
:10fbdc0086f80431c8e600293ff45aaf09297ff4ae
:10fbec00c3ae386800283ff4bfae316d026801f532
:10fbfc00805901f5815cd0f820e0b9f80811c1f307
:10fc0c000d0161b1964403f003021cf80220d2b23c
:10fc1c000ef8032001339942f5d1d0f820e001eb26
:10fc2c000e0340220362a274bb888b42016a4368b4
:10fc3c0002d89942c0f09f8099424160826994bf7a
:10fc4c0000230123c16803723a6001b18847fb6845
:10fc5c00002b00f0c9800622082386f80421a37427
:10fc6c00376e81e68269c3687a62002b3ff4d1aead
:10fc7c009847cee6002b7ed14023baf1000fa37437
:10fc8c00c0f2bc803b68002b00f0118109210422da
:10fc9c00376e86f804111a7266e6356d036a05f53f
:10fcac0080550668b5f818112435c1f30d0151b112
:10fcbc001e44002303f00302aa5cd2b2f2540133b7
:10fccc009942f7d1036a94f816215e18bd8b02f0a5
:10fcdc00fe0306628d4284f81631436802d8b342a3
:10fcec003ff6c9aeb3424ff00001826994bf0023c6
:10fcfc00012346600372c3680162ba61002b3ff4b2
:10fd0c00baae01b0bde8f04f184794f8122123f0b9
:10fd1c00800302f0fb02036184f8122194f8123183
:10fd2c0043f0010384f8123173e6b7f810a0f446df
:10fd3c004368d645326da3eb0e03016828bfd44649
:10fd4c0002f58059bcf1000f0dd00ceb03020b44f3
:10fd5c00114413f8012b994289f82020f9d1b7f8f6
:10fd6c0010a0d0f820e0aeeb0c03d4450362bff436
:10fd7c001baf0a23a374376ef6e5b7f828c04368a7
:10fd8c008c45326da3eb0103056828bf8c4602f548
:10fd9c00805ebcf1000f0ad00ceb03022b4415441f
:10fdac0013f8012b9d428ef82420f9d1016a94f8a6
:10fdbc001231a1eb0c0103f0fb03016284f8123148
:10fdcc0094f8123143f0010384f8123121e613f058
:10fddc00800257d094f8022123f0800342f00202f3
:10fdec00036184f80221bfe50523376e86f80431e0
:10fdfc00bae50423376e86f80431b5e5d7f80cc0a4
:10fe0c00bcf1000ff5d0dcf820200421b7f81090dd
:10fe1c004ff0070adcf804309145306dce4686f879
:10fe2c0004a128bf96468cf808109b1a00f5805048
:10fe3c00dcf80010bef1000f0dd00eeb03020b44ea
:10fe4c00114413f8012b994280f82020f9d1b7f80e
:10fe5c001090dcf82020a2eb0e02f145ccf820200b
:10fe6c0087d8a1e64023a374fb68002bc1d00720e0
:10fe7c0004210a2286f80401c3f820901972a27496
:10fe8c00376e71e58369c168fb60027201b1884706
:10fe9c00386838b100238269c168037243603a60e4
:10feac0001b188470023376e86f804315ce50123e5
:08febc00376e86f8043157e5aa
:020000040000fa
:020000040c02ec
:10fec400f4b6dfbbac7c17eabc3e075bd7e3c8e9fa
:10fed4000702ed81c32cae6a73ba423f47350f580f
:10fee400fd05fc2494cd1f0b21ece137c759e52017
:10fef400d39918f57f1f0822c0c1eb9821d6b025ed
:10ff0400d2bf0a1db105e9f11fcac82a4000b517be
:10ff14000e2321de2906ecdcf60be40af546b7e8ed
:10ff2400d1b4fc28f1b6d60f0e615ad61d3e102569
:10ff3400bffb237f5f58a1453a00dbd63de1daca17
:10ff4400fe12d5f08cea01e8f7ffae0b0b0d0c2284
:10ff540011394ff7c3e3dd97ec0cee097f1151170c
:10ff6400f3f2fb0db8420a0de7170b31dbe4ed3a6f
:10ff740036116612feebd410033e2044dd4d29ca2f
:10ff8400c37fd2102f21d2022f3818980a0802d228
:10ff940017ff14a72d3311e82e20bdefec28010420
:10ffa4003ad517052933cec3f0df041911e3230d25
:10ffb40090c1ecabad29cf13f0e79edcfe2b4be8f0
:10ffc400b0b4aa7a7fc031dc8ae24db72789ff1f1b
:10ffd4000c1b4f4f939ff9f9ee1be3f4cf02d9ebbf
:10ffe400f14112eb06d5fe01b7814f0803062ff746
:10fff400201df21abe54df0a16fb36c91916f3e4a3
:020000040c03eb
:100004001902e4fa09eaf2f9daf7ded5fd0aef1685
:10001400ff81aa1e39c6caf84e11240f1cc91598af
:10002400e728e8ab32e1af1ed914faf30400b4f8c0
:10003400010dfbe7271ff8561b2e32d82808ccfdec
:1000440017e2ee589cfebc7fc655e33d0a460f21dd
:10005400e301d2ebf768c91fe1e9fc4bae0863f298
:10006400d2f311105606ddeccf160dcd2a2b10c09d
:100074000ccfc34dc83cfc0af2ba51c409f6f3fbd9
:10008400eef841efa99febeb15e203093701289243
:10009400f73c5feaec1d16fdd61adf1c0e0c7f0739
:1000a4007f5df8f816d207fef34d32c8002b1e33dd
:1000b400e312d6f3f3e9f4d3f7cffda31d3107de42
:1000c400abe91304d6c9250d261d31ff0340b72b18
:1000d4001df592ddf93013d7190a420cda1e121eef
:1000e40007d40a46daf7d40cf12de718e6e607dd63
:1000f4001c2e0307f4e4bbf639f02df68106d4a3d5
:10010400d0011803e4c41fed2125d31cfea4e1c2d1
:1001140037e40d431bcfa5ecd009fbec197f16c6c1
:10012400ed18c80b3a30f5b60237b6ebf26a03168f
:1001340081fa08fd37c53be9f6eaeb09dcd900266c
:10014400d10731c42517ef580c3325d4cded2fca70
:10015400fcd937f31a050748f9d82ffcef09fc48f6
:10016400493130dc165fe62f2946f5f70e09451ca8
:10017400d1813eebc9c4bc46c8f2d7b51ee3ff101b
:1001840025faad15fbf4f10aede43fa90b13221a8d
:1001940004efdfae3719fa2d28e40a202531b20521
:1001a40024181734122921eb0cce24300dbf06f786
:1001b40043fa19e62111da2918500bdbf020fe7fef
:1001c4006ac705e006112af7fc39b92f7ff3d42d4d
:1001d4001b2614fa43dcc01e655147ba52012eafe8
:1001e4003ef13c2525daf4f1a6b98db405d3faf72e
:1001f4000825eb37f4dde927f7dc03c2fffd2a22eb
:10020400f84b18ccb5e4e422f24911273badf21eb9
:10021400ceedf4f11cb712813504e029db080e574a
:10022400d831fe4aeccbdde412580b5cee198ed5c6
:1002340004dd5e43c6f2daa23c3806d136810207f9
:1002440000e3f6edf3b91e29caeee8a6fc44c6d2d3
:10025400ccc2ba117f2ee7f4f5160248084258caf8
:10026400dae510efc33e52abf6f9fdcdec143320c2
:10027400fd0431e9ebbb0eb5f4fdc1c90338073405
:10028400f925122b237ffffbf9c9004e0ee60fd48c
:10029400b62deb370c2a0d08083bed0c3a1231e071
:1002a400e7df080b051f1311250feff82a0f050dc3
:1002b4003f0ea40208047ffb041bceddd3f91efa13
:1002c400cef89300e633081517fd0df614a9ece0fb
:1002d4002fd7b9034014e8f5cdf2e903202550db0c
:1002e400f6dab638d813cfd1aad410bc3f6208e2ec
:1002f400f416352d4ec9232223f6cfcec1e42d00aa
:10030400eef3811b132f2c09fffb180df151281e4e
:10031400bb5016eef6b14f37fbdef2e22f1759bd94
:10032400418ee72f0e05eff904eeee5b23ce34cabf
:1003340018221bf8093d7f3d64d0ca1822edb90d7f
:100344004bd317faf8eca4be18e9d403daffc6e0dd
:10035400d314cab6177fe0ba9ae0dfec24ca63ee7e
:1003640020f6c2d3284a34c5dddbdbef9dd90f323a
:100374007f05fe3825181bffdbd9f8c1cbdf1fe54d
:10038400f1027c144058d01af22e3d17dd0e2241a2
:10039400240b3912f5e0285a1b00bdee2937e10879
:1003a400f86a173c377f0ae92a2d1dfb19f100571b
:1003b40060f6c4b9341bd90300ede620bcb5b4ed36
:1003c400d74ee5d609fb37ebdae30c0ef7f2f34a26
:1003d40016d83af9fed581d4f7000e0aa227231eb7
:1003e4001d23e91921ba0a234efd2930f909c3ada9
:1003f4005716420940f417db1b9d0414085113edf2
:10040400410a4ebf5113cb0f02c4f1d113b8fdb250
:10041400e3b5c116320020167f1a19f4c4f029cdb1
:10042400b91bbe1506c1c823061d0525fce83cdb27
:10043400214fac0811a3d3fff4e10a5518000cfbbb
:1004440081ce030321de0c2310d70c1bdd10d20355
:10045400f836100ef51512daf4f2c2f1f4dd1c0fc1
:10046400f9373b3831f943c5f01c34f301cb0c01a7
:10047400ef20ed24e9ccbc44c5c8fd0816bd7ff8c7
:1004840054d4ef16f59eb2e94716fab54fc1d32fef
:10049400e8ea0ae8f9f707fbe7fd270f01072d2a29
:1004a400d002fe0c22dfa1812ffc0301e1ff0d2a03
:1004b4001120eee60f14eb0627f7ec24fe021a07d0
:020000040000fa
:020000040c03eb
:1004c400d4a6b803e118f93bc9e5d305d004fae68c
:1004d40021f8a60cf3c93feef1d2940f7f19aeeace
:1004e40001160bbc480afdf6c5cecc14342719ed11
:1004f400bfedfb30260b40f37f39d7e4b2f733df8f
:100504001a1cffd4be022132f9f3f132e5b0b1591d
:10051400883dddcaefdcbb34103746d5edee0ce088
:10052400970c492bb221bd1f3903dd0b1a2c01d4c2
:10053400dcebf3d2e60dd32c3d69b67fce098158ae
:100544006ca9ecd232dfb0e91e30bbf7f0fa3540cb
:100554000b24dd15b90831c4322cca09e2f524167e
:10056400f7f84e2e70372c027fd2cfbd2703edba99
:10057400de1812bae5f1031fb789fd1fde8b0014e4
:10058400c1e25515f6e01beeeccb1fe9261a144d1b
:10059400f9d6c9f429dfe017cfe1e115b763059671
:1005a4002bdabdf02656142c147fff65d9153a0fab
:1005b400d21b0a28da32d97f35fa129d2fe3171c91
:1005c4005feff9c7050acf1bffd412b7d0152dcda5
:1005d400d5f8f7bde6e0e431fab4ce0afa1ef232f9
:1005e400dbee8103f0260df21cea1fd80507f9dac9
:1005f400ce2004e8162605041bf70bfdfe16fbbaf5
:10060400eb16e82eca261321282916e60df418c481
:10061400f9f62f3beaf7654205579d01cb182f0edb
:10062400e101de03eaf2261aa7e767067e1edde291
:10063400f5da495cbb0b1fda27b6dd088c1f81fb9a
:10064400fb41d0f7300d2730cf111293bd2a2d7ff7
:10065400c266d9e7e303d7cf170f120cffa3b4cfb9
:100664000f22c2f90d26c9d2fb1c225f043224f2e8
:1006740019b4f80ee6f0f9fa10f73603e33e0a0f60
:10068400f1020e97d92109c5f6070406f629d25cb2
:10069400ac260edde80db233d251c581e73200f845
:1006a40024c4271106fdfad92bcfc8170bfb381524
:1006b400ded4130e352679e61021b07ffb0cf1bc95
:1006c400f2d3a5d2d4d403c73ccdc0031e4a14cc64
:1006d400bfde12fb19352b29f618c5daba2981f5c4
:1006e4009c100a2c1f2107e00bd2cea824e911117b
:1006f400c4e7e62a11cbb1ef219bc3b83e137bccf0
:10070400f5d15ff1d5e71de3e04938d6d0d77feacc
:10071400d007c2e9edf8e0e4c20e8b5308c87e8a24
:10072400dc5111e015fc41dda538e0f85deeb21ea8
:100734008127f20a49462e4112da45ee1ebe33de07
:100744000c5e9c025972055aa41b1baf8f05f01551
:100754002fee39e85b02d0d6a1cdbd41e50b20eeea
:10076400f8b2e50310fdcfbf1b73e40237e181f655
:10077400e324013029271838532b183a0e5e322b04
:10078400f701fb28baa50b1ca0de3255c25efc0e95
:10079400480614e93e16322825c80e0116efe1e199
:1007a400087f3ecfff20e5dc1be9cde81c07f8da23
:1007b400c3f04916268a33f92e13fc560cc7c70416
:1007c400f0b91666060dd3c621e5dc0f9b11bcfdfe
:1007d400f8b068470b33af300f1a2e1204034e22c1
:1007e400b4dfd00d594266cdc5813939e735e426e9
:1007f4007ffc22440f12f40fef25de0ef9c5ecda6c
:1008040022fb83bdd1eaf3225bef194504caef5cf6
:1008140002a9dcfac423c9f4ca2da8395bbb271981
:10082400e4e2f2ecd5cd1d0d5e31251eeefe0a3d4f
:10083400e6e103a8f2132500e4f5811e50b8455df6
:10084400f0cb3e05121cf8f623f0312d08d4f52028
:10085400177f222b02b39f0afdfb4ae7be03621ee9
:10086400d6d1aa2c3dfdebe0a5b9ee10ebe52df6b3
:10087400f4e217fe07ef32d10711169ffbe023e9dc
:10088400fa1600fc08c104d611ed81fcb618ec0878
:100894000aeff3a870efcd0ff608d6d0c228f7d32d
:1008a400f61b7df8db34c332032be7e2b433eeea04
:1008b400be442808c933bb033a240516b324fcfa02
:1008c400d82407810308a518bb20eca8b2b236cd02
:1008d400d7fefb03d7a17204a3f4ffe51976a4f5b0
:1008e4000bda28fe1428ee1ffee5d9e94e10fb2092
:1008f4001de81efa180f037febe0e0eaf21cd3fabe
:10090400defaef3bff0be5c0040c30d0200d0405ec
:100914002fde12fb017fa91614230e0af01af8a683
:10092400d0f80d0df7b614dffce21efaec9229b9eb
:1009340007f064f5de2cbc10c6140234cedcf711cb
:100944002138b7fb2ae70155f9cc0c4233357fe651
:10095400b2dae4d8fa282beb00e06bf54c1312134f
:10096400e306581462140ad8e0382cd12152d83f37
:100974001b25d3e6c7fe782425eb1676ff1ad56827
:100984005933eb2b4705f01ae10fd95fdbd1d49231
:10099400ffe2a50e02e7ed213d433a81ffebfe6f36
:1009a4000fcf3db927ca5b83ec8113a83cefe9f76d
:1009b400e864f7c6a7f444de4ee703f5109dae11d4
:1009c40078021fe68411488de52b36aa360c723e58
:1009d4002d2c28de360dda3be71b252319e0c60a49
:1009e400d219fe26ea09feed151402eeead1dc7aec
:1009f400e4add0b9ce7febcbf70cef42dcfb04ba0d
:100a0400f7e21337dbc911e7faeb1446d4f528dc17
:100a1400bc2981ea10e2f81ff5ee05e1c7e924d507
:100a2400fb10e614d2d1ca08f788d5110cf738a701
:100a3400ff0bd8eaa5db47d902e234c020120fc667
:100a4400bb0136055681c5f217143e0831560954c8
:100a5400a0f0c7d8de06f9a2ff17123c69f9bef26e
:100a6400ef00fbb30c41171d4af2202f132031d99c
:100a740041cf81e0590b26c9c62022e10edbdd1ee1
:100a8400e72be1fc0af72314eadabd46f811d00695
:100a940043c15c651110007f110fddec59c4fff5f3
:100aa400e926c0c1500b10f4c6222c34060f2306cd
:100ab4002ad3fc38f2191420c9a238db38e640e105
:020000040000fa
:020000040c03eb
:100ac4003c0bfa0815291114097fd7dc58817203ed
:100ad4001accce040abe48c4e9cf160affeef13997
:100ae400bd1730de7a7fedb2e6101718d22fbf1d86
:100af400c4140f100ada2e044bb9d8a5bb13041280
:100b04008b814baa670bfe1ff004decd45c623f193
:100b1400371ff406a90cc5bc97381d09b8eb29305a
:100b2400ecf3e831df2f81242b1f2c15202127e63d
:100b3400e91407f36cee124be521ed062b0beb0edb
:100b44005ecf549e7ff0f53f02eb423dd3f51e2a63
:100b54002e63c6354372aa0d0c33f4d601ee080297
:100b6400f02bf9f623fd8c0dd215ace6fb770820ab
:100b74009d08f512c00f05e0d781ed11fb1a001a8c
:100b8400058119253b070601c3fa060c0226231426
:100b94000ed03c21f90dbd0b0e5e45cf1311042977
:100ba4002b520f58e5f5020ee50c0b42482330e3b7
:100bb40008e3ffdf1619e2f67f9a06cb01f74e0f22
:100bc400e2030764374439faf75321fb03e91df7bd
:100bd400f7e8cafef13133122381b6ddcb0e053faf
:100be400daf0f7303d2eab6801c523173c9afa3989
:100bf400f261c93637736d1f7fe0e3252c2904dccd
:100c04003111e7f517153713e50c2ae44043edba23
:100c14001db6411c81f5facbe412f213ea03e10e8e
:100c24000d1af1d3f7d97fefe213073034f5290712
:100c3400e00ddf0623ff0c353f06080b2104d6fa2e
:100c4400f507e7f700e701ea19813727effb14f20c
:100c5400e3e404e7d8fd4501b8f2ef40fc0b0025be
:100c6400017f08ed03e017e2bb9bfadad2abffb8d1
:100c74001752490f212af0fde6fcbe180b3e54d84a
:100c84007ff00c170805f8f6022113e3fa16f4e5d1
:100c94002008e111fceb0afee2100ee0f61e2d180e
:100ca4000af00ce9212c290e114df8cea6dc280ff0
:100cb40097ca04f7f63c3127fe2d19e3eedb81e5f4
:100cc400707bda3de239e7dbe07fe556f4ff53045d
:100cd4002f0bbfa1fee82a8cdd2d163c1133944e58
:100ce4000d17fab210f20d0a1901d80e550b013185
:100cf400f1420df1f20921ee0b7fc209d8e7140c81
:100d0400ad373528ff320102ecff05f87fb3465dad
:100d140004d31e0e160803182defece0dff3fbdb03
:100d24000ae1e011e10d16761424b3240e2001fe2d
:100d3400f5014229f834df4cf6332ed4add77fc702
:100d4400520de47fb92e0a2eade81540c966e204bf
:100d5400fd41bee7caeeb4e203271ae95aade3ef58
:100d6400fe45fa1207120dfbdffad4d77f38263f6f
:100d740004e5040deedbd100f6091125e7f7f8eee2
:100d8400334c090417f5392702cc15e8e33706b7c5
:100d9400c8de081c7f3d21ff59d7f0e700f0fef1c3
:100da400095efeccbaf30d0eee811bf2e40bb11614
:100db4002c1ff4181b051adce4dba215e3c6fff6ae
:100dc400e6260e11082037c4e1fae106702c05e886
:100dd4004a200bd5c304eae37f3314e4e4fbfa01ad
:100de400425855edf4d9f30518c520012ce6f56eeb
:100df40020b6bc03c7bb7cd7c2c405542429ea7ff0
:100e04003e781207bff1da3244651cce6a0cd9aac7
:100e14006393ead8dcc87f10c51d0732b5c4a8fcab
:100e2400dde926de01e546f41e9c37042a7f3be813
:100e3400d857491c84b2ce69240b142001022b0616
:100e44003670e35d0fb0713f0f956602eb810a18af
:100e540042fae00e40052c370d0bc542d6e064f68d
:100e6400fabf140fff10d8f4f5020ac8faeefa120a
:100e74001818c60926f8e0f67fbaded303f32bd39d
:100e84000c7fe9e8230630bffc29e3401e0201077a
:100e940023d3fd100dce1eb5e500f61cf8010b0e94
:100ea4006f2c17201f190809def6041acc041e182b
:100eb40002c5f1f41bc6c881133c1ff46a17070866
:100ec4001c7f18f8e8e605ea2ee40ebaed0d021dc3
:100ed40029d6d2002ffcecd4eee8f40ad4e4fa17b5
:100ee400e07f0300cae23124fcc10cf13e1b072d54
:100ef4001548f40f3530f6fd1eafe7d2d40cec40a4
:100f04001b0fedcb13f17f04fc02e42c2d1912da34
:100f1400d5fe26e70be9f31209f002e823ff0be400
:100f240004eff436e8da7fe0b202261d331b16d450
:100f34000cfff20ebde6d93647eee5f0251f290970
:100f4400dd19bec96e7f45f1dd071b1c5541e01a52
:100f5400b55dc63a8dc12116619acb2ad7d8efe880
:100f6400609ffdf3fbf7d994204725415f35f43f9b
:100f7400d489340b7f004903fdd011fae51844539a
:100f84006111642f5763f025252df4ea060e5931bb
:100f9400ba17d4f3dbca243625bfe2cf7f45c31882
:100fa400381418431620423202ab0d81eef20c14b1
:100fb4005849284902d5cd2ceb441cf3e22e41b10b
:100fc4000271ebdccc26ef0ba3f0f4d618c6ec3799
:100fd400ba7f0cff4ac34c1cff26ba433d120614c9
:100fe40011fd0205094251e9b9d50840e4cefa04dd
:100ff400e22be0172af5ca237fa7edc912013fbcf3
:10100400f112fe293402e50f07dec6fd7f06390f13
:10101400c4d7eb322c0fbddd430eddff21ff3ff8bb
:101024002c19c1100d2a116fde7fd4003137bff5a2
:10103400f426faed280c233c2f15beeacc8c2aa802
:10104400ebd1d532f211e2e7e8ee061845ebdee823
:10105400f70ae9d504eb00e17ffcf6e508f6360073
:101064001626c902e2030516f74b217f2830e40a4d
:1010740033ebd2ec091cdecedcf1e53e14ebd309f4
:101084001f6e22ceec050715f3f11053fb2ae3c2c1
:101094005010f31127f4d80bc9811de8ec0066da6f
:1010a400faad1707b92a0adafe367feb43fecaec1b
:1010b4004b1ae017f9e8d156f3f903ff13d3b90338
:020000040000fa
:020000040c03eb
:1010c40010294ff000032de9f04f0c4687b08846f5
:1010d4000546a8bf1024cde90233cde90433cde998
:1010e4000033dff800934ff0ff36eb464ff0000e6d
:1010f4004f46cc46b2469fedb62adfedb61a09e05c
:101104000ef1010e0cf11c0c0bf1010bbef1080fda
:1011140000f0a6809cf90430002bf1d09bf800303d
:10112400002bedd19cf8053004ee103ab8ee444a99
:1011340024ee214ab5eec04af1ee10fa40f3a38042
:10114400f7ee007a9ced025a9ced046ab6ee007a42
:10115400dced036adced055a74ee277a76ee454a37
:1011640035eee64a36ee056a64ee874a24ee074a0f
:1011740076eea56a64eea74a24ee274ab0ee643af6
:10118400f0ee443ae6ee074a96ee073ad6ee873a90
:10119400a6ee874ab8f1000fb2dd02a92b46002261
:1011a40011f8010b002856d193ed005ad3ed015ae2
:1011b400b4eec53ad3ed027ad3ed036af1ee10fa38
:1011c400f4eee53a33fe056af1ee10faf4eee74a7e
:1011d40073fea52af1ee10faf4eec46a54bfb0ee21
:1011e400677ab0ee647af1ee10fa77eec57a37eeec
:1011f400467a34fe266a36ee626a76eee56ab5ee23
:10120400c07a34eec35a67eea67af1ee10fab5ee60
:10121400c06a74ee635a48bf9fed6f7af1ee10fa1c
:10122400e5ee257a48bf9fed6c6a27ee067a77eee5
:10123400c77af5eec07af1ee10faccbfc7ee276a92
:10124400dfed656af4eec26af1ee10fa03ddb0ee8a
:10125400662a1646f246013214339442a0dc4fe764
:10126400baf1ff3f18d006eb8601504605eb810129
:1012740010f0bafa06ab9a441e4401230af8183c4b
:1012840006f8103c2de79ced023adced033adced68
:10129400044a9ced054a7de7ba46ab464ff0ff365b
:1012a400b7ee001aee464a4637464ff0000c9fed63
:1012b4004a2adfed4a1a07e00cf1010c1c320ef148
:1012c400010ebcf1080f70d092f90430002bf3d05a
:1012d4009ef800100029efd15379f0ee413ab8f1ad
:1012e400000f07ee903af8ee677ae7eea13ae3ddf5
:1012f400f5ee002a02a85b469fed393a10f8015b2f
:10130400f6ee004a002d4bd192ed025ad2ed056a59
:1013140092ed046ad2ed037a36ee457ad3ed025aa1
:1013240076eee70a93ed004a36ee056a93ed035a2a
:1013340076eea77ad3ed016a37ee207a75ee660a67
:1013440035ee265a35eec40a75ee846a77eec57a10
:1013540037ee007a76ee666a67eea47a37ee207a84
:1013640066eea46a67eea77a27ee227ae6eea67afc
:1013740027ee037af0ee676a67ee237a67eea77ac0
:10138400f4eee67af1ee10fa0add77eee67ab4eee0
:10139400e72af1ee10fa03d5b0ee672a0e46674647
:1013a400013114338c42a9dc86e7b7f1ff3f1bd02f
:1013b40006eb860138460beb810110f015fa06abfb
:1013c4001f441e44012307f8183c06f8103c65e747
:1013d4009a99993ecdcccc3d000000009a99193ed3
:1013e4009a99193f007d04209af9043057465d46c6
:1013f40063b19df800204ab99af805300133dbb295
:10140400052b8af8053088bf8af8042097f9203024
:1014140063b19df801204ab997f821300133dbb25a
:10142400052b87f8213088bf87f8202097f93c30b6
:1014340063b19df802204ab997f83d300133dbb21d
:10144400052b87f83d3088bf87f83c2097f9583042
:1014540063b19df803204ab997f859300133dbb2e0
:10146400052b87f8593088bf87f8582097f97430ce
:1014740063b19df804204ab997f875300133dbb2a3
:10148400052b87f8753088bf87f8742097f990305a
:1014940063b19df805204ab997f891300133dbb266
:1014a400052b87f8913088bf87f8902097f9ac30e6
:1014b40063b19df806204ab997f8ad300133dbb229
:1014c400052b87f8ad3088bf87f8ac2097f9c83072
:1014d40063b19df807204ab997f8c9300133dbb2ec
:1014e400052b87f8c93088bf87f8c820b8f1000fea
:1014f40097f904e069dd7346f6ee006aa64602ae8b
:101504004ff0000cdff858b11c4604e00cf1010c5c
:101514001435e64559dd16f8013b002bf6d104b32a
:1015240097f92030002b00f08c8097f93c30002b89
:1015340000f08b8097f95830002b00f0848097f9e5
:101544007430002b00f0858097f99030002b7ed00a
:1015540097f9ac30002b7ed097f9c830002bd5d149
:101564000724c4ebc404dbf80030a9464ff00102a1
:1015740007eb840a47f8243001330cf1010caaf874
:1015840004200af10808cbf80030143597f9044018
:10159400b9e80f00a8e80f00d9f80030c8f8003007
:1015a40055ed057a15ed037a77ee877a67eea67a1c
:1015b400fdeee77a17ee903a4a2bb4bf4ff0ff33b3
:1015c4000123e6458af80630a5dc2449002397f96f
:1015d40004200b6002b1012297f92000134608b1e0
:1015e4000133012297f93c0008b10133012297f934
:1015f400580008b10133012297f9740008b101338e
:10160400012297f9900050b197f9ac2001338ab9bf
:1016140097f9c8209ab90b6007b0bde8f08f97f925
:10162400ac0038b997f9c80048b9002af3d107b01b
:10163400bde8f08f97f9c8200133002aebd00133bd
:10164400e9e701248de703248be7022489e70524d5
:1016540087e7042485e7062483e700bf3483042056
:04166400d01b052072
:020000040000fa
:020000040c03eb
:101668002de9f04f8db01446bdf95c5066080a921a
:10167800024606951b98bdf96050bdf86470204479
:10168800049507971a9d00f058820833013e05f12a
:1016980010040230029305f10803b6b205900193d5
:1016a80001eb47001b9b0b960233039304ebc60325
:1016b800089307f1300309931668079b2ffa86f8f9
:1016c800d7184fea3626029b2ffa86fb019e13eda8
:1016d800025a53ed015ad1f800c0d0f800e056f88c
:1016e800089c28fb0c933d682ffa85f44fea3525b2
:1016f8002ffa85f528fb0e9856f8049c24fb0c9cc1
:10170800d1f804a024fb0e94d0f804e02bfb0a3394
:101718002bfb0e8625fb0accd1f808a025fb0e452d
:10172800d2f80490d0f808804fea392e2ffa89f9b8
:101738002ffa8efe29fb0a337c682ffa84fb4feac6
:1017480034242ffa84f429fb08662bfb0accd1f841
:101758000ca02bfb085bc5682efb0a332efb056922
:1017680024fb0accd1f810a024fb05b49568d0f866
:1017780010e04fea352b2ffa85f52ffa8bfb25fb66
:101788000a33be682ffa86f84fea36262ffa86f60d
:1017980025fb0e9528fb0accd1f814a028fb0e4493
:1017a800d0f814902bfb0a332bfb095e26fb0acae0
:1017b800d1f8188026fb0946d568d0f818b04fea4a
:1017c80035292ffa85f52ffa89f925fb0834d7f83a
:1017d8000cc02ffa8cf34fea3c2c2ffa8cfc25fb1b
:1017e8000be523fb08a8d1f81ca023fb0b66d0f857
:1017f8001cb029fb0a4429fb0b552cfb0a8ad1f89b
:1018080020e02cfb0b6b1369d0f820804fea3329ba
:101818002ffa83f32ffa89f923fb0e44d7f810c067
:101828002ffa8cf64fea3c2c2ffa8cfc23fb085538
:1018380026fb0eaed1f824a026fb08bbd0f82480e6
:1018480029fb0a4429fb08592cfb0aea8b6a2cfb62
:1018580008bb5569d0f828c04fea352e2ffa85f510
:101868002ffa8efe25fb03447e692ffa86f84fea8d
:1018780036262ffa86f625fb0c9528fb03a3d1f80c
:101888002ca028fb0cbbd0f82cc02efb0a442efb46
:101898000c5526fb0a3ad1f8309026fb0cbc93690c
:1018a800d0f830804fea332e2ffa83f32ffa8efeca
:1018b80023fb0944be692ffa86fb4fea36262ffa26
:1018c80086f623fb08552bfb09a9d1f834a02bfb7e
:1018d80008ccd0f834802efb0a442efb085e26fb89
:1018e8000a9a8b6b26fb08ccd569d0f838b04fea3a
:1018f80035292ffa85f52ffa89f925fb0344fe6966
:101908002ffa86f84fea36262ffa86f625fb0be5de
:1019180028fb03a3d1f83ca028fb0bccd0f83cb0a3
:1019280029fb0a4429fb0b5526fb0a3ad1f840e06b
:1019380026fb0bcc136ad0f840804fea33292ffae4
:1019480083f32ffa89f923fb0e443e6a2ffa86fbac
:101958004fea36262ffa86f623fb08552bfb0eaee8
:10196800d1f844a02bfb08ccd0f8448029fb0a44ca
:1019780029fb085926fb0aea8b6c26fb08cc556a1a
:10198800d0f848b04fea352e2ffa85f52ffa8efe9b
:1019980025fb03447e6a2ffa86f84fea36262ffa8b
:1019a80086f625fb0b9528fb03a3d1f84ca028fb52
:1019b8000bccd0f84cb02efb0a442efb0b5526fb63
:1019c8000a3ad1f8509026fb0bcc936ad0f8508095
:1019d8004fea332e2ffa83f32ffa8efe23fb0944a6
:1019e800be6a2ffa86fb4fea36262ffa86f623fbc5
:1019f80008552bfb09a9d1f854a02bfb08ccd0f82b
:101a080054802efb0a442efb085526fb0a9a8b6d40
:101a180026fb08ccd2f82c80d0f858904fea382e04
:101a28002ffa88f82ffa8efe28fb0344ff6a2ffa54
:101a380087f64fea37272ffa87f728fb095526fb41
:101a480003aad1f85cb026fb09ccc66d2efb0b446b
:101a58002efb065527fb0baa27fb06cc07ee904a60
:101a6800019e169fb8eee76a07ee905a0836029b69
:101a7800f8eee76a07ee90aa26ee056a0196b8ee38
:101a8800e77a07ee90ca66ee856a0833f8eee77ad9
:101a980027ee257a0293bdeec66a099bfdeee66a3b
:101aa800bdeec77a1a4467eea57a16ee106a16eeee
:101ab800905a17ee104a3e443d44fdeee77a04eb97
:101ac800070c069f169cbe4217ee903ab8bf3e46da
:101ad800bd422344049cb8bf3d46bc45b8bfbc4684
:101ae800a642a8bf2646bb42b8bf3b46a5422746ea
:101af800a8bf25469e466445039ba8bf6446be45cd
:101b080003f8026c7346a8bf3b46059f019e07f881
:101b1800025c039d05f8014cac1c07f8013cbb1c9a
:101b280003940593089bb3427ff4c6ad0b980a9bb8
:101b3800013003eb40001b9b18440db0bde8f08f4b
:020000040000fa
:020000040c03eb
:101b4800d84137297f7d075f54d5ab97be8381bbca
:101b5800848f0e342f487f742c765b0a8185f83f7a
:101b6800380a605f05e0f9f1a0acef8194cdb4c20a
:101b7800dff6fe297f6804dfe2e68286de81890bd4
:101b88001f213e7f664b6468203a2d4b7f652e638c
:101b980056f2e8e7cc8788d0819bddbfb6d3819e1b
:101ba800dab5c8f3fb05cc8fa9bd818319473d2e53
:101bb8007f66285a4623342a3e7f6b2e66461b6969
:101bc80055257f7c214a3e12493f337f75185e4c6c
:101bd8001a4a32227f75256b5fdbbcc7c6819aed36
:101be800cecd1d46362d7f5d31523f254d35317f97
:101bf80058185439fb230b2c7f642b7363517f7067
:101c08003a6f64fb0816e5b5c4d7819ce9bdd425b5
:101c18003327317f671b56420452330d7f72346b72
:101c28005c2e554b3e7f7f31716907e4facb819575
:101c3800d692a2d296c1df8192e2adb00a072135d1
:101c48007975307f6e204129317f61276456f0b65f
:101c5800b8cf818fd0a3b4e8d4dfd181a8da95b00a
:101c6800debac9d58681ecb3c0cf8192d094a801e1
:101c78000e0fd39e9ed68197e9dae7f4b8d3c381d5
:101c8800ade4a3bcf40a02d6a3aac2818f07161b2f
:101c98003a7667397f6d1740332e7f7831665fed6e
:101ca800d6d5c6819fd39fbd24402b347f73335b29
:101cb800491f50302a7f66224431306b5d417f6373
:101cc800252f1a114621377f5f2f544df0cdd2d7db
:101cd800818ee39db21e64492f7f6b1f433aebba96
:101ce800d1d981a3daa6c33b5f464b7f622d4f381b
:101cf8000521273a76681f7f6b2624113a7f572cd7
:101d0800756be6b2cbc581a7e5b9d732604b597f71
:101d18006d48635507222c2e7f7524777012280e84
:101d2800397553317f620744322e7f652f4d4c0839
:101d38004e4ffe7f78055a512d4138307f5e1f4047
:101d48003dece0f3d18897d887811855442b7f6004
:101d580028523bf2f1fedf99bbe481971c3f3a36eb
:101d68007f662a503a0300fbde99adca8197fae0f4
:101d7800dcc18186e5959a11392c217f7b205f4152
:101d880002312d297f63226c5ac78481d2a08f0823
:101d9800340f1b3d35317f7a2b5d4f2a5543367ff3
:101da8005c143535252818297f69207a6ae5badd5b
:101db800ce819ddc96a7cda2baa48281da95a5ef43
:101dc800b0c9c28681d6adc2e29fb2cd8199e59de8
:101dd800b83b7f631f271ce39ea9d8818818ff0a98
:101de800224d432d6643337f6e23463fdcc3d1c368
:101df80081a0d4a8ad295b453d7f671f452ee3ca66
:101e0800dbc78192db9ea71c1f0d0e100cdf95818e
:101e1800317f5d49776821443918322e297f5e2643
:101e28006251e6bfe1ba819ad38aa5132a24476c86
:101e380051217f57d9c0d1bf818dd08b91dbc0cdc7
:101e4800c08197d8b9b828785c377f6b18463519a0
:101e580029242f7f64336856171f0228624c367f67
:101e68006f1a2b2e407f6125553bafaba9c58381e7
:101e7800f1d5cafca9bfa8818bccbcd60d45462e8e
:101e88007f79274f3e1d6549317f691b5542093fc0
:101e980056327f6e317574e6bab9dc818bebaeb120
:101ea800104130167f6f206c682932273b7f5f2ee8
:101eb8005c491d4633387f7e36766c0e3231467f5c
:101ec80061347c4df6b0b6e3819ceea3b91c494b56
:101ed8002b6e79207f6e2d2b07397f502a613e2d7e
:101ee80056513d7f78194841f0d3d6daa5a0e08154
:101ef8009feeaac5c68195eec2e02d58382f7f5bac
:101f080016513ac48981e7dacf25675614462f3e21
:101f18007f5c2e5743122e15387f622b705d162674
:101f280017406a53467f55203a28427f62425547f8
:101f3800215948297f6e033e601926213d7f662777
:101f48006c562d685a357f7bf0e5c51d38312a7fe0
:101f58005c275c45d5b1b4cc9f8ed381b7ebc9cc97
:101f6800c8818fd998bef7d1e5ce819bd3a5c02271
:101f78003c35347f602976520f2018f8fef6b3817d
:101f88009bedb5c5db819ef3b2c51d3d2f447f5641
:101f980035604b04020c1a7c61177f6df9c6b5c712
:101fa800818bcd969423494a357f68365c4ee1aee5
:101fb800bfac8195c9aeaf06bac0c68196cba6c1e3
:020000040000fa
:020000040c03eb
:101fc800915cf4a8c32527f2c07f741641cc1f0783
:101fd8000744f427ee0a73100c7f4be60a20c6da92
:101fe800d20ae211cf2e5981fb2f632e39fad3d4ae
:101ff80002d0f60eefcf81fbf49cde22dee84dea3c
:102008002125f609ac074012c81be57ffc2621f004
:102018001f075829aa70681800addd85dfbe7f2a22
:10202800f7fc04bd1d08ea001c44f412ed188117e2
:102038000db713170ceee88300042dd28126ee0ca1
:10204800e57f079aac2d1228533e00319c1bd00a1d
:102058000c4adc14c929631dcc7f32443026f011a8
:10206800b101422e13f932fbd907487f1cfb2ee938
:102078002dd37d300c2633fc367fd0f4d0ebf3f330
:10208800811f69c3eacd59b119c5a115e33b1628cb
:10209800ecde0e2820440312262ed62734b181ef19
:1020a80004699e57e1b1fc02497fd8efc1e0e3cc57
:1020b80025ce1748f9d27fe345b3fd3e23f14dc93c
:1020c800c5abc6cc81cf121d2218000bf1ebe0f096
:1020d80068d2997fc924ff71a0530d9c32d4c325bf
:1020e80021ed34fa4b36e0ff61d9d87fb1e95ff4ce
:1020f80028e3022c3d027dfdf17fdff5c9f8e342bc
:10210800dae62825c5ae0ce01fcde1ec02fb81e63e
:10211800051cc7f546e3571fdb81ecfdced1ebf07c
:1021280001c9f60df3d581fafa93e320d9df3ee928
:102138001fd413010dfa8130469bee0be7152ee6ee
:1021480014c103d90cd981f23284f419ea0a1ceac1
:10215800193b20b09bc7ec9c8d7fe801a9e026f0d5
:102168007ed71462399d81d5a1aa15ce02da16d57b
:1021780030d6f6ebfed036f4f177dde18ed3fd7f75
:10218800ebfeb34ffdf3e313297ff8f5afc208ce9a
:1021980043acf51f5a14090c142c810ad0e00060d6
:1021a800e1d5dceee2eb814126a41707f6e9160c2f
:1021b80074ede1b110f7340c310936487f1837ed6a
:1021c80054ba6c5328e05e132a48eb7f82c12ade9a
:1021d8000f812863f41d201f1c381119a9d4c1dff1
:1021e8008170fd762051e9f4a14bccafe1e40e06f5
:1021f800f12ae752283ae1a009ad816e11ffb02615
:102208000cebf60bf6433c23c21fc4810dfd0adb21
:1022180012267f191ab1fcf7eaf1622be2013abae9
:102228000b1f3c5be9f246f0cc81e82c1a3c69ecc8
:102238001dfb7fbf46e81c0339b774dfd05bac09d0
:10224800f3a51e5256f381328ce8587e1c26e4fb17
:10225800457fa22c1335dfe6cdf6f9fcd0e722f650
:10226800c34ca9c008327f02e126bade19c4d9f0ee
:10227800db767f18309b36af43c4233a9bba3807c6
:10228800fd36474417c904f32810b75c810db3cc59
:10229800e3e8d01d0ddb088d0ae1177fdd0cf103a3
:1022a8004e4d34fee23081efeb6ff9e3030b90f90a
:1022b800d97fddff870087d4ff232ae0d7e70a0c00
:1022c800f6f7f7b3e12f7f16051638384e26092f93
:1022d8000f193831abe8ef5ec733f1217fcf1cf817
:1022e800042de70f48ce4c3fdf90631981c6bee34b
:1022f8007f0d0f7acbf156edd7e55355511845dcd4
:10230800369c340ae8e627180181294a2e145b5fb7
:10231800ec29bf1523e9dbe7d83f81275ae7e620f8
:10232800037ff4f5e14641160c6300d2d5c999dd67
:102338001563cb44d5c01c02ee20e47f5ad9d9dd01
:10234800c897011ee09ff0cc2f3ca47ff5f1b0ddcb
:102358000519ece99fad162722ee7f371f1075028d
:1023680060790d35932bd62a007f28a325d4c0b1d8
:10237800057f06ff3deccbc3104adff42fd4d5f11f
:1023880006cf3a36c21d81df2f57fdfc3d3c350a8a
:10239800d66507c202490f2d09e4617f58304ce128
:1023a80004cc00c65c3ff50cd411eda71dec7f33bf
:1023b80043c9f022e022c502ea204a8123d33bed3b
:020000040000fa
:020000040c03eb
:1023c800f7d6d47f020be1f629e1dbe3fdf1f4bb9c
:1023d800d938edbd282043e32643f97f33cd47c9db
:1023e80023c8ee1920f648e4e4eeec81e20cde2680
:1023f800f7b725b5d2e22a397fcec5c614113322e4
:1024080006e512480515fad639f7e37f0f0e07fee1
:1024180030a0be7ef2f2d4ae25c18b87f88125e9c3
:102428002aafc36f0dd99adf19cbb7a7e18116bfc1
:10243800fa7f23c7d8dce9dcf2d51cc4c51ac8e288
:10244800df4809db370203e0f90481fd34fbe92aa0
:102458005d35e49a0edb310707494a7fe324fc38ef
:10246800f7fcec7f1810dbd9f4012943fee2cb0915
:102478008d15fe3dea2d7f0cf5e91cc606132709cc
:10248800db81f0ae15ea07f0f11ddbd82cef0bfc71
:102498001d17beeb056ddc8123f81a001bef0b142a
:1024a80078081c8101f3f903de12eefbc0aaf438a8
:1024b80010810ff9ea0609ebf5f77d23af2a34e01e
:1024c800ea02011ed5cac596d6ebfe8109ea59f380
:1024d800c518270164f93ce40fc42ef1279e7fea52
:1024e800109c15cafcf9fff031fd7f1bad2339ebb9
:1024f800d0b7fb4a1819f4d6f5e80f3ff4d0e67fb9
:10250800df7f0324edf4d9d901da3febc4fdf32bc7
:102518004204cdff68064114bef3f502f8447f403b
:10252800ec811345120530fd3602c37623f00821ed
:10253800cc39edeeb7d57faed2e11d2f138660c63c
:102548007907116f53e672f2fc7feb8cb489dc4695
:1025580011a8ed77ebdea9af27dfc581ff881ecc78
:10256800b603ed7f0ae7d3c217dc06140206f7c3e9
:10257800d7e23d81bf48da41be08150901d0aced6c
:10258800e0932f28bdfeddbf1ef97fffaf3841c3a2
:10259800dd2f14182afffbedb4f781f74decdc4072
:1025a80038d8f41e7fe319e718e530244c3490c777
:1025b800cf8ffb7fe03ff0ee15d6d79728f8fdc008
:1025c80023e2faf7d3f4e5fcf30fd281f8dd1cfa25
:1025d80028cafbcca9f1bbfd06fcb981fad443e9b2
:1025e80041d21864fcc4290012a439e57ff1e9013d
:1025f800a6fbf67ffafff8ed1dea04fd2517fbd4cc
:1026080000f3cf7f5c180be2f5f3170b0726eeda21
:1026180001f5126633001e083cf0137f1f04c30542
:102628002fed81d872f9e6c42fbc6c4b64cf9112a0
:10263800ef3e1beb42fe00dbe5e481396d12dc3234
:1026480026023bc6591fef200a9cd108ab81fbcd5f
:10265800f2df1333e381da77d4eddf38e3f60afeed
:10266800ee75b87f38d20e1c31092157a714c5e280
:10267800f8fe2d8109f91f1af812fedbecfde209bc
:10268800c1ba317fe704c7e42a061dae21f81cafa2
:102698004afe237fdc9633fa88b3f70bf6d93e6ff0
:1026a8006cfcb38112d8ff8b0520eb35223723440d
:1026b8001ebc5e4eb3433481c3c2e5ed1eefd2e7c4
:1026c800fa1405afe20e09fbc7fa198107f512f0f3
:1026d8000db5fd81e30008bde4cf28ddcf0320da86
:1026e8001e8133ddfc0001cf29d77559cf3d21e389
:1026f800f9b91abc28d2fdf5810a34df26f2b9ee01
:10270800b02d17b4fc15feb781fd810544ebe83800
:102718000aeb018104eb09e250e8cbeeff141c2020
:10272800f1eee77f171ce60d19f5fcfa0bf302e64c
:102738007fd8a7f75a182c1dabe8c51fd169797a3d
:102748000c32eacd22e91befdbd1811974e7de40b8
:10275800428c3ddbf2eefdf126dc7f2d00183217ae
:10276800e28149021220f1e0e0e01ef740cfdf5e8f
:102778000e107f16027e1d89f61aff45c3dfdc6640
:102788002013043cf40515017fedfbfa14e20a342a
:10279800107f1a2f04c2c91a14ce3517e723dfcdcc
:1027a800fedad37f20d8e8b315bcd585fdee53e01b
:1027b8000800373602814a0518fbf9f502df121db9
:020000040000fa
:020000040c03eb
:1027c800815c21dcf8cae0fcc8df1cacb3c5cefdd7
:1027d8007432d09ef1343a530bd0da5618ff0734ce
:1027e8002cf7c9fcb3f7e6e1211d0adce4e6f21791
:1027f800fdd9ee06fde51336fce6e125f0fd23c321
:10280800521deff40ffd1ad8bde2cfe4dcd4f9f481
:102818002d32b4f020fcf8eae17f3533031fe3e5fd
:102828000507053337ba1dd3fae32e4005f8d9eb6f
:102838000608f2dd21e90ed2d8cff0eacd0308ff71
:10284800ac81d3fbf818f804f1d4ebf52acff227c2
:10285800efe741d923d9f4ff06b7171ce70eea08ba
:10286800ffe6f7060318321803ea10e00c09e6e55c
:10287800fef2141814eadfd9f8c9ed01fbd1ecf91e
:102888008123beb80027143ee55023e9d9dd360779
:10289800def5e90e320b163924233184d5d4bfbbbb
:1028a800eecaaf3f5702d207f8ce460130d92852b8
:1028b8000137e7d20d22f0f7b6c4c2092cb5def60f
:1028c80095cbf05fb0b5fdf37e0e81ef57e1ed23b8
:1028d800d4c85c3528fe0cf31b3a02dd41f1bc81fb
:1028e800033fde0a95563ae60a3a0719f21c16da49
:1028f8000df4f832d81930fe1c1b0219f8180c0315
:10290800addcf920391a0435493b382cf80ff8cbdf
:102918000b48b0363619a5ddc8e90e016a97c57fa0
:10292800c108f5157225b323f3da22eac6edf7fae2
:10293800f920eedf9fe400d8c512fdfdfbdf56f15c
:102948005b81869d58a906023e061ae8e1082c29f3
:10295800343d11cc040dc826144e0d001aff02fe9a
:10296800d10caa23e016d6081ae5e83bf7e41e02c4
:10297800aaf32bf402a3cdbee6f4fa3ee827280f0b
:10298800c4f4d40df2ec1ed4c3b430f6e023e4381a
:10299800ecf5f8f3107f0d01335638e62b320b3483
:1029a8001e1ce23155ecd6d8140314241ae10a1b74
:1029b8000ec410e41bd8e93149f9f0e620330923a5
:1029c800c9112de117622258e22281d25f1a2d2700
:1029d8006a3a276f4f04d217f3065246d2dee51241
:1029e80030f5f444ee1cf4540d32eb092b14db1ac9
:1029f800d0ad3518e40225241eef001f3be321a6c5
:102a08007f24e22a023bf0dee11f0920d8f1effb28
:102a1800112ff304061cf8e7fcccf6f0e713c618f0
:102a2800ffdafed7f002f2ed10fe14d81df91e04ed
:102a38000207edff11d625e1ebcff7f5e1f13307fa
:102a4800081c051405091100ebfc8138d4c82a02ba
:102a5800b0ffd3be2a5ffcfb2a0e0b22ebdd00641d
:102a6800080bc6123ced461c0c220d03ed0aea0cbd
:102a78001cef1600f1a3f709f005e506f5109bc851
:102a88007f258dace40910ab03f9fa9ffa01fa1817
:102a9800f115e18e65301c4e3cfeeaf8f3cfe6e115
:102aa80022ede9fd4cc8191003ec5dd908ecf533ab
:102ab80058f90d0bdfc0c0d68bb0c5d72e1f0b2120
:102ac800367f3ac90d2f160d0dfc07070028fedecc
:102ad80024f42911c5c202fdeced51d5151956aae9
:102ae8004d5ff2233ee22df1e0ffc2fcf110e5db81
:102af800001edc1a1003d2ccfcf237230abcf2fb0e
:102b08001f8e81c99323f8149eeccddae7291fbce8
:102b1800cf0d9dfedf5a1f011dd4152bcd03030bce
:102b28005ce6ff231ffc09f6fd1ac4e0e8c4dcc319
:102b3800ee13d1dbfbe9f5080b2dffd3e5c1ef5d03
:102b4800e51962da7f4dfbe3e5f805d7b01df60617
:102b58008b1601d1f013d31a13fe061dfef509cd0d
:102b6800acd33bfbebda1d10fc3f13160c0b100328
:102b78002605fc15f900f52301eb101bc9d5d51f57
:102b88006294de392724e52f5cd636c109cc18befd
:102b980029c916d409fcfa0934e605c6f6ee2dd47f
:102ba800f7d132058133f4dee9011bebc723f2a329
:102bb800f4fbbd5fb827ea6047651d29c608cce865
:020000040000fa
:020000040c03eb
:102bc8002de9f84f171e2ded028b40f3ee81d84cfe
:102bd8000d4680460021d648b0ee408a13f06af9c7
:102be8002678ac460020a646dfedd24a002e40f0fb
:102bf8008b81d8ed047af5eec07af1ee10fa40f345
:102c08008381012f00f09d806378002b40f086813e
:102c180098ed097ab4eee77af1ee10fa40f37e8186
:102c2800022f00f0b681f0ee477a0126a378002b38
:102c380040f0848198ed0e7ab4eee77af1ee10fa5e
:102c480040f37c81032f00f0a681e378f0ee477a09
:102c58000226002b40f0788198ed137ab4eee77adb
:102c6800f1ee10fa40f37081042f00f09681237979
:102c7800f0ee477a0326002b40f06c8198ed187a25
:102c8800b4eee77af1ee10fa40f36481052f00f014
:102c980086816379f0ee477a0426002b40f0608144
:102ca80098ed1d7ab4eee77af1ee10fa40f3588108
:102cb800062f00f07681a379f0ee477a0526002bdf
:102cc80040f0548198ed227ab4eee77af1ee10faea
:102cd80040f34c81072f00f06681e379f0ee477ae4
:102ce8000626002b40f0488198ed277ab4eee77a63
:102cf800f1ee10fa40f34081082f00f05b81237a4f
:102d0800f0ee477a0726002b40f03c8198ed2c7aac
:102d1800b4eee77af1ee10fa40f33481092f00f0af
:102d28004b81f0ee477a0826637a002b40f0f98051
:102d380098ed317ab4eee77af1ee10fa40f3f180cb
:102d4800092606eb86014ff0010a7246434608eb56
:102d580081015044d1460eeb0705d1f810b0ccf8ec
:102d680010b0d1f800b0ccf800b0d1f804b0ccf86d
:102d780004b0d1f808b0ccf808b0d1f80cb0ccf851
:102d88000cb004f806a0744691ed003ad1ed022a81
:102d980091ed014ad1ed033a32eec31a73eec47acb
:102da80021ee271a87e0b4eec35af1ee10fa54bfa9
:102db800f0ee451af0ee431ad3ed015af4eec45a78
:102dc800f1ee10fa4cbfb5eec04af5eec05af1ee7e
:102dd80010fa4cbf01210021002940f08980f4ee4f
:102de800c45af1ee10fa54bfb0ee652ab0ee442a88
:102df80093ed026ab4eee26af1ee10faccbff5ee9a
:102e0800c02ab5eec06af1ee10fa4cbf01210021cc
:102e1800002970d1b4eee26af1ee10fa72fe867af9
:102e2800d3ed036af4eee36af1ee10faccbff5eee7
:102e3800c03af5eec06af1ee10fa4cbf012100214c
:102e4800002952d1f4eee36af1ee10fa33fea67ac5
:102e580077eee17adfed381a37ee427a9fed362abf
:102e680076eee56a77eea17a37ee027a36ee456ab3
:102e7800f5eec07af1ee10fab5eec07a48bff0ee82
:102e8800647af1ee10fa48bfb0ee647a67ee877a9a
:102e9800b0ee417aa6ee267a37ee677ac7ee876af1
:102ea800f4eec86af1ee10fac8bf02f8019c954228
:102eb80003f1140322d012f8011b0029f7d193ed76
:102ec800005ab4eec35af1ee10fa4cbfb5eec03a50
:102ed800b5eec05af1ee10fa4cbf012100210029cd
:102ee8003ff461aff0ee641a66e7b0ee647aafe7dc
:102ef800b0ee642a7ce7f0ee647a91e726780cf16c
:102f0800140c002e3ff475ae012f0dd063784ff0ee
:102f1800ff36f0ee647a002b3ff47aae022f7ff48e
:102f280085ae731c7ff40dafbdec028bbde8f88f46
:102f380000000220000000006f12833a032ff0d037
:102f4800e378002b3ff488ae042fead02379002bd6
:102f58003ff494ae052fe4d06379002b3ff4a0ae84
:102f6800062fded0a379002b3ff4acae072fd8d0c4
:102f7800e379002b3ff4b8ae082fd2d0237a002b88
:102f88003ff4c4ae092f7ff4cfae731c7ff4d9aee3
:102f9800cae70126d5e60226d3e60326d1e60426ab
:102fa800cfe60526cde60626cbe6bdec028b002053
:0c2fb800bde8f88f0726c4e60826c2e634
:020000040000fa
:020000040c03eb
:102fc400431e033300f2908192f90830022b00f380
:102fd400918111f00e0f2de9f04f144685b001f0e8
:102fe4000f084ab240f083810178002900f0508133
:102ff400002ac5684ff01807b4bf0c230023d5f886
:1030040060b017fb0837d5f850a00beb070999f807
:103014000730de0740f171816068b9f80460b0fbe5
:10302400f6f306fb130383b1002a80f231816e7834
:10303400ab78aeb9002b52d195f85c30012b4bd054
:103044006ff07e0005b0bde8f08f002aefda236947
:103054000028ecd0d807ead543f080032361e6e7e3
:1030640000260296002b2fd0002100235bf80700d6
:103074004ff0030c9a42a36184f808c0b8bf636898
:103084000193236208b933e018468369002bfbd10e
:1030940003238461e06123726b78012b03d0029bcc
:1030a400002b40f0a880ab78012b01d000293dd142
:1030b40036b10123002085f85c3005b0bde8f08fff
:1030c400304605b0bde8f08fb5f95a00019211f011
:1030d40083fc019a0146c8e785f85c600e46b5f9a1
:1030e4005800019211f078fcab780290019ab9e78c
:1030f4004ff0040e4bf80740e06184f808e0b8f1a3
:10310400000f20d1002a95f80401c0f2b3800128f1
:103114007fd00228c0d10af5805a85f804c19af8f4
:10312400023143f008038af80231b5e7b5f95a30a1
:10313400002bbddb012203f01f009c495b09824088
:1031440041f82320b4e7002a0af5805ac0f2a3808c
:103154000aeb081a9af80621d3079dd52a6d08f1bf
:10316400080cd4f800e002f5805213464fea8c02b2
:1031740003eb081803921a46b8f808c1ccf30d0cf7
:10318400bcf1000f10d0019bddf80c8073448e4617
:1031940000f003014144515cc9b219540130844523
:1031a400f6d1236a714601939af80621b9f804e02e
:1031b400019b02f0fe02e6456068634423628af8dc
:1031c400062102d898423ff667af984263604ff0f9
:1031d400000ca3692cbf00200120e2682072c4f80f
:1031e40020c04bf80730002a3ff456af2046019127
:1031f4009047019950e7b5f95830002bfff653afcb
:10320400012203f01f0469485b09a24040f823200f
:1032140049e70af5805a9af80221d20740f19d80c5
:10322400286dd4f800c000f5805200f58150b2f842
:103234000821c2f30d0262b19c4408f00303c35c8d
:10324400dbb20cf8083008f101084245f5d1236ad5
:103254000193b9f804c0019b944560681344236248
:103264007fd883427dd29af8023143f040038af832
:10327400023111e7704543d005287ff40daf0af5fc
:10328400805a0622482385f804218af8023103e78c
:103294006ff07c0011e7b9f80470286d9f426268f2
:1032a40000eb8800d4f800c028bf1f46d21a00f5ee
:1032b40081505fb107eb020e0ceb0203f44413f8e8
:1032c400012b9c450270fad1236a019308f110087e
:1032d400019b0aeb081adb1b23629af8023043f0c5
:1032e40001038af80230d7e66ff07c0070476ff074
:1032f4007b00e2e66ff07a0070476ff07500dce661
:10330400b9f804e09c4662687345286da2eb030299
:10331400276828bff44600f58050bcf1000f0dd09b
:103324000ceb020ebb18774413f8012b9f4280f874
:103334002020f9d1236ab9f804e00193019b072204
:10334400f4450af5805aa3eb0c03236285f80421a3
:1033540020d20a238af802319ee6092385f8043133
:103364009ae683426360a26994bf00200120e36867
:1033740020724bf807201bb1204601919847019910
:10338400d9f80c306bb10622482385f804218af859
:10339400023181e69af8023143f002038af80231dd
:1033a4007ae6052385f8043176e600bf00e100e003
:020000040000fa
:020000040c03eb
:0433b400002070473e
:020000040000fa
:020000040c03eb
:1033b8002de9f04f2ded0a8b1d4692ed008bd1e9da
:1033c8000073b5eec08b8bb0f1ee10fa02930b6967
:1033d8000690d1f808800593cc6806d4790731d4d3
:1033e80017f0080630d0202302e02d23b1ee488bd9
:1033f800237008f1ff39012618ee903adff868b318
:1034080018ee100a23f000414ff0000a594508bf92
:1034180050451bd1413d192d04eb060094bfce4900
:10342800ce4912f0e5fdcd4812f0a4fc0097024603
:103438004346214606980ff0a3fe0bb0bdec0a8b5d
:10344800bde8f08f2b23d3e7c146d5e78b45a5f11f
:10345800410308bf8245039309d2192b04eb0600e8
:1034680094bfbf49bf4912f0c3fdbe48dce7302214
:10347800a255b5ee408b039ab7ee009b1a2a06f1c7
:10348800010334bf58227822f1ee10fae25406f113
:103498000206a9f102094ff0000a40f0e180b0eeff
:1034a80049bbb0ee48cb029b9feda5ab002bb8bf44
:1034b80018234ff0000b00bf8cee0b0b07930ef098
:1034c800f7f90bf101030493029b00ee4bcb002ba1
:1034d8002bee0abb079b04dab5ee40cbf1ee10faef
:1034e80004d05b4500f3e08001330493b2ee007b27
:1034f8002bee077bb4eec7cbf1ee10fa00f1d780c4
:10350800b4ee47cbf1ee10fa09d1bdeec00b9fed3a
:103518008e6b10ee103a13f0010f06fe077b38eea3
:10352800078b18ee903a23f000418f4b18ee100ae3
:103538000022994208bf90423ff46caf4ff0000b55
:10354800354659465b4605980538a8422a461fd98c
:1035580088ee090bcde9083107920ef0a9f9fdeec6
:10356800c07bb0ee40bb17ee900adde9072309994e
:10357800002840f09f80002b00f09c800bf1010b8d
:10358800049a0bee498b01339a4229ee0a9bdad151
:10359800d9b9bbf1000f00f0e980029b002b40f382
:1035a800e580fa0700f1e28063192e221a700beb0e
:1035b80005022244302100bf03f8011f9a42fbd1c3
:1035c8005d446fea0b0b0135d944059b0599002230
:1035d8006019013b92450270c1f1020ee254bcbf72
:1035e800caf1000a01220a21baf1000f40f09580c1
:1035f8000eeb030cbcf1010f00f08f80002a03f1e1
:10360800ff3114bf2d222b226254039a023b1a2a3f
:1036180004eb030134bf502270229d420a7001da84
:1036280012f0e6fc07f00303022b12d1a9f10209fc
:10363800b9f1000f0ddd204612f09cfb04eb0903e5
:10364800b04277da4a463021a01912f033fc4ff025
:1036580000082046e8e600bf0af1010ab0ee479be1
:1036680039ee097bb4eec78bf1ee10faf4d5b6ee5d
:10367800007bb0ee475b9fed366b00bfb4eec98ba5
:10368800f1ee10fa7ff50baf29ee074bb5ee404b84
:10369800f1ee10fa04bf29ee069b28ee068b29ee00
:1036a800059b0af1ff3ae9e7ddf810b004e79fed62
:1036b800267b34e731b92bb12e21a154013509f10c
:1036c800ff39012104eb0b0204eb050c2a444ff0ef
:1036d800300e01e00cf801eb9445fbd105eb0b0231
:1036e800039d0928d4bf30305730192da9eb0b0999
:1036f8000cd840f02005613d192d07d8cde90812f6
:10370800079312f03efcdde90812079ba054551cf4
:1037180009f1ff394ff0000b32e7bafbf1fc013b2e
:1037280001fb1caa0af1300a04f803a009f1ff39c9
:10373800e24659e7225c1a54013881e7aff300806a
:10374800000000000000b03f000000000000000082
:1037580000000000000050435c5f040c605f040c34
:10376800645f040c685f040c0000f07ffb067ff5c3
:0c3778002caf2e236355013527e700bf5e
:020000040000fa
:020000040c03eb
:043784000204010832
:020000040000fa
:020000040c03eb
:103788002de9f04f2ded0a8b92ed00ab8fb0b5ee21
:10379800c0ab04938b680393f1ee10fa0b690690a3
:1037a8008a46d1e900750793cc6806d47a0732d4e3
:1037b80017f0080631d0202302e02d23b1ee4aabe2
:1037c8002370039b012603f1ff3b1aee903adff8c2
:1037d80064931aee100a23f000414ff0000849459f
:1037e80008bf40451cd1049b413b192b94bfcc49d1
:1037f800cc49a01912f0fcfb204612f0bbfa009746
:103808000246039b069821460ff0bafc0fb0bdeca8
:103818000a8bbde8f08f2b23d2e7ddf80cb0d4e794
:10382800894508bf804508d2049b413b192b04eb0e
:10383800060094bfbc49bd49dce7b5ee40abf1eeec
:1038480010fab2ee04cbb7ee009b4ff0000819d186
:10385800049812f08ffb002dc0b2c0f26f81672868
:103868002ed1002d08bf012518f1040f02dba84551
:10387800c0f246814ff0650934e000bf08f1010845
:10388800b0ee479b29ee0c7bb4eeca7bf1ee10fa42
:10389800f4dd0023a64a9fed9e7b0be0904505daf8
:1038a80023b92aee07ab29ee079b012308f1ff385d
:1038b80089ee0c9bb4eec9abf1ee10faeed4c7e773
:1038c8008146b9f1660f05f101050bd1b8f1000f7a
:1038d80003dab7ee009b4ff00008672818bf45448d
:1038e8004ff066090023b0ee498bb0ee4abb00bf2b
:1038f8008bee080b089305900df0daff089b90ee0d
:1039080008bbfdeec07b01339d4217ee902ab1ee55
:103918004bbb88ee0c8b0598ead1b1ee047b28ee00
:10392800078bb4eec8bbf1ee10fa73d4b4ee48bb03
:10393800f1ee10fa05d19fed786b12f0010f06fe3b
:10394800088b3aee088b29ee0cabb4eec8abf1ee5f
:1039580010fa62d8b9f1660f08f101085fd1013594
:1039680041464b1b00220a93354605920a9b994211
:1039780040f08280059b002b00f0ab80601900228c
:10398800b9f1650f02702dd1079b0799013b90454e
:10399800e254c1f1030ebcbfc8f1000801220a219c
:1039a800b8f1000f40f09b800eeb030cbcf1000f48
:1039b80000f39580002a03f1ff3114bf2d222b223a
:1039c8006254049a023b413a192a04eb030198bf56
:1039d8004ff045099d4281f80090abf1020b01dae6
:1039e80012f006fb07f00303022b7ff405afbbf1cf
:1039f800000f7ff701af204612f0bcf904eb0b0370
:103a0800864279dd5a463021a01912f053fa002374
:103a18000393f1e69fed408b93e7b0ee49abb9f124
:103a2800650f14bf414600219be7059b5bb9002940
:103a380009da089b4ff02e0c04f803c00123013566
:103a48000bf1ff3b059304eb020c6319ac444ff0f8
:103a5800300e01e003f801eb9c45fbd1099b02eb1a
:103a6800050cabeb020b30330cf1010504f80c30fc
:103a78000bf1ff3b002224e0daf810300895053bf3
:103a8800ab427ff677af88ee0a0bcde90c200b919d
:103a98000df00efffdeec07bdde90b1217ee903a3c
:103aa800092ba8bf092317ee90ca099307f0100342
:103ab80053ea0c030d98b8d16728b6d10029c2daa9
:103ac80001329aee008b0139b1ee488b8aee0cabcd
:103ad8004ce7fb0642bf2e23635501354ee7b8fb82
:103ae800f1fc013b01fb1c8808f1300804f8038055
:103af8000bf1ff3be04653e7225c1a5401387fe79d
:103b0800b8f1000fbff6ecae4ff06609d9e600bf7a
:103b1800000000000000504300000000000000000a
:103b28006c5f040c705f040c745f040c785f040c09
:103b3800d4feffff0000f07f062595e66728fbd03e
:083b480081460625bde600bf21
:020000040000fa
:020000040c03eb
:103b5000f000f0187f1c132117ec7ff40af60f0514
:103b60000805fdfff93c7f540629190d4214497fd1
:103b70004a183619f27ffada67dfdb51f6285a1a4b
:103b8000407f3b03ca00ff0cfe08e20d037f0c00e0
:103b90008104e6b8d20192f9ef15f0197f2b0f617d
:103ba00008ff1eb51b7f92f438b8040e040c7f1179
:103bb000021304115217ef7fec12f716f303f331df
:103bc0007f340e3a21030306107f1b12341b02fdc3
:103bd000f426492a287f32010c00007f0308070ad7
:103be0007b137f686275035110f71cf10416fac845
:103bf00081ca010e0408e004f57ffc1d7f3b1b0415
:103c00003d05f028007ff7f216fa01e906fb0ffcec
:103c10001d7f230b6e081f05223a81381b1633f4d3
:103c200006f781e59d20a81401a8f3538d7f671c3a
:103c300068fcfcfd0181fbfa07f8010d0203020696
:103c4000047f06e7f1e4e07fe8e5fae62a18312c84
:103c5000813b18161e05fc0c881581dc19ea7d0acb
:103c60007f8f2792d908e62ad13b23812303d004f2
:103c700009a7fea18f81fb88fe057ff9ff3af7f6c1
:103c800011f6517f48fadbf503fa0af119fa754784
:103c90007febebe7feb0dbcb27d0734f7f455b6656
:103ca00077247f0f150c040e04efdbf1137f222d18
:103cb0007f33d3d2d928df2c0da9ffee81e7dba01b
:103cc000c7627f6bdd0ae110020a0a7f16eee4ed9f
:103cd000ef0cfa05020111fe12f77f06ee0ae82743
:103ce0007f3e08070f033706177f0b160b1203f5ed
:103cf00005d781c805b6fa10f312d081c305d508df
:103d0000137f20194830202b2bc681bcc932c22317
:103d10001122f70dfc247f26090505f929fb2c7fcc
:103d200021f7da0202f700197c1a357f3ffd7f0c7c
:103d300009c804f9f0f0dd81d8a3cba5b4878bf1d5
:103d4000b5fee981e0f400fb0281eda8fa99f60adc
:103d5000fe0b210f017f171643209cef898a5881a3
:103d6000b11bbe227f2e49d848130c19dc81d9f82b
:103d7000f0f6faf9faf97ff9f69c03f5d8efe315b6
:103d8000e4067f13eefeea2bb12a53814f22c822ac
:103d9000f400eb608151f0f7f3081f09b07fb10523
:103da000fd0a08d904fde7f20b7f181efd22007ff3
:103db000f90321067fc80641dcfa0ee203f7dc05b1
:103dc000147f16fe2b0aff12058e27811731150b63
:103dd000bc00087f0d1b0e2103ec0ab781aa9fb619
:103de000962613320a81051b0a22011302057f0160
:103df00012a11548f245c5fdc67fcf7914b81f72d0
:103e0000247fdb04f1fd2cff087f0e0ed70b07f992
:103e100004ee81e7f8fcf807dbf885b181e59df257
:103e2000d40fc442e023c981d75a0176048141f0fe
:103e3000ce001fe7201c812522522c0f1d0d1f8153
:103e40001d1e3c1de70fe3047f0a0e0b12143b22dc
:103e50001b7f1f07f01afb7f030065fef327f4f0ba
:103e60009feebd81b0082c08117f1317ea150903d6
:103e70000c0ada0b7ffb7704d7f9bfe3bd81a08979
:103e8000a927a205f40a091e0aff7f0cc38ea75fab
:103e9000464284b481f5bfee99c58109bc0e037f0b
:103ea000090c3a09f9fdf41c1917de7f10ef11fd1a
:020000040000fa
:020000040c03eb
:103eb000c7b37fcaca55f9ef037fe1a23fd4d74405
:103ec00009bfe623ed11b0167d037fda7fe6fe0c15
:103ed000f7fa29f1adcd7fddcc41c600377f747292
:103ee00048344a264110c4e7bacfd3d37f28790b90
:103ef0001efcf9daf775da7f07321e7f37672d2847
:103f00002b7feda945e8a962e9bca09381c8d4d470
:103f1000c3e6a42907224213225c7f68d57fd7d14c
:103f2000d8cbfa02f3197f180fc20ff7f9fb07fe7f
:103f3000f7eae029c0d07f72657fff1e1809230bc6
:103f4000ff1e0ae717ec7fc666f630fddef1d77f6d
:103f50004664ec05f604eefc7fbed41c041c7fd244
:103f60007eb127a411362b05e614693e7f7fb8c3c6
:103f70005ccbc701e5fa7fae7d369e243be735abcf
:103f8000205dcd220d810b62627f5a5f4e4de34e64
:103f9000d502dd087f917cdce6d2dccbe1eda4ef3d
:103fa000427f461cbf0d75837f5f1a679fd381e0f8
:103fb00048ca84d188e90fddef7ff8e903e27fcbbf
:103fc0005838942752cf5500070108ec0a367f2253
:103fd000b49ab3ff14f47f307d70f47ff5dbf1b257
:103fe00000af4dcf4919811038d1353ccf2f4081da
:103ff0003569a85f587f57fdcdfe0c29057faa368d
:104000002aee1412f5f60d081208330a117f22fb6e
:104010007ffafff20412ec0c81de87a94bcb9347a9
:10402000a327f1121c331d557f4d000cfb055307d0
:10403000fe7f061116c3167c81f7f9d9246c2ffb7d
:104040002912bf81d2187f2003eb0819eb1a4d7f8c
:104050004feab2ec15ff195e115ef781060fd4101e
:10406000017f0508ba07e4cbe9a5dda20a7f141f8a
:104070000c1b7fed97311fc27afc88b581b3b794d2
:10408000aad89fc156657f2d43367a4c77347f3d41
:10409000354242fe231981c8810c3f0025ec14ad46
:1040a00072c3b67fce0efe106f157f19e10a16edb2
:1040b000124cc8180b7f09511226f7e508f7b3ff19
:1040c0007fc47e79fe7ffdaf025a1b5481d184fcf0
:1040d000e8fe0acd076eb16800810235c32cf58673
:1040e000e314fcfa177f38d60bc7ba7faef60cfa8a
:1040f000ff7f11015df0bd04a0b30934e5070b811a
:10410000114ad37f22d1e8efe501f8f20416e2eb81
:1041100019abd47fcdddc17fa97f15f6220efb013f
:104120007d4f666b137f8f818d136e1affe400d174
:1041300049ca082203e17fe112c226e79c05700705
:104140007f217f1b10f814f38e22f87f01f2d4f93f
:104150000109fbd5dba690b481c22cbef1f3ece8db
:10416000f6e6819b8c5d3f5f44813e26d826eb338b
:10417000fbc9d7ce697f6e1d378efc2cc9302181db
:104180002efadd92bf7e9ced7f211e22157f1ec67a
:10419000b5d5b22610827f019f1efe283d25127fd5
:1041a0002860b15a3a23be0458b14c1d8111ce0685
:1041b00005c207e57feb2a322e0213f3297f3b4b22
:1041c000bc694081545ece6ca58195b1ca98ef1749
:1041d000f17f4c7520ad2c05cfe7417f48d4d4bb8f
:1041e000fd4d0271223826810161142f28bf7f11f5
:1041f000eb6702fd30073af01f7f251603f42ca56c
:104200003263cc5b46815d86bf81ef57f702f813be
:020000040000fa
:020000040c03eb
:1042100003a42d00f9fbfe041efafdff08fef7fdc6
:1042200003f6fd005f0100000381fbe00200fefddc
:10423000fcff7dc1ff04fb01f800fe0306f701123d
:10424000f70bfd21fc47060108061f00fef40902da
:1042500008f70d0007fce6fd0402fc030f0004eb69
:10426000fc81f9fd04052be90200fef5c8010004fc
:10427000f935020406bcd00113ec0718ef8cf2d715
:10428000003ac8003208e809fa92050501000d0e4f
:10429000ecf881ea05f40d0a5f00f99ed313f72cc0
:1042a000fafb121503c408fffc032206ffbefc083c
:1042b000fefec300fb00dcfbff03fdfff800f7fe82
:1042c000f61c021402f91309010005b98102f80570
:1042d0004be21a4ab429f3eb35a4c412221abb11db
:1042e0000002eb00d8033fd481206cfced003c259c
:1042f000fd081e26a9dff8f72300fe06f7e1feaf52
:1043000018050f320c1afb027f01140f150f0ff363
:104310000a21fa00040625fe3127032c2800eb337e
:104320000d1e2c1303ff121cd50006060d1d08de02
:1043300002987700fbfbfcfe10fd01000f02fffc62
:1043400000fc01007200ff02055afcb7ff000600e6
:104350000207ac8102060001ff0001ff04f6f6fe31
:104360000201ffee04ea0ffafffe20120000f2fc49
:104370000df5fd00030deff0ec0813002a00ff150a
:10438000f0250502ffff5881fd009c0b160501fd7d
:10439000f4338800fbfb26080600f1f9d714fde989
:1043a000023bf8002b0056fffd16fb010200f51939
:1043b000e8ec1f81070af7010800f50bee08221c44
:1043c000f6f4090701fe8e04f0012ae605ff03203a
:1043d0000424fc00fa08b1f70513fafceb00f8f12d
:1043e0007f05110c07f7d9dbf300f4f501fe0e127f
:1043f000f411061ad5ed26290be96b38fb08cb26fc
:104400003726ee000a3081cbac0743f3ab00f80d42
:10441000281e000edfeae0f3ed0001f1e505f1ec06
:104420000c0a28270bfdfd1e7f013cf3f7f006dc8c
:104430004158a7000a2afb022b091025040004fb9f
:104440003734042300d40f09020015081b2b14fc79
:10445000fe31ec01fe0000020e0104020dfefeff23
:10446000ff060000f500f70104f6fd8100000008da
:10447000ff040b0901000504fc00000102ee03fd2e
:10448000fdfbfd0dff380a09030b0a0cf60bfafec3
:10449000fae80a00fc0ff101f3f70701ee0000351e
:1044a000ea16f8f9010365810000d6fcf103021356
:1044b0000c862ef9010704269919d8e0d41c440073
:1044c000f6cc1100b0215d071181e9d13f00f7075b
:1044d00020bd8e5302f2e2e20300fa100c6d1503c8
:1044e000f7e8170c02ec27f6ab0852f4021b130b8b
:1044f000027fc400fde689c6000df7f09e00f32a96
:10450000bc010806fdd3f3eff500ecfedefc39320a
:10451000f90dea0fd6faea3a10f5f22e8105f713f3
:104520000c0c0d00092419dcbd031fe2f000080f7c
:10453000eafb07edde01e7fa0200f8f7ee6838ee75
:104540000a151205071dfe327fff0504f60e07e768
:10455000f775a70019f82ff74021102af900fc0180
:10456000fe242b1007e91b1dfa0002112765daf360
:020000040000fa
:020000040c03eb
:104570002de9f04f2ded0e8b9bb0b0ee40aaf0ee82
:10458000609a359d0c93002d2bdd012d1c46169352
:1045900003f1c80300f07f81022d179304f5c8735f
:1045a00005d0032d189304f5167300d01993359b8d
:1045b000c824399e04fb03f40c9b399f234403f168
:1045c000c805336003f5c8767d60359d022d06d0a1
:1045d000be6003f51675359e032e18bffd6023449b
:1045e0000c93359b04380139369f5e1d0e90ac4c00
:1045f00013ab06eb46050597b0000d93cde90f12fe
:10460000aa0009900792a0f1140208923a461832c3
:10461000049207f16002119294e8070083e8070012
:10462000a04b0022c3e90022c3e902220d9b33986c
:1046300053f8041b0d930e9b53f8042f0e930f9bfe
:1046400013f9015f0f93109bb3ec017a1093329b27
:1046500090fbf1f093fbf1f300fb03f40693349b22
:104660000a9003fb04f4002c0fdd013a0c9814446b
:1046700012f9013f5b1ba24207ee903af8eee77a8f
:1046800067ee877ae0ec017af2d107ee901a0a9b86
:10469000b8eee7ba002b00f08180069b002b7dd09e
:1046a000079a03fb02f30b930c9b14330293002332
:1046b0000193029f0026ddf814903c460397009674
:1046c00014ed010ab1ee400ab7eec00a09f068fc29
:1046d000b7ee007b359b30ee070b87ee006bf7eef5
:1046e000c6ab002b41d0089b16afdff8b8a1a3469c
:1046f00003eb04080126bbec010ab7ee00cbb1eed8
:10470000400ab7eec00a09f04bfc30ee0c0b8cee01
:10471000007bf7eec7bb6beeaabaf4eeeb9af1eeb4
:1047200010fa1cd8daf80050092d18dc002e5fd1e1
:1047300005eb85023b687dee087a013538ee897a13
:1047400003eb8203002683ed00dac3ed018ac3ed9b
:1047500004bac3ed027a83ed037acaf80050c34568
:1047600007f104070af1040ac5d1099b09f10809f8
:104770001c44049b9945a3d1079b039f009e1f44a3
:10478000069b01369e4296d1029a0b99019b0a44e0
:10479000013302920a9a019393428ad1059a049bab
:1047a000183218330592119a049393427ff43eaf66
:1047b000359b002b16dd389b0df15808399d1e1fc7
:1047c000089b384f2b441c4655f8041bb0ee4a0a90
:1047d00057f8042b58f8040bfef7f6f9ac4246f8ec
:1047e000040ff1d100201bb0bdec0e8bbde8f08fa3
:1047f00014ed050ab1ee400ab7eec00a09f0d0fb8d
:10480000b0ee40eb14ed040ab1ee400ab7eec00a78
:1048100009f0c6fbb0ee40db14ed030ab7eec00aa8
:1048200009f0befb99ed007a54ed027ab8eec78b21
:1048300028ee008bb7eee70a09f0b2fb3eee0ceb78
:10484000d9ed017a3dee0cdbb7eec88bb8eee76b25
:104850008cee0e7b8cee0d5bf6ee008a26ee000be6
:1048600028eec8dab7eec09b68eec98ab7eec77b00
:10487000dded007af8ee677a37ee277af7eec57b42
:10488000abee07da9ded017ab8ee477a77ee877adc
:10489000ebee278a4ce7399dc8242b609fe600bfca
:0848a000985f040c2c84042035
:020000040000fa
:020000040c03eb
:1048a8002de9f041aeb00646154605910027059959
:1048b8000b78002b00f0fa8000244ff0ff33cde98d
:1048c80009430eab0c9380230b940d930b5d0bb136
:1048d800252b26d134b12246304610f087fd059ba2
:1048e80023440593059b1a78252a40f0d78003f1c5
:1048f8000108cdf81480059803782b2b1ad025d8f9
:10490800202b1bd0232b1dd02a2b27d010f0d0f919
:104918000b90059b1a78303a092a2ed80133059353
:10492800f7e70134d2e7099b43f00103013009930b
:104938000590e0e7099b43f00403f7e7099b43f080
:104948000803f3e7099b43f01003efe72d2bead0a8
:10495800302bd9d1099b43f00203e7e72b681a1dd6
:104968001b682a600130002b05900b9305da099a21
:104978005b4282f0010209920b93099bda0744bf5c
:1049880023f002030993059b1a782e2a0dd10022e1
:10499800581c0a9205905a782a2a25d10233059381
:1049a8002b681a1d1b682a600a9305a810f000fde1
:1049b800059b0390187811f0ddfa6928039979d0de
:1049c80032dc632800f0cb8019dc252800f0d98080
:1049d800612853d000234ff0ff32cdf8148009939b
:1049e8000b930a920093d4e010f062f90a90059ba9
:1049f8001a78303a092ad8d801330593f7e764289a
:104a080058d06728e6dc2a4606a810f00dff0028d3
:104a180000f0a180059b5a1c05921b7806aa09a9db
:104a28003046fef7adfe38e0702873d015dc6e28ee
:104a380000f08c806f28cdd12b46002206a80ef0fe
:104a480025f8002800f08780059b06aa013309a9ec
:104a5800304605930ff044fa1fe075283ad07828bd
:104a680048d07328b6d1802975d1059b2a680133af
:104a78000593131d2b60126800237de02a4606a8c3
:104a880010f0d2fe002866d0059b5a1c05921b78b0
:104a980006aa09a93046fef78bfc04443c44a74209
:104aa8007add3e4b4f221a604ff0ff3738462eb062
:104ab800bde8f0812b46012206a80df0e7ff00288b
:104ac80049d0059b06aa013309a9304605930ef083
:104ad80033f8e2e72b46002206a80df0d7ff00289e
:104ae80039d0059b06aa013309a9304605930ff072
:104af80067fdd2e72b46002206a80df0c7ff50b38a
:104b0800059b5a1c05921b7806aa09a930460af08b
:104b1800c1fdc2e72b460022f02106a80df0b6ff22
:104b2800c8b1059b01330593dde9062313430bd177
:104b38001b4811f01ff9099b009319490b9b02466a
:104b480030460ef01dfba8e77823dde72b463a191f
:104b580006a80ff099f8059b013305939ee7802975
:104b6800f9d1059b013305932b681a1d1b682a6030
:104b78008df8183006aa012309a930460ff0f4fc75
:104b88008be78029e7d1059b01330593099b0093a7
:104b98000b9b04490122d3e7274688e68884042032
:084ba8002460040c2a60040cd7
:020000040000fa
:020000040c03eb
:104bb000df180000b92c0000ab3b0000b34100003f
:104bc0007f3f0000582a000059e9ffff5a470000c4
:104bd00036270000591b00005454000080170000c5
:104be00088350000a8340000d04d0000b6fbffff60
:104bf00090080000e30f0000715e00004df5ffff1c
:104c000076360000f8390000b72f0000bf0c000016
:104c1000c6170000ea3a0000f82f00002800000044
:104c2000fa0a0000e5090000c80c0000be350000cb
:104c300064e7fffff3edffff792e00003e41000027
:104c40003a300000ba470000991900007a0e0000bf
:104c5000a11f00005bfeffff69ebffff1bf2ffffe0
:104c6000c6f8ffff431c00002607000003390000c0
:104c7000c8240000280300002a200000275200005a
:104c8000e31c0000aa5e0000014900000cfbffffce
:104c900009ecffff663a00002cf3ffff61250000de
:104ca00072080000fa680000432e00000e2f00007a
:104cb0001f2d0000cef7ffff0f5300008ee8ffff0f
:104cc00009edffff2eeaffff07f7ffffcd270000ea
:104cd00061190000fb0f0000f00700005bd9ffff27
:104ce00088edffffc5fcffffe001000035f3ffff8b
:104cf000a7eaffff7e36000026040000bb04000088
:104d000033250000ca0b000096fdffffd111000003
:104d1000b300000084fbffff69fcffff393f000088
:104d2000a1fbffff0f44000069240000965f000014
:104d3000ceeeffff7c28000043f0ffffe2e7ffff1d
:104d400042dcffffd4030000ec020000d61c000090
:104d5000c3010000f6f2ffffd90c0000a11f000004
:104d6000b050000065faffff4f020000383100002c
:104d70004e170000fd1000009512000078eeffffb6
:104d800065440000176500008af3ffff131100005f
:104d900055f3ffff77fdffffbe530000d700000073
:104da000a8f3ffffa53b0000bdeefffffd140000d0
:104db0005cf8ffff7bf6ffffc128000077fbffffd9
:104dc00082feffffafe6ffffbce6ffff51f4ffffef
:104dd00097340000f80b00007fecffffe1050000b6
:104de00020f6ffffc3090000d7f2ffff1aeeffff16
:104df0001df4ffffe4f3fffff1eaffff45e2ffffd1
:104e0000bc1f0000c2f1ffff54feffff8efbffff3f
:104e100010f7ffffa22500003dfaffff111f000061
:104e2000c118000042e3ffff794a00002e6a00002b
:104e3000621800006811000034d2ffffa3020000d6
:104e40003d020000a3f7ffffe3f7ffffcd180000ce
:104e5000b25b00003f2900009c01000030140000fc
:104e6000105c0000406a0000c9000000dae3ffffa8
:104e7000faf9ffff14ddffff900d0000f4160000ab
:104e800017080000600f00004be5ffff223b000009
:104e90002639000076deffff2f0100004a70000077
:104ea0006c22000005210000342700007753000029
:020000040000fa
:020000040c03eb
:104eb000326c00005a5e0000c5f4ffff1cf6ffffd5
:104ec0001e49000093230000b8130000d0d1ffff5b
:104ed0005be1ffff57010000bcf1ffff6e23000004
:104ee0007d520000ea1b0000fd1f0000ca6f000099
:104ef00041260000800f0000240f0000bb090000c5
:104f0000c9060000e52c0000f4090000a00d000017
:104f1000813e0000ed3b00004fc3ffff5a0400003c
:104f2000f0deffff1f5e000030420000763300001d
:104f3000ea00000022a6ffff3b2700004c1c0000f7
:104f400030070000da03000069150000db280000cc
:104f500025120000fcedffffb24e0000a04900004a
:104f6000133d00005ef0ffff0105000053f2ffff5c
:104f7000593200001f070000aff7ffffac20000010
:104f8000492a0000790000008bcdfffff6320000b7
:104f9000e10d00009be7ffff30fcffff7cffffff00
:104fa0004a02000047e7ffff2c1a00007f0f0000b5
:104fb000ebf6fffffef8ffff52d4ffff360c0000b8
:104fc00004480000403c0000cce3ffff5212000008
:104fd00057230000003700001429000041000000a2
:104fe000713000007a330000034d000019c5ffff47
:104ff000274d0000ddf4ffff57feffff8cfaffff97
:10500000e5f9ffff810500001f4800003ee7ffffb4
:10501000d0420000c5220000eb1a000094360000c8
:105020007af5ffff1c220000dd060000cc2f0000f7
:10503000e30d000083fcffffe22a0000561400008d
:105040007cfaffffbaddffff882300002315000074
:105050007de6ffff62500000bedcffffdf2700009f
:105060003f040000690500000c0400007e130000ee
:1050700026f7fffface5fffff50e00001f2d000037
:10508000374a000085f8ffff660d0000601600003b
:10509000da2f0000a0440000513e00002a2c00003e
:1050a000f82b0000464200005e020000e8fbffff14
:1050b000de1e000072ebffffa92300007beaffff6a
:1050c000191f0000a70c000014140000dd180000d8
:1050d0001e0700001c1600000e120000790f0000d1
:1050e000b5e8ffff94050000f5110000121a00005a
:1050f000921b000019160000d1270000b6fbffff2d
:10510000ae2f000079fcffff532600002c6a000040
:1051100080030000861f00007befffff37eeffffdc
:10512000803f0000981400002bd8ffff69ebffffc1
:10513000474800009b420000ae2e0000654c000076
:10514000ed2000009a320000cf160000271000006a
:105150001406000057110000a83d0000fb0e0000df
:10516000120e00000deefffff2deffffe70a000067
:1051700087f5ffff954300008c000000fe3700001c
:10518000f3fdffff50290000032b00004421000025
:105190004ae9fffff6370000c01d0000dafaffff02
:1051a000571f0000effeffff1b0600001f2400003a
:020000040000fa
:020000040c03eb
:1051b000b23000005adbffff260100002fedffff99
:1051c0000d1c000095f0fffffddffffffde8ffff76
:1051d000d6ceffff56350000432f0000a11000007f
:1051e0009312000004400000f202000098b3ffff99
:1051f00013f2ffff7bd1ffff5beaffff56e5ffffe6
:105200000f160000530a0000a30a000067220000e6
:10521000b4130000d4e8ffffa803000034370000f7
:105220008ad8ffff720800001c1c00003223000017
:1052300015e2ffff6474ffff0b29000052260000f7
:10524000b2d7ffffeb470000d0ceffff1f210000c9
:10525000f4c8ffff15e5ffff95d4ffff5e120000c5
:10526000ab3400001845000090f8ffff51e9ffff44
:1052700010e9ffff62090000c4020000a7f0ffff71
:105280000800000011060000a6560000812a000058
:10529000531a0000982800009ef6ffff632f0000bd
:1052a000a4400000dbd5ffff70190000ab1e00001a
:1052b000c235000046240000e9b5ffffa8a1ffffaa
:1052c0003ae6ffff173200008fecffff4be1ffffd4
:1052d000e7eeffff84ffffff79f6ffff5ffeffffb2
:1052e00092f4ffff4b17000020e0ffffba0c000014
:1052f0006610000074defffff3200000b1300000f4
:10530000522f00005f4a000082250000d3eeffff0d
:1053100071c7ffff1ff1ffffc5f6ffff5000000040
:105320007a1e000078d9ffff36d2ffff492d00001a
:10533000b21e00006fc8ffffbc1400001640000042
:105340008c050000774300003cf6ffff415c000045
:10535000db070000ef3f000033f9ffff432d0000a3
:10536000ba3b0000f33700004d1a00002ff0ffff9a
:10537000ed5f0000f1d7ffff2b3000003d2400005f
:1053800074260000c12400000d2d0000a5e9ffffd8
:10539000a74d0000ef060000b0f0ffff340700004b
:1053a000c8560000df0400006a12000076320000d8
:1053b000b55b00000de1ffffb7dcffffc713000086
:1053c000120e0000e1dbffffd92c0000370d0000ba
:1053d000ce2700008c3f0000472f0000584f0000f0
:1053e000492200006d3f0000090700005afcffff42
:1053f00074f1ffffc823000090e6ffffa50b00003b
:10540000390b0000d22900002ae0ffff39f9ffff25
:105410007cf5ffffac420000db060000b20a000092
:1054200013740000e4040000c60d0000fc0c000032
:10543000551800007afcfffffa4f000027f5ffff28
:10544000d71c0000951c0000031b000091fdffff0e
:10545000572100009c2c0000e0feffffc32e00003f
:105460006a150000def1ffff5d2600005e0d000002
:105470001015000065fcffffbcf5ffff53ffffffa9
:10548000ae1900002f18000008280000eb010000f2
:10549000cec5ffffeb02000039eeffff5dfdffff11
:1054a00018230000551b0000c0020000ddfeffffb6
:020000040000fa
:020000040c03eb
:1054b000e1380000491c00009cecffffce530000c7
:1054c000e0f3ffffb830000078390000ee6700001d
:1054d00015bfffffe1e5ffffbb2700001ead000089
:1054e00091250000290600008e0b000031380000d5
:1054f000bf3c0000414600008beeffffba050000f4
:105500001f130000281b0000b1efffffd77600003b
:10551000ff1200008113000036340000900a0000e2
:10552000a37800005e1b000074f2ffffe348000058
:1055300053540000d06b0000b51600000e1100009f
:10554000df970000490700007c000000050600000e
:105550003ef5ffffb91f00007ef8ffff5018000066
:105560000aaa0000e01a0000cd14000013f4ffffa7
:1055700047fdffffed3c00000bd6ffff0e060000cd
:10558000b823000022fdffff33f5ffff30020000cb
:10559000a3dd00005edeffff0aeaffffe0f0ffff91
:1055a000a04700003afefffff93f000057e8ffff69
:1055b00078000000ac1600005a670000a7dcffff6f
:1055c00072060000d5e8ffff87c6ffff60f5ffff0a
:1055d000cd06000065f0ffffccdbfffffa3e0000c8
:1055e0007d260000c7eefffff2a800001fd1ffffdd
:1055f000e96300007dddffff8ce2ffff6bfeffff34
:105600002debffff0a1600003d4300003ee9ffffbf
:105610004211000032fdffff0d0c0000cbf2ffff36
:10562000450800003cf4ffff3723000001040000a0
:105630002f230000ef3f0000e40800000e070000e9
:10564000ed2100007d0c0000e7daffff20370000ad
:1056500077fdffff041f000056e4ffff07fcffff7c
:105660009affffff281000000deaffffa8eeffffe2
:10567000f5040000af17000023f5ffff9fefffffc9
:105680004c14000028fbffff82360000bb3b0000eb
:10569000e1f7ffffcf1d0000d9f3ffff4ff8ffff39
:1056a00015140000a20a0000c30f00001d20000016
:1056b000bfefffff2be6ffff65ebffffccd1ffff46
:1056c000b0efffffb52200005d2500008032000032
:1056d0004732000031f5ffffc1f2ffff72ddffff2f
:1056e0007ef8ffff8d030000153500004204000026
:1056f000f60600008f0b000015090000521500008f
:1057000042d0ffff86ffffffd0fdfffff811000032
:10571000d218000034f8ffff4deeffffc704000071
:1057200012160000c2210000c81d000090e6ffff15
:10573000bc200000b707000019e9ffff47fbffff8f
:1057400077ebffffc90d0000a7daffffc2effffff5
:10575000fef0ffff46faffffbbeeffffd0e3ffffc7
:10576000f4270000b8fdffffd1d3ffffd20f0000e8
:1057700000300000c0f5ffff42030000b5f7ffff57
:105780002df9ffff17ffffff630600005ce7ffff37
:1057900051edffff4ff5ffff26f3ffff1dfaffff5f
:1057a00044110000c3f2ffff3df9ffff02f1ffffcc
:020000040000fa
:020000040c03eb
:1057b00097bc0000643400006b2000000d2c00003a
:1057c0009d310000a658000019300000005900006b
:1057d000afea00001e010000001c0000856100000f
:1057e0007c2a0000bd450000022a0000bd5c0000cc
:1057f0003a400000bf4c00002a090000bd3a0000fa
:10580000d0e4fffff03100003037000045d9ffff42
:105810007d42000004360000b63a0000c574000066
:10582000c4a10000bdbf000018e1ffffb2160000d8
:1058300044850000f61f0000b56f000058edffff23
:10584000cc33000012290000d9e4ffff862c0000b1
:10585000a51a00004f0b00008e3e0000626f000092
:10586000fa44000043280000237d0000a08f0000c0
:1058700059e7fffffb2300003629000019eeffff68
:1058800085fbffff2efeffff4f180000d7660000cc
:105890008d5c00003e120000ea0e0000435c000038
:1058a000fe6500004df6ffff3afeffff46fbffffdf
:1058b00064070000ba460000a2cfffff8e4b000035
:1058c000948400008f5000006c4c0000a6f8ffff8d
:1058d000e532ffffc92f00000c180000226900000c
:1058e0009722000057fdffffea5500008f4d000092
:1058f000f068000052010000414800007d050000f2
:1059000040f6ffff6f730000398a0000373bffff4e
:10591000a479000048760000b6af0000fb23000029
:1059200077340000f900000069faffff0c04000062
:105930004a550000fed6ffff8d3f000043caffff1f
:1059400068460000753e0000a56bffff10040000d4
:10595000d92000005faf0000c062ffff650b0000b0
:105960006ffaffff5939000048fffeff7cfaffff86
:10597000822a00006423000037eaffff29a100000b
:10598000f7fbffffcaf0ffff4e9700003544000011
:10599000b63f0000cefcffff32f9ffff715f000051
:1059a0005a77ffff59fdffff0cf8ffff500700007b
:1059b0006b650000c2400000ebf7fffffd7e0000ba
:1059c00099120000bb630000b72d00007038000082
:1059d0003ef9ffff910e00002b660000c111000090
:1059e000115100003331000014390000f685000029
:1059f0005d750000a684ffff1bb50000dbbfffff45
:105a000066d7ffff237d00008e3bffff5398000009
:105a1000c18500003ee9ffffdd5dffffededffff0b
:105a2000b0e4ffff103100007c71ffff482c000044
:105a300041f8ffff5f180000453a00009d2d00006f
:105a4000203a0000c36d00004e81ffff7dc2ffffc2
:105a50007eebffffa3f9ffff0a0d000035e5ffff16
:105a600072e2ffffdadfffffb034ffff6476000071
:105a7000fafaffff67ccffffd7cfffffb28affff25
:105a8000c8eeffff76e5ffffa6600000852a000054
:105a9000cdfcffff553900002a1500005ad9ffff41
:105aa00022fcffff9adbffff0058ffffc6f5ffff58
:020000040000fa
:020000040c03eb
:105ab0004fc4feff1ffbfffffdf60000a9ea000038
:105ac0001ca5ffff9937000007250000650affffae
:105ad000eaab00003b170000900cffff900c0000a9
:105ae000342a00000809ffffab1d0000dbd0ffffd8
:105af000d304000086dbfeff89f8ffff9fe5ffff70
:105b00008524fffff719000044420000331700000e
:105b1000980f0000d463ffffa4050000af32ffff21
:105b20004c770000511700001523ffffb736000027
:105b3000229e00007447fdff09e7ffffd77fffffac
:105b4000fcddffffd626ffff10b6feffdf170000cb
:105b500004b8ffff123901007641ffffa93effffa5
:105b6000bf230000a2d4000058d90000c073ffff7b
:105b7000ec64ffff09130100580e0100af29ffff7d
:105b8000d407ffff735f0000aada0000fc000000ea
:105b9000132dffff7c3e00003571fefffa1e010051
:105ba0003c0000002131ffffc650ffff563b0000c4
:105bb000837e0000c99e00006e56ffff9e6e0000af
:105bc0000275ffff9cf2ffff03a7feffb644000033
:105bd000a728000032cdffffca410000a6f8feff53
:105be000715f000064c3feff4eb8ffff05ecfeffcf
:105bf000c8edffffcb5200004f12ffffb93a000083
:105c000089ceffff23140100c43bffffeee3000039
:105c10001b02ffff162effff7aceffff5518ffff76
:105c2000a48100007dd8ffff898d0000e267ffff9f
:105c3000b6fbffff8222000045e3ffff4cd1feffd1
:105c4000b34c0000e7f0feff69dcffff576effff7b
:105c5000098b00007cf2ffff15d1000000b7feffaa
:105c60001f89ffff1a8300003bfaffffd7e9feff01
:105c700063c7000036e1feffe31d00003d4d00005c
:105c80003562ffff65da0000fff0ffff0760ffffee
:105c90002bbdfffff3acffff0becffffb8e2fffff4
:105ca000cf280000f12000000dc9ffff68defeffd5
:105cb000c4b0ffff0da30000f6ffffffbbc4000050
:105cc00068e7ffff8ae2ffffadb2feff9cebfeff3d
:105cd000896100002b4c0000e3e2ffff355000001b
:105ce000f9fdfeff0c46000085c9ffff061b000002
:105cf0001c0200003ce8ffff3a3200009ac300009b
:105d000097fdfeffb084ffff3a8bffffa1afffffbf
:105d10008cb80000447c0000d5ba0000f6cb00002f
:105d2000d7e5ffff7ef6ffff8d33000036830000ce
:105d30000b6a00002902000031e1feff1f6effff29
:105d40007df0ffff8016000062e8fffffdd7000036
:105d500066c6feff99e50000aefcffff4f6afeff3e
:105d60003ff1ffff8b5c000056ac000088b2feffe5
:105d7000af2fffff55eaffff0724ffff6cf5ffff82
:105d800027f5ffff75110000b34cffff91330000b2
:105d90007d3c0100e7faffff3d17000082c9ffffcd
:105da00056ebffff37470000eb5a00006fe9ffff9b
:020000040000fa
:020000040c03eb
:105db000e8ddfffff10301007befffff173e01006d
:105dc000b15d0000a2b300004c550000830d01003e
:105dd0006da00000940d0000270b0000c13d0000e5
:105de000a4640000813b0000e14500007bd5ffff7b
:105df000788b00001fe3000012790000c0ba000099
:105e0000ab7800001d7c0000b5900000de5500005e
:105e1000db150000b43c0000b62700003b31000059
:105e2000b42effffb3e7ffff16cc0000e62b000007
:105e300016d6000004e1ffff5197ffff72510000ea
:105e4000f258ffff43e9feff96a000000a1d000084
:105e50004c770000b3f90000da1c010051d5ffffb8
:105e60002f990000211e0000aa5e000056b200001b
:105e700027d50000b41400000f9f0000a7c8000041
:105e8000450dffff49a2ffffe92600002921000080
:105e90008d9d000065880000d7db0000152e0000f6
:105ea0005afeffffab7200003c480000657900001d
:105eb000cf5300001a0f000069d3000040cdffff50
:105ec00047cf000058f3ffffd8fc0000d1e60000e8
:105ed000bdc00000173f0000786e00007d910000fb
:105ee000365301009489feff186100001b51000029
:105ef000e2570000c9a90000b32f000051ffffffc7
:105f0000180500002b190000c42c00009b30010074
:105f10003d5f0000439b0000632f00005763ffffbd
:105f20006042ffff1624ffff7d9f0000300fffff40
:105f3000ae27ffffed86ffff24d8000007feffff1e
:105f4000c36f00007bdafeff924500007be3feff9b
:105f5000860e00001f36ffff50650000d55bffff77
:105f6000ed020000a26f0000bd29ffff4b110000f1
:105f7000e0f2ffff914f00008fb3ffff202b0000e6
:105f800071d8feffb09cfeff78120000e908000007
:105f9000792effff4a160000cb3bffff48c9ffffe9
:105fa000f81500008d7e0000e78700004ef8ffff27
:105fb000c862ffffed56000017bcffff600cffff3b
:105fc000829dfeffae590000410d0000f76c0000fd
:105fd000a9580000e7bffeff11100000c3dbffff60
:105fe00097ebffff8548ffff683a0000b5ba000055
:105ff0008440ffff43d4feff0d73000009eafeff5b
:10600000a3a600000e1effffa7d8ffff0d32000061
:10601000936d000067030000333effffe8070000b8
:1060200082c4fffff4f7ffff3c16ffffab96feffb5
:106030005bf9ffff92ae0000b834ffffadbd00007a
:10604000def4ffff1abdffff7fe2ffff896cffff59
:106050001b060000acacffff0c5000006cf0ffff13
:1060600027070000004dffffe5430000fdeeffffa6
:10607000f10e00005c460000efc4ffffaf240000fb
:10608000e83cffff7f29ffff42dfffff3ed5ffff18
:10609000e81b00009c6e000035ceffff752000005d
:1060a0003019ffff2158ffff730d0000175000004b
:020000040000fa
:020000040c03eb
:1060b00079300100a00001005bb70000676b0100b0
:1060c0006d54010003480000f5450000c1d9fffff1
:1060d00095a00100272c00006c570000cfa70000fe
:1060e000c4230000b63b00004b1f0000e755000032
:1060f000884c000072efffffa67c0000ed27000037
:106100003220ffff17500000c9c600006ffbffffe1
:10611000c70c00000cf2000025cafeffe1000100e0
:10612000443a000077790000445201008b320000ad
:10613000a00a0000ad8fffff1a3a010092b20000e2
:10614000657400002110010094d50000ee9dffff52
:106150000a2e0000de200000e0780000f3e40000da
:10616000501900008c19ffff403e000021870000fd
:1061700075cbffff51520100b0620000340d0100e9
:10618000f2cdfeffd90300001c7501000263ffff82
:10619000341200002726ffff70da0000eb1e00001b
:1061a00054faffffbd7200002e070000a7fb00009d
:1061b00097850000c88dffff76550000aee2000015
:1061c000a5490000dab20000d7f2000038fefeff59
:1061d0002639010074bdfeffe16b0000e50c0000f4
:1061e0000925ffff90a500001afdffff44130000e2
:1061f000241d0000cb0e010033df000081e9ffff0a
:1062000078b800006eb0ffffabf7ffff752001000c
:106210000beb000026d800008feb00000e5f0100a2
:10622000064500008db9fffffd7d0000a0ef0000d6
:10623000d818000044f9fefff168ffff27ebffffcd
:10624000fc44ffff4075ffff1c40ffff3f18ffffae
:10625000d8460000a13effff7691000098f4ffffb2
:10626000af0b0000e1a6feffe3190100082affffc3
:106270008160ffff344dffff34a8ffff824701001c
:106280003a85ffffc3afffff3260ffffc0d1ffffc2
:10629000592f0000d0ffffff14900000ce2c00000b
:1062a00039cefeff61910000fc560000e0adffff1b
:1062b0008f31ffff649100005a9d000055c8000017
:1062c00010c0fefff2afffff876bffff3b450000f2
:1062d000e04cffffcb1a0000d9bcfffffae800003a
:1062e000d7c5000042a9ffff2821ffff88860000d4
:1062f0005004ffff1089ffff688d0000f1d5fefffd
:10630000123d00002f5200003716000005f4feff7a
:1063100034c2feff7fd20000302b0000480dffff8b
:106320001fe8ffff27cdfeff6123ffff9a3e00001d
:10633000c1f6ffff56e4feff864400002225000060
:106340003f1a0000c99cffffa992000088c8feff09
:1063500061eaffffbcdafeff3b57000000250000aa
:1063600070290000fb5a0000ab090000b83400009f
:1063700033170000a51a0100b80600007458000089
:1063800078befeff596b00009c8200002ea6000024
:10639000ade6ffff098d0000a4fe0000293d0100cd
:1063a000c1bfffffdf0d0100739200001f81feffe0
:020000040000fa
:020000040c03eb
:1063b000953b063c083fb43b3bab813bff054c3b68
:1063c00023e89d3b0b9ba73bae449f3b6f86893bdd
:1063d00047bc013c10339d3bb8fa6d3b408bd63b2c
:1063e0008f988e3b78f0883b77fb893ba434f13b58
:1063f0000becaa3b0fc4b43b44b2413b7d627e3bf5
:1064000031849e3bad9c9e3b71fcd03b8ff3bf3be8
:106410008a1c953b96896c3beb90b33b15a3ac3b38
:10642000435b023cf36bc93b386ac93b05264b3bd7
:106430004276ff3bd826a23bb681ab3b7f91803ba7
:106440008a36593ba8ef8f3b8632003c515df83bc2
:10645000559aec3bec31043c6ef8ea3b8c06d23b9f
:10646000d8138b3ba318c33b73a8073c6d6ca03bb0
:106470009c86853b607ab73b38cbb33b3212803b7e
:10648000fea0f03bd2a54b3bed0f4f3b6992a73be3
:106490001d85193c6d72a93bf567173ce1c8b73bf8
:1064a00098fdd83b3ac47d3ba0f5b23b6cebc73bb3
:1064b00000d2ce3bae92fc3bd7a47b3b5213b23b07
:1064c000857ee53bf30da53b3b23ef3bb8cc803b02
:1064d0009fa4d23b65fbcd3bed3cfa3b3068b13b22
:1064e0002192d43ba0ab1d3c3fd4df3b171b0d3c9e
:1064f000f75b063ce44b463bbe11083c51c9093ce6
:106500004182aa3b2910a73ba3c9f13bcf72fe3bb6
:10651000a4ee0f3c3c23043c5b09693b07ec023bc7
:10652000ed76fe3b06910c3b8c30b63bac73213bc9
:1065300078d5dc3b43c1823b256dab3bea7b8a3b94
:10654000b07b613b1f41c53b6a00fe3b6aa8a93b8b
:1065500075e6a23b8643bc3b4747fb3b9fef813b35
:10656000b8c1153b15bbc13b4b5ee73b30db833b02
:10657000afed9d3be2430e3cdcf8923bf904d93b86
:1065800033b3343b9b310c3b460ad43b803aa53baa
:106590005272ab3b3c02843bdd12393b6515483cf3
:1065a000a1d0f53b5981493b04c2623b49f6c13b4e
:1065b000972ace3ba851b03b5e15413b42dc143cd0
:1065c0002044093c5c54a23b172aa03b5fbbd43b50
:1065d00039c2ab3b890f7f3bf84cf73b6d20c93b81
:1065e0009e81043c0f990b3c86582d3c6c96c33b16
:1065f000eb83ca3bb1448d3b21a6a03bc3ddcd3b21
:10660000a6fb673b1b68f83b31e3c63b94ba123ce0
:10661000108ea43b8aec463bff91a13bf0f7683b10
:10662000b7c28a3b645f753b635b4c3b234cb33a18
:106630000035a53b72bff53b7b60613bb0a6f23bea
:10664000e702b63b499fdd3b6459003cff7af93bca
:10665000c648203b37a6a33b4e98ac3b0b8cc93bae
:10666000a43e043b8fa6363b4dbdce3b5debfc3bd1
:1066700032a70d3c349fbc3b6f5ab83b52c6ba3b65
:1066800060ed013c01d19b3b6d29bc3b4dd9283bc2
:10669000afd93e3bd118953baa8adb3b533b193b14
:1066a000c0899c3b3834953b5394623ba1cf293b36
:020000040000fa
:020000040c03eb
:1066b000c484263b75252f3cfa77663c11f72a3cab
:1066c000b9132b3c74c5c53bb3297e3cc329be3be3
:1066d0008e3a4f3b6d45043cd401d23babaebc3b44
:1066e00078bb133cb92f113ccc0b423c4b4ad83bf6
:1066f000eda8d93bd9ab9f3b704d193ce1de033c83
:10670000dec70c3c4093fe3b9e0aea3b635fbd3b09
:106710006008d63b82fecb3b1f184a3ca2e6773b83
:10672000f0ff633b0c81183b206d263c15b71d3ce8
:106730004235433cf0042c3c4e01693bd897fc3b6e
:1067400052fa2a3c3c614b3cc46d2e3b93e59c3b8a
:106750007c6c6b3b79886a3ce1661f3cab229c3bbe
:10676000d13be93b9b88e23b19588b3b95e0a13b31
:10677000a31c1a3ced14463cecb0323c8d87e03b48
:1067800043c7153cfdf1333cc3ec173c9485003cfa
:106790008ef0fc3bf7f6db3b2d5cc53bb392c33b75
:1067a000f1719a3b360ddb3bf527203c6b1cef3b30
:1067b00078da5d3c7a46d93b971bff3b8cbe143c94
:1067c000c4840a3ce564823caed9f03b9ca85d3ca5
:1067d000c22bab3bdbec213ca4acd43bc6a48e3c2f
:1067e000ef1a243cc8a9ac3ce659bf3b37c3fc3b7d
:1067f000d949fb3bc396a33cff88be3ba163943bb6
:1068000074c1853c7f3d0e3cc7d0ef3b3a08643bea
:106810001493cd3b4fa49f3b86a2193cb5245f3c0b
:106820002b48ec3b8834613c78031c3c20467b3c85
:10683000049ede3be3709c3c4f321c3c60b6eb3b5d
:10684000b284803cbdc7af3bff66493b4e335b3ce7
:106850009af0fd3b31b39b3bb344883b8460493c99
:10686000aa65703c4987253c7b77043b083a723c1b
:10687000da98283cf30e363c62da173c3406b63b15
:106880005544983c4f5a823c1708983b26d1c43b4c
:10689000e1c7293cf571e93b2e1e803c6fa22a3be3
:1068a0009aaab23b81fc8e3ca81f253cdca2293c65
:1068b000250a073cae34ea3b3546843c09dcb83b4c
:1068c0009b2e043c20fc3d3c42b1233cfc7f073c1a
:1068d00033a23c3cb90d2c3c3266e33b7aa7b03b7b
:1068e0004017c93b92e7193ca929f33ba821023c78
:1068f000b4a6ed3b150cb13b3daaa63bae9b943b29
:10690000b863213c55011f3c81c3ac3be40ca53b63
:10691000bb44b73ba258953c6037573be357243cf8
:10692000cd5f163c31e4003c18400e3caab7c33c96
:1069300062f12f3ce5a2393c4768433c2970423c58
:10694000175d983b05d0d73bcfdd983b6e6f9b3be7
:106950000cdab63ccbed033cccc4663cc6c3633c0e
:106960000353823cfc59993cf132603be513d03b28
:106970003d61de3b702ebe3b7b330b3cc5ecb73b31
:10698000a601973bbd73a53b9bdb483c1349bf3b2e
:10699000affc813c33101c3cd0cd063c5855623cca
:1069a000e0fdfd3b786d173c5d1bc93b905d863c6f
:020000040000fa
:020000040c03eb
:1069b0000d971c3b50bc883bc25bfe3b13faa23bcd
:1069c000e1c87e3b8787973bf353cb3b0450a53b05
:1069d000a4c6a93b8a83023cfe83dd3b2aa8a23bd6
:1069e000867b843bca90b33b4f7a743b0c93073b46
:1069f0004c1e873b043c7b3b02912f3cf720ed3b38
:106a0000688eab3b9a81933bca5bd93b8824933b0e
:106a100052e6363ba20f8d3b6aae833b8791ea3b41
:106a2000a866023c84703c3ba8ee123b2050b33b6e
:106a3000ad32f03beeaf8c3a36ea693bf08d8c3be1
:106a4000be13cd3b56a1a33b6ec9ef3b0b339f3b1f
:106a50001a9f6f3b7819bd3b2d76ad3bfb641a3b0b
:106a60002b2f783bf2f3b33b4834993bc129fe3bd3
:106a7000a3243b3b4c82b03bb824223c5b64843b68
:106a8000f890653bd772103c9f92fe3b4e17883bb7
:106a9000bc72a33b68e00f3c52b6973b8e38b83bc4
:106aa0006039be3b06e1bb3b2637993b158dd43b95
:106ab000ea29c73bc46e9a3bab788d3b5cb90f3c6f
:106ac0004132293b2b18333bcbd97a3b58b3e03bbf
:106ad0008b3a7e3bd1da503b3a79873b9808ab3b07
:106ae0007e1fe93b8e93583beb027b3b1768673b6d
:106af0008eaa2b3bdc22123c7b3ea33b8f6edc3b01
:106b0000b3f18d3bc66e153c79986c3ba424043cd4
:106b10008a857b3b70d2ac3be81e613b5770963b4d
:106b2000c9c9623bfc7a4a3b971ac53bc8334b3b09
:106b300027e4a03bac9c803b6a3b8f3b458eb53b3a
:106b40000655dd3ba2a99a3b20aa853b9b5abc3b3c
:106b5000d051993bc269213b0d528e3b969c623bc2
:106b6000ef4b8e3b9ac9953b2742b33b95b38f3b86
:106b70006c9dad3b7edf803b70ca9e3bd703c53b1f
:106b8000fb8f373bf6a82b3cc047c43ba8bbc43b9c
:106b9000427d853b47bd493b6739823bbe66993b99
:106ba000b4c3a43b177a523bed07403b463fb33b8f
:106bb000d7dc8d3b9d71943b058c913b6840bd3b80
:106bc000db806a3bf8c4653b43645f3bafc0933beb
:106bd000e304013c75b09b3b0935b33bdd52903b70
:106be000c0bf973bb3d2763b3bcbd63b4861843b9f
:106bf0003f60933bba5db93b63df8d3b980a943ba2
:106c000037f8813b0e229c3b1150963b6eee603b69
:106c10002127123c222cc13b2352fb3b740fc93b62
:106c2000d25d993b6623c03b2a21c83bd4e7a63bf3
:106c30009f12693b943d293be83e623b5706303b3f
:106c4000b751883bbfd4743b5946bf3b430bf73b1e
:106c5000f9dfd73bf207e93b56ec8a3bb3ba993be5
:106c6000cdf38b3b2878973b2a2a8a3b9f68ba3b17
:106c70006b309f3bcd042c3bdef19f3b5454443b97
:106c800003deaa3b67d9863b3393473bd81d5e3b67
:106c90003d8ea83bf3bf743b6bfbb43b937e933bb1
:106ca000b1d4523b7efde83baa06df3b3723573b7e
:020000040000fa
:020000040c03eb
:106cb0008ba4203c1d84eb3b552bc33b4f7d023cfa
:106cc00096fa7a3c7d21393c6338323c1d8ecf3bad
:106cd0005f8e0c3c6cd58c3ba0a6de3b5ea9883b4e
:106ce000bb80a43b0429e13b0349b33b4c9a783c6d
:106cf000595e173c8e3ef23b6aab053c92a4f83bd2
:106d000088d8023c2a26103c9d782e3c0f7d273cdb
:106d100008d1aa3c4b73043cbcbf9a3c665cd83b90
:106d200098241a3c40b7403c4d44e13b42c6f03bfe
:106d3000c3dca63b23343e3a2a7e693c4f921f3c7b
:106d400055d9a83bb673dd3be037aa3b1399b23b5c
:106d50004e02d23b447fe13b7ec4b13bd504eb3bca
:106d60003b0b0b3c27320f3c1aedd73ba2f1403bcb
:106d70002365f03baf30ec3bcf10973b1fa8103c96
:106d800036b56c3b2883af3b7d52513cc410243c4c
:106d9000127fe23baf279d3c4113a93b60cdd83b1e
:106da0001539e43bda44e93b94d7e13b3a420c3ce9
:106db000e3ee1c3c7b384b3c3265f73bf0fbaa3bd7
:106dc0005f8eb43b89872b3ca0bc163cf5cdc43b01
:106dd0008817733ced53903ce548ff3b6f8a023cbb
:106de00083c3a43b8874d43b3794a83bb0d6f63b0e
:106df00012df853c3cb2de3b7e55d23bf8d4d53b1e
:106e0000d12cf43b6488983b267df33b27828e3b54
:106e10005ef1c23baed3b73bd64b983c35ecb03bb2
:106e200090613a3cb1d2703c7f60b53be634683c3f
:106e3000032df83b8803e43b42e39c3b0bd5ad3b81
:106e4000ca6a193c115c063cdd8a123c8c54fe3b3c
:106e5000952d093c1974853c7d96113c1e5eba3b0c
:106e6000dc6c8c3bdd4e423c039cc23b2965ec3b19
:106e7000870cc13b5663d83b5477fc3b9d008b3b52
:106e8000304d1e3c8a24fa3be067c93b10a0ee3b24
:106e9000a9075b3c0a63553c847ed93bcf3d703be0
:106ea000df860c3c75e9653cedaa693c7710e23b56
:106eb0003aaaa63b1057ef3b77c2103ca1fffa3b22
:106ec000a51e603c9f31423c70eaa63b89f5023c1e
:106ed000186bb23bc2e6ef3b1cf6583cce15193c92
:106ee0005c01053c9a7f5c3ce5c3363c48fe1e3c99
:106ef0004470cc3b7336383c77fc1c3cb2d1f73b3a
:106f00009001b93b4a35de3be86a9f3bd6af963be2
:106f1000a7cb993b4b31c03bcfb6cf3b91369f3b84
:106f20005decf63b0333283cfdc3543cde1f103cb4
:106f30006ba6be3b0755963cbfd7c73b1259163cc4
:106f4000433e353cdcc0533cf493a43bc1f5933b3a
:106f50002700013c23831a3bbad1273c37a17c3b55
:106f6000dbeb1a3c6bf81b3c4335213c6ce2803b6d
:106f7000891eed3be2f0473ce7e0e43b06a1853c9f
:106f800026f8cd3b60531c3ce9a42a3cc8e0813c78
:106f9000eaa0143c021c3a3c4d48cb3b0da50c3cee
:106fa000689f4d3c4216be3bd405c93bdb661e3c88
:020000040000fa
:020000040c03eb
:106fb0009aac733b3d36823bf96f883bb83eaa3ba7
:106fc000a7799c3b67bcd63b9b0eae3b29b49d3b4f
:106fd0005e3d923be0745e3b22ddb13be909873bbd
:106fe0009c6fb63b083f7b3b6777823b60fcd03ba6
:106ff0009dff033ca1c5a03b36f7a83bcc43413bda
:10700000d2a5a93b8e79893b7bef5b3b49edd13b18
:10701000d4a88f3bc7a0733b6519d93ba01e653b25
:10702000f2ea5f3b5014443b6031c83b1b79873b1d
:107030006467be3b30114f3b8c24693bebdda33bc7
:10704000f99b8e3b2d37823ba062823b5bc94f3b55
:107050009cbf943bf942a53b8f12973b991ad13bb9
:10706000d4488c3b9184333ba0cc843b59b95f3be3
:1070700073a3b23bf9e5763b1741a53babb7a73b02
:10708000a4b8623bc576d23be781653b62dc903bae
:107090000a72af3b94748c3bd5e4b73b0b86a03ba4
:1070a000b8605e3bc58a853be516343b5a08953b84
:1070b000df27683b7a3fba3bfc17883baf23633b33
:1070c000374c953bb3b3883b249b403bc928b13b2d
:1070d0004666a73b370daf3b87fc9c3bf563af3b58
:1070e000888ca73b8318703b9550033cbb82363b92
:1070f000dc51b43b24f6843be95e5a3bfb275d3b05
:107100004b30473b7ba2583b6058823b42dc963b6e
:1071100088ed813b031b963b8d5b8a3b5e60ac3bfd
:10712000f517aa3bbba0c33b7a908b3b09a1a13bbf
:1071300016d6a83be9307d3b7cc8833baef55e3b71
:1071400077ee9c3bc4333f3be2fbc23b31ae0b3b93
:107150005f96883b4ca8633b930de13b847a8e3b62
:10716000af0d393be7aa823b02f7ba3b18d7413b48
:10717000276cda3a340b623b31c75f3b6ed7713b09
:1071800046e38f3b2107723b019c8b3b9b508b3b23
:1071900060c4313bc5c5ab3be604963b98e8a53bd4
:1071a0004528143ba2d5f03bdad0943b6e5f3b3bc5
:1071b0006d662c3b3fff8d3b94d6423bc9d39d3b34
:1071c0002cddac3b8d5aa93b5d2d323b6cf38c3be7
:1071d000b76f923bf9c7543b4d1a8c3b8dda253b78
:1071e000e134643b082e623be7469c3b39a0823b7e
:1071f000081d433bbbc7323bc4c3843b23b6ab3bf8
:10720000a9178e3bbbdc813bfc548e3b665f913bf8
:1072100027a8933b697d403b63996f3b1041a33b9b
:10722000443fe43a98ed8a3beb47183b552e7d3bb3
:10723000a0d8893b21f7943b09420b3b07a1c33bf4
:1072400070eb903b5568bc3b9a5d933b7a789b3bd7
:10725000b09d6b3b9ef1833bf80b7e3b4d9e673ba5
:10726000180dac3b711fa43be9794d3b93ddb33b5b
:1072700054699f3beaf5c83bb63a843be58f983b9f
:1072800038395b3b9a827c3bc5bf923bfc519c3baf
:107290008de54c3b49bca93b6482823bf26b543b7d
:1072a000009f563b8ee2643b3f69c73be0d1563bb3
:020000040000fa
:020000040c03eb
:1072b0006af5923b4d99ca3bfa1fa23b93fe783b7d
:1072c0003f5ad33b6e6d233b73a5633c528deb3b22
:1072d0001de4e13b37d2e33b8cddc03bfd8c203b22
:1072e00085b1b53bca8d0b3c6730153c5256de3c30
:1072f0000cd0c23b15092b3c94707a3b270f473cbe
:107300006994b43b90a3e53b4f27703b61a8cf3b0a
:107310004601993ba72e1a3c5a66fb3be71c263ccc
:1073200076b57d3b3cf4333c42831e3bc179153c32
:10733000e978f53b861ceb3e45ff9d3b551f273bff
:10734000dd3c6f3cd4e8be3b924d753c2c24703c38
:107350006a07083cb343d13bd07e973bdedaae3bb5
:107360006b4d493b821d3e3cae8f133cb7e2e43b84
:107370003e08af3bdaf07f3c74b7973b0e56903b2c
:10738000d7c8943b2709c53b5e7b303cd5fae33b2d
:10739000affe5f3bf46d7d3bf51ee23b7a9a093c04
:1073a0001474d13bcdc0b13bda1e343ceaae353b60
:1073b000b813f33b8c4e2d3b4b543c3c97b8053dea
:1073c0004330553bb9fad33bd4d2b63b481bf93bcb
:1073d000648bc23b355fab3bafdce53b938aad3b97
:1073e0005308813be47b943b2f34f33b21ecf13b8e
:1073f0000c84d53bbdd2da3be7edb03bf2cf353c58
:10740000ee1e943c6cc55d3b29be3a3caf9b943b61
:107410007080563cee61bb3b3490513bcd36943b83
:107420000bfa1d3bb7f0813c7dcc7e3c6dd6993b81
:1074300091f0bf3b4864793b608bab3b6159c63be5
:10744000c243903b5129b43bbb54af3bbf5fa03b11
:10745000a8d8f53b21acdb3b4e8bd03be2c3ca3b0b
:1074600022078c3cff8bc73bd75b8d3b8e110e3cbc
:10747000d5debc3ceb7e363c7b7dc93bb1b2cb3b21
:107480005784a33b05600f3b854de23b14a7903b1f
:10749000436a1d3c5a3bfb3b1acaa43b813b063c5a
:1074a000b223693cd090aa3b4d3fad3bc97fae3c77
:1074b0002e33fc3b25b3c93bf2ae813b5d2ca53b93
:1074c000dd86213b4065463c1ed62a3cc73e9b3ba1
:1074d000da66c13b24f99f3be846213c8981453c63
:1074e0001e39173c452e0c3cb3ce0a3cdf23a93b8a
:1074f000b7d0e93ba053b13b6c83e03b0b9d823b93
:1075000094fb9c3ba62cc73bdeb6873c6bfa0a3c3f
:107510000ccbdf3bf080493c3a4ea23b13e8d73b13
:107520004d79743ced96ad3bae7db73b0c027b3b99
:107530006c931c3b371ebf3b9a3dc93b4972a63b2f
:107540006f213d3c0ad2143c0b54183c3a2df93bb8
:107550003d000d3c90ff023c6166df3b1a0b313c65
:107560003f3d123c45fe8b3b9b5fa83b591f0d3caa
:107570002a2bfa3bbd1ac83bae6d053c6b62093c39
:107580002508cc3b848a003c39f2df3bd9b4da3b96
:107590005885dd3c240bcb3bf216013cd6ff133c57
:1075a000df9abc3b1e50cd3bc37d003cee08813bc7
:020000040000fa
:020000040c03eb
:1075b00020386d3b6bf0613bdf71503b00ca1e3bd6
:1075c0001b3f003cb7a5773befc1153bab6cbb3a0b
:1075d0005544f53a52be833bf29d3f3b0abbb53a58
:1075e0006c75813bee8c4e3b3169883bd125203b4d
:1075f000691c1f3b0f2a6c3b941e863bd8ce5e3b1a
:107600004d7a753b18764f3b308e9a3b1c05cd3a30
:10761000af0f3a3bfd6a883b948f753b2ae53a3bb6
:107620009ed80e3b39ccb03bae195d3b18d3fd3a2a
:107630009470133bbabd193b9f91393b2685af3bf4
:10764000a966a93a8cadbf3b1d0b7f3b9247a43b7b
:10765000925b2b3b52985f3b77303f3b97e87b3bfd
:107660007519a33a7fd3753b0127843be5b9793b74
:10767000c8a2e13b5cc2293b839a483b517c7c3cdd
:107680008aa29f3b6f6ab23b01d0533b2a008d3bdd
:10769000b73f9e3a9ccb2f3be7123a3b5142983b77
:1076a000b0574b3bd24d873b43d3363b3accab3bf9
:1076b000d241c13bfa3c983bd9080c3b89c25c3ba8
:1076c0008ec27f3b80f9a03b93d0143be393853b74
:1076d0003f6e843be8c3a43b5e582c3bf8090f3b4c
:1076e0000488773bf0da983b6038083b6aca333b42
:1076f0009f471a3bc977953b0b7f7a3bffd0f33b03
:107700009306453bb092533bdf4d143bd195e63b8e
:107710001400ce3b620e783bdea8c93bb41e8a3b08
:1077200032b1d63b95b7933b44bc433b4855c73b2e
:107730001eb4423b5a6d423b75bbbb3bdf15863bdb
:10774000ebbe363bcb12563b7a61573bc9ad193b7a
:107750005e05333b93fa8d3b8d8c623be99f933bf7
:10776000d9d65f3b2919583bef428c3b07f0a23b2f
:107770002dcb3a3bc4648d3b28b17e3b414b8d3bc6
:107780003294bc3b5c87023c30cf223b3c3c1a3bf2
:10779000b6d2833b1c21403b19788d3bdbefdf3bae
:1077a0007cc8433b6fbe733b033b853b1ff1283bcb
:1077b000bb7c863b3a9d653b7a54b43bb8947d3b99
:1077c000c0f8243bfc53413bb5e7973b6090363b08
:1077d000f66d2c3bc9aa873bdcfc5f3b991f853bc0
:1077e0007a619e3b5d52363bd859153b7983cb3b42
:1077f00033054e3b8314da3b097b593b525b743ba8
:107800003e5d413b18dea43b8bc7703b7222413b7f
:107810003276933b69ad923b146baa3bf7ea903bff
:107820005659543b3d24443b12c4753b8a54633b38
:10783000ae93873b89addb3b29b1793bbcf73c3b41
:10784000a7ff4e3bc382393ba6565f3bac51373b4b
:10785000e676973b9d84303be468803bcad34f3b40
:1078600001b8203b39ff8f3b0c10583b1cfb533bae
:1078700012bd323bda04813bff27313bb7a45e3bac
:10788000349f843b79e1853be22b953b435a8b3b0c
:10789000e96d8f3b389f643be9fc993bf4aade3be2
:1078a0009f557e3bb8881b3b102a813b8b13813b45
:020000040000fa
:020000040c03eb
:1078b0004d90163b6a7d193ba24b843b4b120f3b0c
:1078c000ab5beb3a15d78d3bd8f3e93bd42f063ca5
:1078d0004f3b653c86410f3c9777bc3b2a3ca73b1e
:1078e0006ae6833b8d7fa23b8791713b4ddd153c62
:1078f0007ba36f3b16b7953b2dad9a3bb292143ce0
:10790000cc11933bfe52983b8c7cab3b4addc23b97
:10791000c70e023ca779ae3be920083c6801493b11
:10792000d1f51b3c68ed143c43d4953b3a3aa93b56
:10793000616a9a3b31eebd3b822a993b5fd0023ba4
:107940005647153c34373f3b60ed5a3bb6298e3bda
:10795000c668ea3b9cd6483bf59a233c9163423b80
:1079600002eb273c97fa763bb689ad3b0565013cb7
:1079700081f1383c95c2873bef35213c0dc5c63ab5
:107980008fba5c3be4e2033c44d7aa3b0ede333cb7
:1079900089d4543cfc96163cad4baf3b196add3b99
:1079a000cd6ec43b6d562c3c7affdd3b6e10443ce3
:1079b000943a023c0054e83b5987bb3b1b8e433c46
:1079c000bab1bc3bdc85263ced7c113c7507503bd5
:1079d000218a303b7bcad83bbd991a3c84551b3c5d
:1079e000aeb3b63b9753ee3b8ae4e83be8f4033c86
:1079f0000efce83beefe1a3ce8f0263c9cf5143cfd
:107a000012fe453cfc01b23bc815a23b21ca803b9b
:107a1000ea12523bba278d3be9bd633bb5f6be3b4c
:107a20004734c93b75c6063cdcb3b93bfed4dc3aef
:107a30006364b23b756ed93b5a80ed3b2e72873b37
:107a40009aad8a3b3b03cb3bb908083ca04c923b28
:107a5000c5c2d33b55539c3bc5bf4c3c7961f93bf8
:107a60005a1a063cf061563b2b89893b5007d83b9c
:107a7000a7dded3b73eaa93b28168c3b8f92b33b05
:107a80004e12623c53130e3cd968033cddcde23b01
:107a90001f7d9b3ba057b53b3e175b3c6720ce3b11
:107aa00070728d3bb095fb3b1010bb3b8a459f3bf2
:107ab0008ef59c3b1761cb3bbd0fb73b089d203c2f
:107ac000e33e873b3232a33b122d8a3b91f1aa3b26
:107ad000da3d023c1b00e23ba165d63beb781e3c45
:107ae0007933913b1c52cd3bb05adc3b73ddcc3b30
:107af000a4d18a3bca3eb73b8bd0993b5659b73b82
:107b0000dc13883c60cca83b90708e3b2e199a3bce
:107b10003e86973bdc63d43b36edb63b317a903bf7
:107b20004372cb3ba9316b3beb8cc23b2cade63bac
:107b30000f97aa3b8cb5853b0616063cce70923b50
:107b4000ffedba3b9a4b0f3c5161aa3bd82ae03b70
:107b5000ee93963bcdf7a03bd49a3c3c54e8e83bef
:107b60003da0d63b925d193cb9ee493c4beedd3b66
:107b7000ee730a3cd47b913ba3c8313c44f9a63b4d
:107b8000361fa13b77daef3b507e9c3bd425e33b8d
:107b9000bcc90a3c461e003c27f5b33b5c47b83bda
:107ba0002cef063c723c9b3bf242d33b00c2a63b0f
:020000040000fa
:020000040c03eb
:107bb00004001106170c2a31ffd61a57e321f5e20b
:107bc000d6f50a0fd7091f220a1a0ed8e4f0580c6e
:107bd000c92a08c9bebae700217f0d01e821e0e209
:107be00001fa34550b3656c72733131cd83008bd5d
:107bf0000768b805da0e2ec80acc3af1e941f81345
:107c000024c70edb2e7faaadc51e0c281f96640468
:107c1000e107c82a71ac2dbf85e73c1b2ff9542220
:107c200007aa1996d932f9b80821215dc1ee795910
:107c3000cfe9cfec1f98f7b0e21861081d7f231f32
:107c4000f6eb81c41a4008ed431c3d8df9e018fbaa
:107c50003f122fe71138e11736f2f333dafadf3c3f
:107c6000402c0a2d0bf1efee01ff2a0a1f105e10c7
:107c70003ef9a3df18e3db338bfa50cd30d2c5fbde
:107c8000819f3bf608ced54a0826373cd9200c1bed
:107c9000c7f6252affabf1fb2ae3e312130fe52e0b
:107ca000ffc33b23e7a520d7263c0f7febe3bcf6c1
:107cb00029c3153221b3e4fbd1e905d4da3f01171a
:107cc0006703f037443c0dcdf304c5150e56c82ca0
:107cd000c0dbda4c1c1aff5a5afd2da6f9ff4621cb
:107ce00032e826e9f913ffcd10f0ff26b4f240d9af
:107cf000f312c62635a9e7811c63f5da31a73e03e6
:107d0000d5fb53f5601f05b22211f226170e60b69f
:107d10003fc407edbbd60de5edc76948d3e9cac23c
:107d2000447ffd8b0530aed7effb21350c2a11ffc8
:107d30000acd81c15639e8200059f0c211017429d9
:107d4000e4eae3320eed012c33dc36c70136b72905
:107d5000d32301dd451510d11330267f15131347aa
:107d6000411b7f4206baf2183c022e20fc2747e254
:107d7000096bde42dab12503f44cff4be112de2839
:107d800021f5e223e1341afaffd31d1a4138f8f243
:107d9000faf518e21d0806bf1016fa14d50ff427dd
:107da000bdeb1ea620fd0e3031f9fbd6e436f00ef9
:107db00081eeff250dfe1ddc06e51202feadf2fc94
:107dc000d0d54d491541f2d6220820c7e01b0b083b
:107dd000ddb31de70d3d1a3f4621f616af06211e05
:107de000d4fff133d5d9c5e81b2b35e816cc7ff786
:107df000b4b1efda45e0e332402a03dd7906dab7c1
:107e0000a20117e240f205ed81b9542c21af0db16a
:107e1000aba81fd95f1a7004c616d7dcb97ebb6841
:107e20000a31ff2db67810f14009fe08c337d3faa6
:107e3000155b35e50510346b22bc0381abc027c848
:107e40000e60f207f3213eb47ff5f8c34ab3702009
:107e500003d80bbd1713260d7ffffad0000be0fef1
:107e6000e2f90c0915260b15ddfe010ceef11bdc09
:107e70001df9f7022828e1f707fcf6eff42511d4e5
:107e8000c76b3b1cd27ff4b1bfeeccc52011e1cd56
:107e900047f4cc27ffec1164d1ddf3d423b0ecbc64
:107ea0002e3508b73af4fd1bcb3ed8b7e635c6f4fd
:020000040000fa
:020000040c03eb
:107eb000549dd77f4b047974cb7978160c4bc9ff4e
:107ec000811654f425211618e2101c35e621e5fb35
:107ed000e5f1f61b11571081e0e4161fef32dce4e8
:107ee0000f553f7053e36381ee59df0d14c3e793e1
:107ef0000671f1341a15bf310e18fc7fe612cb164d
:107f00001e11a19fcd085805605281441324b52c41
:107f100004257fec0fd90b4be53ab5e72cbef1a257
:107f200034b7fb1c573d6a8120014576afff202303
:107f3000f8021e7f3efe3aebb1d4c43070100852f6
:107f40002e7fdb3af0f9ef03fc48fb09dd2a28f924
:107f50002b2808d77fea35d90917d7ec1a7429e3fb
:107f600040fd4f140b224ded3f819a66cb4c20ee25
:107f70000f182e24b6457ffd17ce795f312f05a04f
:107f8000ff094114debf19d2fcecfce7814bccc4e5
:107f9000911561ddefd2b80dd1813d573418b75836
:107fa000028c7fd36c6e3d0c1ecde153b0aae94d1f
:107fb0001a2d08f40ed9f50f81340fe4035df9365c
:107fc000100f141535ef205905ec3943d27f0f33cc
:107fd00051fe1811c17f0d28c619c1fe9a14cfd0c9
:107fe000ed28437ff40466022a076269d0d4668bc9
:107ff000250e2c1bd6f213e8d301e8f9093381d101
:10800000f238f20bdf2b3a1cf7e403ef7f4adca1d6
:108010002834281cefe6eb03c317217fe60bfcfb9b
:108020007f371ed6ec354b06db1f3f101328460169
:10803000d61f3e4b2d034de51e04e381e445d731a9
:1080400022387f062bcfe9fde90611071bd704b5bf
:10805000541b31bbfc33900d50176fde9946a08145
:108060006a7e3c3714197fd0fe35faf428f2d967be
:108070005ecd52ba70fad9d0933bd41881ce11514b
:108080001a00091b4efc2b59fff53149ec7f1a49a8
:10809000ead7441f60f555e4e1a030277ff37cd791
:1080a000b9de04257f02c330d2e2ed0e084cd6f2d1
:1080b0002c3b7fe747bb1b51f742fc1a07aa17a2cc
:1080c000eae31cf65d17a7f07f95019ac5eb1b0e3e
:1080d000074ce343240b81f6eacca8455007ccb308
:1080e000b92c3af1ea31d52025ccf63ae0e08131dd
:1080f0008109122d92da29eeb4e5bd1fef2d1998f2
:108100002dd93e3a3c6348fcffdbc7a70100e08164
:10811000b7147a7fedf979a039ef2b50c8bef78def
:108120001a49062ad5d7bb4028da1d448268dc816b
:1081300074ff1659415a073905f52be4eae91b7f0c
:10814000bbbe01f012d99d9181d1a3dac2ef0d1807
:10815000db0a1ec8749f86ef95e80ecff146187fa4
:10816000c67f50b312e87ecd565f75faff0922ed47
:1081700014281b1b4532e581dcc6504b04fa00e194
:10818000d0c7fbae33fb003effefe631e07f18d2f5
:10819000ece2fc7f8452642fa0eea6f909fa205984
:1081a000fbf020ef27e97ffa0ae64b185b1f280552
:020000040000fa
:020000040c03eb
:1081b000faf031692ef951faaee590eebc1981e77b
:1081c000e2e3390b7f63cd2abd11adc184748bec22
:1081d0001c5d0e818a6be538d7791c10c7d74671b4
:1081e000fd810abee7c5e3ebce9006b440fd1a2b35
:1081f000a312e4c981379bc9eab1ac9ea918a1605a
:10820000e6dc7035d2ac54301a5bf4cdf2e9dd8196
:108210008cdd133b3b3d1c1c812cdcdaf642001a42
:10822000f1d326aa9ff46908c7e65ca57ff82b4521
:10823000de1b3418e6e5c32ae9a100d7c417ac7fda
:10824000ff34fbd3e72804f13c7ffb471317e6f12b
:108250001c216538a1cfc8f0bc947feed8e0e75769
:10826000ec570509f42821e9d17fda150300dcfc7d
:10827000f8eadfd6363505f90c48023f08f6e97f03
:10828000e48aeaf917ed8197c9cb26d0280a491468
:10829000d9e29cfbc3c659cfa7d7772381d8a6cdf7
:1082a000f9fa0aec1d7f0dfa14e119250a040e12e1
:1082b000a404e663380114f6084181efa215cff259
:1082c000af8136be2afa24f226b43938c89f0f4c43
:1082d000e889137773ed7f38a33a6afdd35760ead4
:1082e0005ec23b1917041d1fcb81d1ef1037281137
:1082f000fde5fbae1581c6f9ec38f523f3cde2427e
:108300005e0503c8981d813b1ddc40cd9e28e70318
:1083100003bfe70404eb8109130bf3ef16e71c25f9
:10832000e4e5ef1e30ce17810add1f41ae410dd7c7
:10833000b3f20b41eb542a8112034f30dc4723d0b8
:10834000094cef0ad41b0b2713afffc37f24faccd1
:108350002c184ebc30f0207f1423d8b906ba00a0e8
:1083600022092f03490d6d28047fdd744648e9c7b3
:108370002538fb1218b5c63696fe131c647fae5125
:10838000cc0ea4e5028568a2b596f51081dfd00d6c
:108390007f1b4a9ec40e3ccd46a4c243e1fa3f1a5d
:1083a000f721da821899f8fcbcac11b42a7ff1509d
:1083b000e71810f289187ff90e0ad40b29ff581814
:1083c0009e112b01e60d06810c0b041e89a94b9e04
:1083d0002fc4e0d8ecfc81f3ec20362e22d2edc77e
:1083e00001eede2c0f007fcee7371a6cef32d9dcbe
:1083f000a44b7f25be5429dbe1e407f4d7075bca11
:108400009961f47f32fbcc171f06c493cc38473cec
:1084100005cdf8fbd4a5dac31332ccfa81fdc360d5
:1084200033cf30e10aebf3aa814efe01a1e8e70564
:10843000811951cedb46ab2d8de712b0f1b3d14f90
:108440004104f8ce162d7feb441896fbb96229ac97
:10845000e7ba125fdbce0981060ce9ffa75c0e428a
:108460001b488bcde929d57f41275819bd9dc0d91f
:108470001ee2e0222d044500087f2de316cab7f363
:10848000d4ec17f8d08133fd19190df4d300fefb9d
:108490008124351af2df13fce9c1027b3609072873
:1084a000641facdbe3e715fe7f2688561730c10951
:020000040000fa
:020000040c03eb
:1084b0002de9f04f87b01598049210445208bdf989
:1084c0004490bdf948a0bdf84c70149d00f05c814b
:1084d0000833013a05f110040230009392b2159b63
:1084e00001eb470705f1080c019002330592029356
:1084f00004ebc2030393169b6c33009a0c6812edd5
:10850000025a52ed015ad7f8008053f86c6c5cf8af
:10851000080c26fb040226fb080653f8365c5cf8c0
:10852000040c25fb040425fb080b4868d7f804e07d
:1085300053f8685c25fb002225fb0e6653f8325c7d
:1085400025fb004425fb0eb88868d7f808e053f8ef
:10855000645c25fb002225fb0e6653f82e5c25fb90
:10856000004425fb0e8ed1f80c80fd6853f8600c9a
:1085700020fb082220fb056653f82a0c20fb084448
:1085800020fb05e5d1f810e0d7f810b053f85c0ceb
:1085900020fb0e2220fb0b6653f8260c20fb0e441a
:1085a00020fb0b50d1f814e0d7f8148053f8585c36
:1085b00025fb0e2225fb086653f8225c25fb0e44a2
:1085c00025fb080b8869d7f818e053f8545c25fba5
:1085d000002225fb0e6653f81e5c25fb004425fb9c
:1085e0000eb8c869d7f81ce053f8505c25fb002290
:1085f00025fb0e6653f81a5c25fb004425fb0e8e06
:10860000d1f820b03d6a53f84c0c20fb0b2220fb24
:10861000056653f8160c20fb0b4420fb05e5d1f84a
:1086200024e0d7f824b053f8480c20fb0e2220fb9e
:108630000b6653f8120c20fb0e4420fb0b50d1f8b4
:1086400028e0d7f828b053f8445c25fb0e2225fb20
:108650000b6653f80e5c25fb0e4425fb0b0bd1f883
:108660002ce0fd6a53f8400c20fb0e2220fb05662f
:1086700053f80a0c20fb0e4420fb05b5d1f830e07e
:10868000d7f830b053f83c0c20fb0e2220fb0b68cf
:1086900053f8060c20fb0e4e20fb0b50009d0cf1f6
:1086a000080c33f9024c6c330835b7f93460b1f972
:1086b00034b0009533f9a45c06fb04000bfb04e422
:1086c00005fb068606ee100a05fb0b2207ee906af4
:1086d000b8eec66a109eb8eee77a07ee902a26ee4c
:1086e000256af8eee76a07ee904a27ee057af8ee7b
:1086f000e77a66ee856abdeec77a67eea57afdee8b
:10870000e66a17ee104afdeee77a16ee905a344408
:10871000354417ee900afdeec67a4d453044b8bf99
:108720004d464c4517ee902ab8bf4c46484532445a
:10873000029eb8bf48465545a8bf55464a45b8bff2
:108740004a46544506f8025ca8bf54465045019d70
:108750009646a8bf5046524506f1020205f8024c63
:10876000a8bfd64606f8010c0292aa1c05f801ec37
:108770000192039a62457ff4c0ae0598049b0130d4
:1087800003eb4000159b184407b0bde8f08f00bf15
:020000040000fa
:020000040c03eb
:10879000027a03467ab9427a7ab1013a4272426861
:1087a000111d126802604160032202721a68100ee5
:1087b00012021a607047013af7e7b02070471fb500
:1087c00003ab009300230a461946f1f74efd0398c8
:1087d00005b05df804fb0c21f1e72de9f0430546f7
:1087e00085b0884600264046fff7d2ffb0280446f1
:1087f00011d176b903ac33460e2231460094284697
:10880000f1f733fd009433460f2231462846f1f745
:108810004dfd00202ce002061dd4002303af4feadb
:108820008009194600970d222846f1f71efd5ffad0
:1088300089f9039b09f1040914f0400f14bfa3eb5d
:1088400009034b440393009700230d221946284641
:10885000f1f72cfdc7e700f0f003802b1bd10402d9
:108860004046fff795ff0443b4f5004f03d10920bc
:1088700005b0bde8f083240100234ff6f0722240da
:1088800019462846f1f79afe0028f0d114f4004f5b
:1088900018bf0126a7e7902b0dd100f00d030d2b7b
:1088a000e5d003af002300f00f02009719462846d9
:1088b000f1f7dbfcc7e7a02b13d1c24302f007039b
:1088c0004ff47f621a4102f47f62030748bf42f40b
:1088d0008042002319462846f1f770fe002882d016
:1088e000c5e7b02b47d1b12809d14046fff750ff6b
:1088f00002460028bbd010f0f003ebd0b7e7b22857
:1089000020d1002303ac0d22194600942846f1f72c
:10891000acfc4046fff73cff022710f0800300f05c
:108920007f00039a00fa07f005d102f501721044a6
:108930000390009489e71044039040460737fff7ff
:1089400027ffeae7b3280bd14046fff721ff0203d8
:1089500000f00f0002f47022013001230243b9e756
:1089600000f0fc03b42b82d000f007020132012397
:1089700042f40022aee7c02b45d1c6280ad14046ba
:10898000fff706ff020300f00f0002f4702201302f
:108990000323e3e7c7280cd14046fff7f9fe024660
:1089a00000283ff464af10f0f0037ff460af0421bf
:1089b00091e700f0f803c02b06d100f00f0201325e
:1089c000032342f4202285e7c8280dd14046fff753
:1089d000dffe00f0f00200f00f001032013005233e
:1089e00040ea0232012176e7c9287ff440af4046d1
:1089f000fff7cefe020300f00f0002f470220130f8
:108a000005230243eee700f0f803d02b7ff42fafed
:108a100000f007020132052342f40022e2e71fb50d
:108a2000c36c5a681202019203f1080202920322f7
:108a30000c468df80c20db798df80d3001a920460d
:108a4000fff7cbfe04b010bd08b5fff7c4fe806c85
:108a500008bd08b5fff7bffec06cc379023300eb59
:108a6000830008bd08b50df0e9fa08b50df0e6fa87
:020000040000fa
:020000040c03eb
:108a70002de9f04f11f00e0e85b040f05981441ee3
:108a8000033400f2478190f800c0bcf1000f00f001
:108a9000418101f00f0bd0f80c905ffa8bf6d9f8fa
:108aa0006070d9f8505006eb4600c0003c18beb9c3
:108ab00094f807c005f58055e17c4cf0010c3e5060
:108ac00041f0010101273046a380a271e6602382b4
:108ad000a27484f807c0e174ef8005b0bde8f08fa0
:108ae0004ffa81f81f4699f802109246b8f1000f2c
:108af00099f80120b4bf0c200020231844f800e0ae
:108b0000d8799f8040f0010083f806a0d8715ab947
:108b1000002940f0988099f85c10012900f09080bd
:108b2000002005b0bde8f08f7246cdf804e00029c2
:108b300000f0978000210091002f70d139464846ff
:108b40003c46cde9022309f0f7fe039b029a188107
:108b5000002300e00b466408591c14f0010ff9d003
:108b6000023b03f00f0105f58055b8f1000f5ffae5
:108b70008bfbc7f30a07c0f30c00ac7bc0f28b8001
:108b800095f80ec0baf1010f04f00f046bf3030c5b
:108b900085f80ec0ab8a67f30a03ab82b5f866307e
:108ba00060f30c03a5f86630ab7d43f08003ab7532
:108bb00095f8633061f3030385f86330eb7d00f0d3
:108bc000a580baf1030f0cbf43f010036ff3041339
:108bd000eb75eb7d6ff38613eb75ab7b012064f3d4
:108be000030300fa06f6ab73f6b22b891e432e81ff
:108bf00099f80130012b02d0019b002b79d199f813
:108c00000230012b02d0009b002b37d1002a87d0e5
:108c10000123002089f85c3005b0bde8f08f012ffa
:108c20007bd901246400a4b2a742fbd84846214660
:108c3000cde9023209f080fe029b039a188187e792
:108c400089f85c206246b9f95800029300920bf053
:108c5000c5fe99f802100190009a029b00297ff44a
:108c600069afb9f95a00cde902230bf0b7fe0090c5
:108c7000dde90223002f3ff461afd0e7b9f95a30a4
:108c8000002bc3db012103f01f042b485b09a1402b
:108c900040f82310bae7ab7bbaf1010f04f00f04e0
:108ca0006bf30303ab732b8a67f30a032b82b5f8cc
:108cb000643060f30c03a5f86430ab7c43f04003f0
:108cc000ab7495f8623061f3030385f86230eb7c96
:108cd0000cbf43f040036ff38613eb740123a97bb1
:108ce000b34064f30301dbb2a973e9880b43eb8063
:108cf0007ee7b9f95830002b81db012103f01f0416
:108d00000d485b09a14040f8231078e743f0400389
:108d1000eb7562e76ff07c00dfe601214846cde9a4
:108d2000022309f009fe039b0d21029a18811ae71c
:0c8d30006ff07b00d1e600bf00e100e026
:020000040000fa
:020000040c03eb
:108d3c002de9f04f099f154604468e461e46002b22
:108d4c0040f0cc808a42b2fa82fc4cd9bcf1000fc4
:108d5c000bd0ccf1200801fa0cfe20fa08f802fa2c
:108d6c000cf548ea0e0e00fa0cf44fea15491ffafe
:108d7c0085f8befbf9fa210c09fb1ae30afb08fb88
:108d8c0041ea03439b452ad9eb180af1ff3004d280
:108d9c009b4502d9aaf102002b44a3eb0b03a4b20e
:108dac00b3fbf9f209fb123302fb08f844ea034463
:108dbc00a04516d92c1902f1ff3303d2a04501d9d5
:108dcc00931e2c44a4eb080443ea004027b124fa78
:108ddc000cf400233c607b603146bde8f08f5046bc
:108dec00dbe71346eee702b9ffdebcf1000f2ed134
:108dfc008b1a01264fea154eaab2b3fbfef8210cd2
:108e0c000efb183308fb02f941ea0343994561d97b
:108e1c00eb1808f1ff3004d2994502d9a8f10200f1
:108e2c002b44a3eb0903a4b2b3fbfef10efb1133ed
:108e3c004a4344ea0344a2424ed92c1901f1ff33b0
:108e4c0003d2a24201d98b1e2c44a41abce7ccf14c
:108e5c00200e02fa0cf521fa0ef901fa0cf320faa5
:108e6c000efe4eea03034fea154800fa0cf4b9fb68
:108e7c00f8f11ffa85fe08fb1192180c01fb0ef697
:108e8c0040ea0242964221d9aa1801f1ff3003d2de
:108e9c00964201d9881e2a44921b9bb2b2fbf8f968
:108eac0008fb192209fb0efe43ea02439e450fd92b
:108ebc00eb1809f1ff3604d29e4502d9a9f102063e
:108ecc002b44a3eb0e0346ea004693e70846e3e780
:108edc004e46f6e74046a4e70b46b6e78b4206d96a
:108eec00002f7ed00026c7e90001304674e7b3faa4
:108efc0083fcbcf1000f0fd18b4201d3824209d805
:108f0c00841a61eb030e0120002f6dd0c7e9004ecf
:108f1c00002661e76046f7e7ccf1200e03fa0cf36c
:108f2c0022fa0ef521fa0ef41d4301fa0cf320fa85
:108f3c000ef10b434fea154a00fa0cf6b4fbfaf9a2
:108f4c001ffa85f80afb19401c0c09fb08f144eace
:108f5c000044a14202fa0cf23fd92c1909f1ff305e
:108f6c0004d2a14202d9a9f102002c44641a9bb28a
:108f7c00b4fbfaf90afb194409fb08f843ea04416b
:108f8c0088452cd9691809f1ff3304d2884502d9d8
:108f9c00a9f10203294443ea0040a1eb0801a0fb1c
:108fac0002894945c2464c4602d306d1464504d2f5
:108fbc00b8eb020a69eb05040138afb1b6eb0a0352
:108fcc0061eb040606fa0efe23fa0cf34eea0303d9
:108fdc0026fa0cf6c7e900369ae74846c6e74b4630
:0c8fec00d9e73e463846f7e63e46f5e67b
:020000040000fa
:020000040c03eb
:108ff800f8b5431e033300f211810378002b00f00b
:109008000d81c46894f85430002b00f0088194f85e
:109018006a50002d40f002816378276d002b00f024
:109028003b812e46a378b4f95a00002b00f02e811c
:1090380007f5805394f854105a786ff386125a70d3
:10904800002900f00f81da8802f47f42da801a8959
:1090580002f47f421a8193f8022102f0590283f840
:10906800022193f80221d70705d593f8022142f08f
:10907800080283f8022193f80621d10705d593f851
:10908800062142f0100283f8062193f8062102f027
:10909800b00283f8062193f8122102f0590283f8ee
:1090a800122193f81221d20705d593f8122142f024
:1090b800080283f8122193f81621d70705d593f8eb
:1090c800162142f0100283f8162193f81621217b0d
:1090d80002f0b00283f8162193f80022002940f02c
:1090e800be8093f80522d10705d593f805226ff3c2
:1090f800000283f80522227d002a40f0ad8093f813
:109108001522d20705d593f815226ff3000283f8cc
:109118001522227f002a40f09c8093f82522d70749
:1091280005d593f825226ff3000283f8252294f8d9
:109138002420002a40f0898093f83522d10705d5ec
:1091480093f835226ff3000283f8352294f82c2027
:10915800002a76d193f84522d20705d593f84522ff
:109168006ff3000283f8452294f83420002a64d172
:1091780093f85522d70705d593f855226ff30002c7
:1091880083f8552294f83c20002a52d193f865229e
:10919800d10705d593f865226ff3000283f865229d
:1091a80094f84420002a40d193f87522d20705d5b7
:1091b80093f875226ff3000283f87522b4f95820ea
:1091c800002a60db530902f01f0c0121354f603380
:1091d800002801fa0cf147f8231009db43090121a3
:1091e80000f01f002f4f603301fa00f047f823000a
:1091f800637883f00103002ab4bf002303f001035e
:1092080043b13eb1012302f01f00264952098340b1
:1092180041f82230a378012b00d03dbbf8bd94f86b
:109228005630002b7ff4f3aef8bd002284f84420ba
:10923800bae7002284f83c20a8e7002284f834200a
:1092480096e7002284f82c2084e7002284f8242062
:1092580072e70022227760e7002222754fe700229a
:1092680022733ee7d9801981d972ece6b4f95a30f5
:10927800002bd3db012203f01f000a495b0982405f
:1092880041f82320f8bd0028a8dac3e70bf0a2fbb9
:109298000546b4f95a00cbe6b4f958000bf09afb2e
:0892a8000646bfe600e100e00c
:020000040000fa
:020000040c03eb
:1092b0002de9f0439e4c87b02379012b1fd05db27e
:1092c0006db1022b08d16579002d3ed0257a1db9ec
:1092d000984b9a78002a4dd107b0bde8f08303215e
:1092e00028460cf0f7fa431c2060f5d02a46924934
:1092f0000cf032fa0123237107b0bde8f0836379e3
:10930000002be9d020680cf021fd022829d1402350
:10931000a384617d20680cf095fc002800f0ff809c
:10932000217d20680cf08efc002800f0ef804ff4c7
:1093300000720125814b00928149627d206865722f
:1093400007f07afe02232371c6e70123617d2068be
:1093500023710cf069fc217d20680cf065fc2581ef
:10936000bae720680cf0f2fc0128d2d14ff4007368
:10937000a384cee7734a29469d7002a81268a846c6
:10938000714fa146130a62f30701160c029563f3ad
:109390000f21120e6d4b66f317416d4e3b6062f369
:1093a0001f6179600cf03afd0cf020feff28029b53
:1093b000a8bfff20bd723b7278720cf011fe6c22c8
:1093c000f872294630460cf079fd03a803950cf09d
:1093d00025fdf6ee005a2b469fed5e6aae46bc4672
:1093e00003eb430590f9041006eb8502002900f019
:1093f00083800168b0ee657a01330ef1010e06f844
:1094000025101c3050ed017a072ba7ee867afdee71
:10941000c77a17ee901a81f30801517050ed047a63
:1094200050ed036afdeee77a10ed027afdeee66a92
:10943000bdeec77a17ee904a50ed057a16ee907a97
:10944000fdeee77a17ee105a04f10c0407f110074d
:1094500005f10c0517ee901a9480d78001f11001e8
:109460001581518010f8171c82f80b80917202dc74
:10947000bef1070fb4dd002505a904a86746cde9b4
:1094800004550cf061fb049a2846059b4fea122c08
:10949000294662f307004fea132e63f307016cf3ca
:1094a0000f204fea124c6ef30f21120e6cf317408f
:1094b0004fea134c1b0e6cf3174162f31f60264af0
:1094c00063f31f613066c6e919120cf083fd0126b3
:1094d00002221023dff888c0f8602049cde900326d
:1094e000194b99f81420d9f80000ccf8005089f8ed
:1094f000086007f025fdefe60ef1010e1c30bef10d
:10950000070fb8dc072b7ff76bafb4e7a58c0146dc
:10951000227d0223009520680cf092f807e7a58cc5
:109520000146627d0223009520680cf089f8f7e679
:10953000200402200c0002202d11040c2002022025
:10954000300402207c8404203c840420aa55aa55bf
:10955000c081042000007f43015a03002c04022034
:0495600080840420df
:020000040000fa
:020000040c03eb
:109564002de9f041a64e4ff48e7404fb006494f987
:109574004c30002b5cdd94f868200546236d013add
:10958400032a55d8dfe802f0738694561a6822f04d
:1095940002021a60da699007fcd41a6842f4007275
:1095a4001a601a6842f480721a601a6842f0020261
:1095b4001a60da699107fcd49a699207fcd59a6912
:1095c400d707fcd52046a9b206f0a8fa4ff48e734b
:1095d40003fb0563b3f95830002b0bdb03f01f00ca
:1095e40088495b090122824001eb8300c0f8802195
:1095f40041f823204ff48e7303fb0563b3f95a300b
:10960400002b0bdb03f01f007e495b090122824023
:1096140001eb8300c0f8802141f823204ff48e70c1
:109624000222042300fb056585f84c2085f8683088
:10963400bde8f0814ff48e7202fb0062516d01f0bf
:10964400ff11b1f5803f65d092f85420012a61d012
:10965400012aedd84ff48e7000fb056595f86a3049
:10966400002be5d02046bde8f04109f047bd664a2d
:10967400934200f0ab8003f580534ff48e700221c7
:109684001a6800fb056542f001021a6085f868104b
:10969400bde8f081da699707cad49b69dc07c7d4af
:1096a4004ff48e70032300fb056585f86830bfe72f
:1096b4004ff48e7202fb006292f85420012a3ff4a8
:1096c40065af002a3ff47eaf022a7ff47faf1a68a9
:1096d40022f002021a60da699407fcd41a6842f490
:1096e40000721a601a6822f480721a601a6842f0d2
:1096f40002021a60da699007fcd49a699107fcd5d2
:109704009a69d207fcd541f224515a5842f0020218
:109714005a505be703f580534ff48e7293f86070f0
:1097240002fb056307f0180793f86920d3f8fc10cf
:10973400ba4225d0082f2ad0102f51d0182f28d163
:10974400a9b14b6863b14ff48e7808fb056898f8ab
:1097540067202ab9886808219847012388f8673068
:109764004ff48e73002203fb056383f866204ff4e5
:109774008e7303fb056393f8542083f8697067e7dd
:1097840093f86b000028d5d193f8542060e7002aa1
:10979400edd04ff48e7303fb056393f86630012b11
:1097a400e5d00029e3d04b681bb188680022092169
:1097b40098474ff48e73154a0120002103fb05f3eb
:1097c4001a443344d08083f86b10d0e7104ad06930
:1097d400114640f48030d061ca68d205fcd54ae70e
:1097e400082ac4d0182ad4d14ff48e730021012240
:1097f40003fb056383f8661083f86b20b7e700bfab
:109804004804022000e100e00000014fa804022007
:04981400000002440a
:020000040000fa
:020000040c03eb
:109818002de9f04f93b083460e4621980b915108dd
:1098280000eb0204bdf9740010920790bdf97800ae
:109838000f930890bdf87c000e94069000f0d58038
:109848008508013906eb4000209a1f4689b20c9022
:10985800103220986b1e02ebc1020a9508309bb2a9
:1098680009923a4603900133219808329b001191de
:10987800023002920d930590a01c0490069b0bebfe
:10988800030a029b13ed025a53ed015a039b53e955
:1098980002c40a9b002b00f007810d9b26466246f6
:1098a8005b44dde90be801935bf8041bdef800700c
:1098b8004fea3125d8f800902ffa85f52ffa81f173
:1098c80021fb07cc5af8043b2ffa83f04fea3323e5
:1098d8002ffa83f321fb092120fb0744def80470eb
:1098e8000ef1080e20fb0966d8f8040008f10808f4
:1098f80025fb07cc25fb001223fb074423fb00664e
:10990800019b9b45d0d1069b9b4407ee90ca06ee6f
:10991800906a029bb8eee77a07ee902af8eee66abc
:109928000833b8eee76a07ee904a27ee057a1c9ce2
:10993800f8eee77a1c9d26ee056a0293bdeec77a1b
:10994800039f67eea57a66eea56a083717ee100a38
:10995800bdeec67afdeee77a0397204417ee101a9b
:1099680017ee902afdeee67a21442244079c17ee72
:10997800903aa0422b44089db8bf2046a142b8bfe8
:109988002146a242b8bf2246a842a8bf2846a34201
:10999800b8bf2346a942059ca8bf2946aa4204f895
:1099a800020ca8bf2a46ab420498a8bf2b4600f871
:1099b800021c04f8012ca21c00f8013c831c05922f
:1099c8000493099bbb427ff459af119b0f99013354
:1099d800da005b0011440f9120991144219a1a442e
:1099e800209121920e9a1a440e92109bdb0754d5af
:1099f80006990b9e209b06eb410489081b6857d0eb
:109a08000beb81011a465bf8040b37684fea3025e7
:109a18002ffa80f02ffa85f520fb0733276820fb03
:109a280007227768083454f8040c083625fb0733f6
:109a380025fb00228b45e6d107ee903a0f9807eefa
:109a4800102a1c9af8eee77ad0ed006a089cb8ee66
:109a5800c77a219967eea67afdeee77a17ee903a73
:109a68001344079a9342b8bf1346a342a8bf23469c
:109a780001f8013bd0ed007a219167ee277a1c9915
:109a8800fdeee77a17ee903a0b449342b8bf1346bf
:109a98000e9aa342a8bf23461370109b219a134421
:109aa800184613b0bde8f08fd346264662462ce729
:049ab8001a46c1e7a2
:020000040000fa
:020000040c03eb
:109abc002de9f04f8db05608bdf95c501b9c0595f7
:109acc00bdf864701444bdf960500a92069507976e
:109adc001a9d00f0338108330234013e05f1100267
:109aec009e4605f108030394b4b202933b461b9dba
:109afc0002ebc402103301eb470702350b940892ba
:109b0c00049509930190019a7046079b166802eb25
:109b1c00030c029a2ffa86f91eed025a4fea3626ea
:109b2c005eed015a2ffa86f6d1f800e0d7f800b0b6
:109b3c0052f8088c29fb0e83dcf800502ffa85f4c0
:109b4c004fea35252ffa85f529fb0b8952f8048c41
:109b5c0024fb0e8ed1f804a024fb0b847a6826fb20
:109b6c000a3326fb029625fb0aeed1f808a025fb4a
:109b7c000245019cd7f808b0d4f804804fea38228b
:109b8c002ffa88f82ffa82f228fb0a33dcf804400b
:109b9c002ffa84f94fea34242ffa84f428fb0b664d
:109bac0029fb0aeed1f80ca029fb0b55d7f80c9029
:109bbc0022fb0a3322fb096624fb0aead1f8108047
:109bcc0024fb0954019ad7f810b092684fea322955
:109bdc002ffa82f22ffa89f922fb0833dcf80850ad
:109bec002ffa85fe4fea35252ffa85f522fb0b66f9
:109bfc002efb08a8d1f814a02efb0b44d7f814b0f8
:109c0c0029fb0a3329fb0b6625fb0a888a6925fb8d
:109c1c000b4b019cd7f818e0d4f80ca04fea3a296a
:109c2c002ffa8afa2ffa89f92afb0233dcf80cc0d6
:109c3c002ffa8cf44fea3c2c2ffa8cfc2afb0e6684
:109c4c0024fb0288cd6924fb0ebbfc6929fb053380
:109c5c0029fb04662cfb05882cfb04bb07ee903a11
:109c6c00029ab8eee76a07ee906a02f1080300f177
:109c7c000802f8eee76a07ee908a26ee056a169857
:109c8c00b8eee77a07ee90ba66ee856a059ef8eeb6
:109c9c00e77a0293bdeec66a019b27ee257a9646bb
:109cac00fdeee66a099a67eea57a16ee105abdee3d
:109cbc00c77a1344054416ee904afdeee77a0193f9
:109ccc000444b54217ee102ab8bf354617ee903a49
:109cdc000244b4421698b8bf3446b24203eb000caf
:109cec000698b8bf32468542a8bf0546b445b8bff2
:109cfc00b4468442049ea8bf0446824206f8025c25
:109d0c006346039da8bf0246844505f8024c06f83d
:109d1c00012c06f10202a8bf03460492aa1c05f806
:109d2c00013c0392029b089a9a427ff4ecae0b9c86
:109d3c000a9b013403eb44041b9b1c4420460db0ce
:049d4c00bde8f08fef
:020000040000fa
:020000040c03eb
:109d50000e2900d070472de9f0474ff4ac77dff8bb
:109d600044829379144607fb00f7d2790546802197
:109d700008eb070643ea0223d6f8ec20a6f8e83001
:109d8000f069136c984794f800c00cf01f03032b84
:109d900012d8dfe803f05a5313024ff4ac7000fb03
:109da0000585d5f8e030c6f8d8302a8ba6f8d02043
:109db00095f8dd20012a62d0bde8f08794f8049080
:109dc000b9f1000f6dd149461cf0600c40f0928053
:109dd0006378002b40f09d804ff4ac74494604fb3f
:109de0000584d4f8ec20a4f8bc30e069536b9847a4
:109df00094f8bc2094f8de1060f3000284f8bc20d4
:109e00000029d9d007f1bc03022107f164024344c1
:109e1000b16642447366b4f8e8308b4201d001d990
:109e2000012373674ff4ac73802103fb0585d5f8dc
:109e3000ec30e8699b6bbde8f04718473046224696
:109e40002179bde8f04708f0cfbd1cf060031fd0ba
:109e5000402b59d0202bafd14ff4ac7303fb0585b9
:109e600095f8de30002ba7d0d5f8ec300022e86959
:109e7000802185f8c4209b6abde8f0471847002b75
:109e80009ad0d5f8e42021460e20bde8f0471847c7
:109e90001cf0800f2146304632d1bde8f04703f078
:109ea00041b84ff4ac7303fb0583d3f8b420b2f888
:109eb00002e0bef1000fcfd000210b4607e00528dd
:109ec0000ad01078034402449bb29e45c4d950780e
:109ed0000428f4d19178f4e790784845f1d14ff413
:109ee000ac7303fb0583db7803f00703052b3ff41a
:109ef0006bafb1e722463046bde8f04708f074bdcd
:109f0000bde8f04704f010b94ff4ac7303fb0585ce
:109f100047e7012b17d0032b31d00c2b7ff44caf2c
:109f20004ff4ac7303fb058595f8de30002b3ff44e
:109f300043afd5f8ec30802185f8c4c0e8699b6a4e
:109f4000bde8f04718476488002c7ff435af4ff424
:109f5000ac73494603fb0585d5f8ec30e869db6a4c
:109f6000984795f8de30002b3ff426af07f16402e6
:109f700085f8c44080217466b466424457e764881b
:109f8000002c7ff419af4ff4ac73494603fb0585f1
:109f9000d5f8ec30e8699b6a984795f8de30002bdd
:089fa000e4d109e7a8770420d1
:020000040000fa
:020000040c03eb
:109fa8002de9f04f8f4d89b0d5e906236c6a501c16
:109fb80043f10001c5e90601002c6cd095f820306a
:109fc800013385f82030a368002b40f0c980dff802
:109fd80018920126a368002b38d1a0782675e2686c
:109fe800667500285ad1002a6ad095f82030e769aa
:109ff800002b6bd095f821107b1e033316d8bbb20b
:10a00800042b13d85b0109eb0300c26997420dd1f9
:10a0180019f8032052b14278002a40f0b480002297
:10a0280009eb030009f8032002754275b5f9080029
:10a038000bf026fd95f820300bb985f82860e2680a
:10a048000ab1206990476c6a002cc3d14ff0000a0e
:10a05800654e0194d346cdf808a003954fea4a11fe
:10a0680009eb01035a7d02f0ff0c22b1b27883f8a4
:10a0780015b0012a3bd00af1010a2036baf1050fc2
:10a08800ecd1019cdde90235002b72d195f8203026
:10a09800013b85f8203009b0bde8f08fa3691bb3f8
:10a0a800a1680027d3f808c06144d4f818c09960a3
:10a0b800c5f824c0a7610028c2d100236370bfe798
:10a0c800a369002becd16a62a261f6e795f8281023
:10a0d8000129b6d1b5f9080085f828300af07afccc
:10a0e800014685f8210087e76b62a361a8e77268db
:10a0f8009a60019ad3f808e0002a35d07346002404
:10a108000020cdf81cc0cdf81890002507468c46d5
:10a11800cde90434dde90489019b00e013469a681f
:10a12800a01845f10001894508bf804523d39968e7
:10a138001f469a69641845f10005002aeed1614668
:10a14800ddf81890b2619e61aeeb040349448b6060
:10a15800b369002b8fd089689a68521a9a608ae787
:10a16800a368013ba36032e7c3f808e0cde9016cbe
:10a1780081e76c628ae76146dde9069c3fbbb36113
:10a18800cde9016ce0e7d5f824c0bcf1000f21d07f
:10a1980084451fd0674600e01746ba69002a18bff1
:10a1a8008242f9d172b109eb0300826922b1806859
:10a1b800d2f808e0704490607fb1ba6109eb0302fd
:10a1c8000020906109eb03020020507027e7ba696c
:10a1d8003b46b7e762460027e4e7dcf818206a62e6
:0ca1e800ece700bf388304202080042036
:020000040000fa
:020000040c03eb
:10a1f4000b1b0d0c7f120d250e406a474b7c671616
:10a204007f28003ecb0e7f86105aa2d122f6467fcd
:10a214002ceb27f406e704fbc5f0ee81e5030a0402
:10a224000d1c0ce281e0f5f6f6e881e5f80ef8d0b5
:10a234002cff81531893400df90df6f77ff7fadce4
:10a24400f70d670d1b7f24d68ad8f081e8021df82c
:10a2540008100524c00a4c81143baf12cec5d5c2e8
:10a2640081bff008effce8f3d881c4d7b5d8f6bfb6
:10a27400f92a7f2cfd050108f107ff7f07f9ecfea1
:10a28400eadddedaaed3c881b6e100e9cb81e2eee5
:10a29400e8e6e7e1e7a381adedbef92612e95f3d0b
:10a2a400813c21b30a0d0b007f0603f4fef6f7fc94
:10a2b400ff813103e805ee10ea247f2df51c00ed43
:10a2c400ddf67f7340daa4cff0e9dcc2fd7f7be1e9
:10a2d400cf1b3f1f7c577f233923fb50fe3d7f4a12
:10a2e400d959df1833212d7f490e4d25f181ec0c0e
:10a2f4001a0dfdf2ff94f6ab811988b20ab9fbfe80
:10a30400fcfc7ffb0351fe030702011dfbed81ed05
:10a3140050dd4d78e07f50e75df0eaed0f7f130ae2
:10a324003e142f5032057ff806c901050a06327f14
:10a334002b175c0dfbf2fef9c1fdeb81e8118110d6
:10a344000f980723e724fdd6fd097f0e01ddfff5f5
:10a3540014ea02b7feff7f000035f7197f1d0738a6
:10a36400fff830002a7f37fc1d08ef7ef4fe81f2ef
:10a37400e527f4247f323166370255fdf6f6fa1ede
:10a384007f1cf3cbf60cbdf1ee06be067381f3f829
:10a39400fd447f5cd9c4e0e388dfa5819a10aef95f
:10a3a400487f51f0f2e6c699ca25d8fe7f94e83971
:10a3b400cd01048c1bf37f0b08f418167522f3f1fe
:10a3c400f5177f2b2e4d2ee981ec07070afcfbfec7
:10a3d4000f7f1500e4fde3231c812e43f41de607e3
:10a3e400ed06f59df00c7f0e023705fe81faf9e4c7
:10a3f400fbf6ebf0f7cdfc2e7f28f2d0eeeef3ed7a
:10a404002e7f37f508fbfeb6f8267f2b03f30704ef
:10a414007ff30317061b5224c081c0fdd5ff17e04c
:10a42400203b8142fae007eccedbe97fea2695295e
:020000040000fa
:020000040c03eb
:10a43400f67ff401fc02010dfffa32190a1a0b0827
:10a444007f15fe05ff02e704f97ff60f16070fa03c
:10a4540010f27ff4d281d8e1d8d501b2f704ad0e61
:10a464000eec09f47fe9277f5800d00d0215f1efb7
:10a474007fef13b00ff72ff8157f191bfb0fcfb425
:10a48400cafff4f0f1d4ef427f31e788dff07febcd
:10a49400ffc2fd05f6110e22eb323981817792b7a6
:10a4a4004ec6c841d67f086a29002b19181b140808
:10a4b400213a7f43265e23083bfc0102f7f47fe741
:10a4c400197f3dcc86c734353ddd7fd923771733db
:10a4d4009a36367f43466849022009097f0605df1c
:10a4e40007f405f7ec2bf5397f161c500a21531e8f
:10a4f4000b3805ea81e9172811757a7f1f2e0c00a5
:10a50400f9ff11d9f27fa4dbdfa7e07a7f710dedab
:10a514000b01f6fff74bf6ac81b6ff7f00f6e8fdc2
:10a52400fdf9fc197f143ff3392d1033f5f8f27758
:10a53400297f0c1f199859bf8154a39812bc8148d4
:10a544003fc4471bad1132300f2f3cfa3f457f58b3
:10a55400247f38fdb6f3e7f0e6f8f0fb0812fe05b9
:10a564007ff8044707257f1bf4aefc22ec147487a4
:10a574007f2be827d784cb81bb91f8e6053c7f2b62
:10a584001b5904a78ba38b81834b7f5a05021000b0
:10a594000a00127f12e296ec77b0390e63f37fb1b2
:10a5a4002c3a46811b51b8370dab0d71faf77ffb7e
:10a5b4000772eb0cde11f3edf3cd81d8fddc040062
:10a5c400c80a8fbb811d7f414b286412723bf287fe
:10a5d400fc117f050c3206fd24fd0f3ff2007fa025
:10a5e400f58104004ff61d5c15267f371f4118facc
:10a5f4002105007ff60cd40915940afb31fa1d3ca1
:10a604001adc81db091f10eec6e51a7f21eb78dc2a
:10a61400437f2dfe480095819614341607fd0b1dcb
:10a6240081f5c57732b77f08310a2d4b7f4ca9bd20
:10a63400b2f2dae9efd5e8457f540a0d04f304f5e4
:10a644000c7f0f1d9a213ade4166815afc27812135
:10a65400e2acfb349706e80f1f8112554842f67f9f
:10a66400f106f8040228fd0d940ef02df91c7f026a
:020000040000fa
:020000040c03eb
:10a6740007220c1c7f2b0e4d17187f2a08e200fcc2
:10a68400e0fb540a5b7f14756714702d6d2d4c4ce0
:10a6940040317f270f52ba0c7f91055da3fb18f65a
:10a6a400ed7ffa0dca03384b38667f66012ff90433
:10a6b4006109fd7f08f94709dac8de81c49ad3bb72
:10a6c400be02a60108810413a913a74ffc81670adf
:10a6d400ae3b17207b4e457b60247f38f1dcfc6267
:10a6e4007f5fe0bce407e601dda5d82e7f3901f8e1
:10a6f400fffef800f50b7ffd81e7df9bcd21bd2236
:10a70400fbf3fbdf81cc0b3b12f8fff90f7f1d1726
:10a71400db12117f29091e0cf7f1f07f12786f1bf1
:10a724007f54075d10930e0781fbffdd04147f1e29
:10a73400f2c8f2f8cef2a132a2b031b3813685224a
:10a744009b242987291c811e0330d2225981091296
:10a75400eb040b0ae981db0413097f34c37c37ce95
:10a764005a51c7007409067f01ff40fffbdef6075c
:10a77400150e067f22fb07ffbe81bbe7b1e0fabde1
:10a7840056e5ad7f10c33e441a4c6ecf7f41284539
:10a79400ca81b9d991d30420fdbb5abfaf30afac45
:10a7a400818de6cde8f181e5f4d3db3df8cb76008d
:10a7b4008135fcc3f412f7f3beee507f5901cffc90
:10a7c400d281d5e49bd5045a09077f03fb3cfb11d6
:10a7d400212e635b7f0f0b25f9f0ef4b7f5cead6ec
:10a7e400e5def1da82c181fafffbdad6dbf520fe81
:10a7f4006f7f7dff7f07fac2f403fffdefbae1d359
:10a8040081c40dcdf7fbc4f1f2d7ede781defd8104
:10a81400f705460cfa22fb0b2109f0b3e7177f2357
:10a824000f6c147a6b7f0211f1feb4f2f0bfedd518
:10a8340081d7146b20e783e1cf81b4277f371604d7
:10a8440014dde7e6517f6509c319596570ae81b41b
:10a85400b9aec9e99ceb3b7f3cf39bececf4030ef3
:10a86400c50319f923cf7fd7f6cbf5277f34f7db60
:10a87400f4fb04fd1e1b22457f5b4aabde7c81d9c1
:10a884004fbeeaf8c7edbf8dd1cf81bcd066182387
:10a894005b53fc7f26fd54fcf17fecf943f7fa0689
:10a8a400f9dfded9207f2d05e904e8b4e6b881a9f3
:020000040000fa
:020000040c03eb
:10a8b400f8fef4f0627fe20c44d31e16007f4e00d3
:10a8c40073470ff2f70e998a019781174950327f27
:10a8d4007f2e3e41173343276a7f163b48f520e518
:10a8e400e57098ec7f8fd21e10862e4b812f49ea9b
:10a8f4001625ed507fdc26562e2ef83f71450a7f33
:10a904006505fa7fe991200504dd1b706407101bbf
:10a91400df818a044537f27f6fef2c1e142c341725
:10a924007f76116d68efd7d8e88196eea4b904025a
:10a93400d50a6399fc7f953e4e22437f60286e576b
:10a94400f5eb08f1373bfa7d7f082c1c367f6f3618
:10a954007461e72334116b7f286a75f3c3cce182f9
:10a9640081d7aea2f9e006d981b8e197bc110414ed
:10a97400fda8a6008881fee8dfcf8194d8b0c20389
:10a984000d24167f7d1176601b7f74227a760d1b51
:10a99400151db5281e815e0eaa4b2610d157348c86
:10a9a400452a81091c21030704f28b8193bb748e11
:10a9b400c27fe3010906d3a0dc8791c481c5166a6e
:10a9c40051217f6a0e3f33fee0d8edd8dce7647f87
:10a9d400f845c0e07faace789d2cd2f37fd9a87c1d
:10a9e400dea9f015221e656c317f7cf331ebb17f5b
:10a9f400bda76ce4ff2f33137f611a6c330f494af0
:10aa0400187f7216523bedcad6fe414d0e697fed9a
:10aa14002e3fc34f7fd41a55ff9e96cef703e9739a
:10aa24007fff2b3a0c687f0c455ae7bcb4dd8f815d
:10aa3400e3b7b0f5060be260d2ed7faddc8d268185
:10aa44006f361164cde8ac9bd18189dea8adefc32c
:10aa5400b4eecadd0f7d7f10685b19797fff182281
:10aa6400dbb9becb878bdf8197fd8681da849a3d83
:10aa74003f3c0f412b5d7f165c55c8164542257a35
:10aa84007f236059ea86df878111aeed4cf40e1204
:10aa9400084f670e6d7f0a3b31de81890a443e040c
:10aaa40056512d7f79dd1204355255167f7ccc30fa
:10aab40053215262477f734859f0f3b9cae3819135
:10aac400f58489c00c2cd6797f087d7f03f7fce7d9
:10aad4008191de9b9c2967ef4a74c1163781040f6c
:10aae4000b175f60dcaf81fb2b21087f7801515885
:020000040000fa
:020000040c03eb
:10aaf400a453000056000000382f0000911c0000f1
:10ab04008a4b0000f33400004eaeffffb8c4ffffd1
:10ab1400ed4e000053d1ffff887e0000760f000049
:10ab2400aab1ffff876a000039170000424c0000f9
:10ab340037b7000077f2ffff78030000c08e0000f3
:10ab44001d0300003c2c00004d0300006bdcffffe4
:10ab540056e9ffff0d260000498c0000569bffffbd
:10ab6400359a000067f9ffffab160000ecfbffff0e
:10ab74002d8600002aeeffffe930000045ddffffcf
:10ab8400d5300000ad2700002de9ffff4b3a00004f
:10ab9400f00f00006ce8ffff04acffff6d760000cf
:10aba400f5500000e20200006b8200005e440000e9
:10abb400b59700001b640000c8bc00009f2b000078
:10abc400d16fffff0b22000066eaffff751500003e
:10abd4007d2d0000e220ffff695d00009147000029
:10abe4005d6c00006b29000021590000c10e0000bb
:10abf400cf9a000086740000fa8fffff312c00000a
:10ac0400a2f1ffff659000005a8300000ebaffff17
:10ac1400adfcfffff44e00001a3200006fe2ffffac
:10ac2400cd80000064280000d6780000d18d00009b
:10ac340045240000d5500000cddc000015190000ab
:10ac440017f9ffffd68000009f4f0000056c00003d
:10ac5400395400003cebffff36a400003b770000b2
:10ac6400fef6ffff1e6e00005c69000051beffff90
:10ac7400d1beffffe54b0000ffdaffffc40a00006e
:10ac8400a5f2ffff02930000e8f5ffff5512000054
:10ac94007fb10000c013000045150000ac9b00000c
:10aca4007b860000150c000031e5ffffdf1000007b
:10acb4002d5e0000ffd9ffff66c8ffffcf5a0000da
:10acc400c6100000e6240000b11f0000d2150000e9
:10acd4008ebc0000284700001a800000842a00006f
:10ace4002c1100004e2d0000e0c7ffff2dd9ffffff
:10acf40019820000ebd5ffff673a0000ea04000068
:10ad04001fe9ffffb91900009c860000082300001a
:10ad1400da190000380f0000fc430000bdc6ffff35
:10ad2400e88b000060830000683c00005ea1ffff28
:020000040000fa
:020000040c03eb
:10ad3400fe19683af93ef83bde196d3b9d7c313bc8
:10ad440041f3443b62de203b436c073bb8e0203bcd
:10ad54007bb1553ba045a13bdf7f1a3b4b36c43b3f
:10ad6400687d063b4c0fc43aeebd043b88837c3ab5
:10ad74007470de3a01a8fe3ab317b23b2531583a53
:10ad8400f9fe393c06b49c3b46fb233b145bf83b81
:10ad940022f5163b0b3fba3aa01d4d3b45b3e43aae
:10ada4003879883b1958953ae8a41f3b04d2783b7c
:10adb4007f3b6e3b0fe1023ce3a46f3aac0dd33a08
:10adc4002121613bdc2ca03cd3a1323b2cf65f3b20
:10add400ee7f503b8e84c73acf6dc53ba8e01e3a48
:10ade400fb831d3be2c1793b6f34413a4af0f83aa8
:10adf4008e1e403a3d03143b8290873a0d3f993ba7
:10ae04007022973ad9e4be3ac665ef3a1847933ba5
:10ae1400ab74e03a1abb7e3a7d7e073bfbb93f3bfd
:10ae24003aa4bf3aad1f923b6642863b4fd9273bbb
:10ae3400dbfc1f3b466a653b69d9f23aaa47b93a3b
:10ae440063a4b93b76cea83b5731bb3ae810873ba5
:10ae54009ca9f93ae1bf6f3a00266c3a756d493bfb
:10ae6400c060a93ab362943b5395843a3316ad3a21
:10ae740054fe693ba000103b095d0f3bb93dc83a45
:10ae84004079353bf6a74e3be981cd3ac574753b15
:10ae94005cb5603b37720d3b967ac83a60ae393a7e
:10aea400fadd563bfd61953a1615b63a8fc5643bfb
:10aeb400bee7953b496b5c3b7216113b34d0143ca6
:10aec4002137723bc49d9a3a9808053b6791013b30
:10aed4004958523b83e76d3b12fe3e3bfdc4e73ac3
:10aee400b4c9be3b3bc0483b1942393b2e71bb3b06
:10aef4001663983be869823ba4ab5e3b50d79c3b0e
:10af0400654c123bc8bd4d3b0be2ae3a522f9f3b02
:10af14003c25043b2a1a7f3bea8cb53a93150d3b3a
:10af24000272373beae3343b1fe1cf3a7975f83ad2
:10af340017f7de3a253f8e3bd1ac173bc417953b40
:10af440063e5173ba240303b77df1b3bd484993b3e
:10af54006ff6213b9ee5d93a0358393bbae0513ba1
:10af64006c8d1b3ba0cee83a266e513bb5d23d3bdf
:020000040000fa
:020000040c03eb
:10af7400864b00228648012148f68e5c2de9f0417b
:10af840018600325022005260624824f4ff0ac6e7c
:10af940083f8475083f84d204ff0360883f84e204d
:10afa40083f8511083f8521083f8561083f8332035
:10afb40083f8362083f8372083f8382083f8392043
:10afc40083f83b60c3f82cc04ff0330cc3f8807097
:10afd4000427c3f890e083f8ca1083f8cb0083f801
:10afe400d52083f8d62083f8d72083f8d84083f877
:10aff400d92083f8da2083f8db0083f8dc0083f8b7
:10b00400b560654e83f8ba20dff890e183f8bb2081
:10b0140083f8bc2083f8bd2083f8be20c3f8006108
:10b024003026c3f810e14ff07c5e83f8401183f8ba
:10b03400411183f8441183f8452183f8461183f8bc
:10b04400480183f8490183f84a0183f84b0183f8e6
:10b054004c0183f84d0183f84e0183f84f0183f8c6
:10b06400551183f8561183f85741442483f8591134
:10b0740083f85a1183f85b2183f830c14ff0400cf8
:10b0840083f8327183f83371202783f8342183f8ed
:10b09400352183f8362183f8372183f83a8183f800
:10b0a4003b5183f83c6183f83d514ff46f65c3f81d
:10b0b40080e183f8c21183f8c31183f8c41183f8c3
:10b0c400c51183f8c61183f8c71183f8cd1183f82d
:10b0d400ce1183f8cf1183f8d01183f8d11183f8fe
:10b0e400d21183f8d31183f8d41183f8d51183f8de
:10b0f400d71183f8d80183f8d90183f8da0183f8ea
:10b10400db0183f8dc0183f8dd0183f8b14183f8c6
:10b11400b24183f8b34183f8b6c183f8b74183f8e9
:10b12400b84183f8b94183f8ba4183f8bbc183f8c5
:10b13400bc2183f8bd2183f8be21c3f80072c3f893
:10b14400107283f8452283f8322283f8c12283f8ef
:10b15400b022c3f80053c3f8106383f8442383f880
:10b16400452383f8460383f8470383f8490383f8a8
:10b174004a0383f84b0383f8322383f8332383f899
:10b18400342383f83523bde8f08100bf00008444f4
:10b19400806040000008e01e2000000820008008b5
:020000040000fa
:020000040c03eb
:10b1a400431e033300f2fd800278002a00f0f98088
:10b1b4002de9f04f01f00e06c46883b0102918bfc2
:10b1c400002ed4f85080256e14bf0126002640f0ce
:10b1d400f18067788a46a37857b9002b6ed194f82a
:10b1e4005c30012b67d06ff07e0003b0bde8f08fb8
:10b1f4003746b146002b69d0baf1100f30d04ffa60
:10b204008afb0af00f014feadb7303eb410303eb04
:10b21400430305eb8305eb79da0709d5aa7903f033
:10b22400fe03002a65d1ea7ceb7122f00103eb7482
:10b234006378012b03d0b9f1000f40f09f80a3780d
:10b24400012b01d0002e47d137b10123002084f80f
:10b254005c3003b0bde8f08f384603b0bde8f08f32
:10b2640008f580589022002104f16c000af024feb5
:10b274004021204607f05efbb8f80630e87903f475
:10b284007f43e97cea7f20f00100a8f8063021f032
:10b294000101b8f808c022f0010295f82b300cf433
:10b2a4007f4c23f00103a8f808c0e871e974ea7739
:10b2b40085f82b30bce784f85c701746b4f9580065
:10b2c40009f08afba3788146002b95d1b4f95a0082
:10b2d40009f082fb06468fe7b4f95a30002bb3db42
:10b2e400012203f01f0036495b09824041f8232004
:10b2f400aae7aa88eb7182b32889012a4fea50157c
:10b3040000f01f0059d901235b009bb29a42fbd87d
:10b31400db08232d21d81b3504f1fc0201914ff0e9
:10b32400010e04eb850aa44611461844cdf800a08a
:10b334005af8045ba0f12004c21a013b0efa02f28f
:10b3440085ea020528d09c42f6d18a454af8045c75
:10b354004ff00000e9d1644601990123bbf1000fcd
:10b3640008f5805803fa01f3dbb26fea03031bdb31
:10b37400b8f808201340a8f8083059e7b4f9583051
:10b38400002bfff65caf012203f01f000c495b09a0
:10b39400824041f8232052e7dde9003164461d6014
:10b3a400dbe76ff07c007047b8f806201340a8f87c
:10b3b40006303de76ff07b004be70023a9e700bfb1
:04b3c40000e100e0c4
:020000040000fa
:020000040c03eb
:10b3c8006acdffff65e9ffffe8fbfffff7be01005d
:10b3d800a1d3ffff04daffffe428000054ceffffeb
:10b3e800dfcfffff3de5ffff55fbfffffe2f00000e
:10b3f80054ebffffc4c6ffff94d2ffffa70600006f
:10b4080068d8ffff3debffff920a000061e7ffffee
:10b4180030b8ffff77feffffc6d3ffff9bd4ffffc7
:10b42800eee5ffff09cfffff2ae2ffffd8b3ffffda
:10b43800f9f9ffff7ddfffff63020000aeddffffcc
:10b448002ac9ffff4605000052f2ffff5211000013
:10b458004e1e000018c0ffffb6fcffff57fbffffa2
:10b46800e4feffffc3f2ffff67fdffff2bceffffe8
:10b478004fe4ffff0ddfffff42020000b9e4ffffca
:10b48800eaedffffd1dbffff93f1ffff55dfffff81
:10b49800b7f6ffff27f3ffffa3d9ffffedddffff9f
:10b4a8004df7ffff59ddffff1dd2ffff7a2d00008a
:10b4b800aff5ffffc2e2fffff1ceffff45d1ffff6f
:10b4c800bfc8ffff32100000bac7ffffe3daffff73
:10b4d800dfc6ffffcae7fffffaf1ffff16e3ffff32
:10b4e80041f6ffff40100000d429000003bfffff12
:10b4f800e7f2ffff7dc5ffff5fffffff4e40000043
:10b50800f6c3ffffe3bdffff29070000d1030000da
:10b51800101a000052eeffff24d2ffff6be7ffff77
:10b52800c2d2ffffe2f4ffffa40a0000241c0000bf
:10b5380043ccffff5eecffff44e3ffff0de7ffff97
:10b54800f9dbffffcad0ffff97e8ffffd5ddffff5c
:10b5580086f2ffff3ad9ffff14f3ffffb9d8ffffc8
:10b56800c4e8fffff21800003db2ffff27240000e7
:10b5780004deffff9bf7ffff33cbffff2fdeffff4c
:10b58800eedeffff53eefffff4e4ffffc1e3ffff32
:10b5980060fdffff86cfffff6df5ffffa3eaffff0a
:10b5a8001501000059dfffff6fc0ffffa4e8ffff90
:10b5b800c1190000dbe2ffff93050000ca14000078
:020000040000fa
:020000040c03eb
:10b5c800b8f6000053b6feff13750100e111ffff46
:10b5d800c5a7ffff262f0000612501008b5401003d
:10b5e8003e5b0100cc5dffff2beaffff65290000f1
:10b5f8002a3c0100704101002c5001009a6b0100a7
:10b60800ca610100a647ffff563c01006b340100e8
:10b61800391b010091410100a043ffff8e3001005a
:10b62800aa410100b46c0100137affff6708ffff0d
:10b63800ca5501009e3b010057caffff2292ffff37
:10b648009c82ffff43eeffff06aeffffc80bffff24
:10b6580062260000c3390100c45301002fb2ffff66
:10b66800c3480100733a010048780100963b010085
:10b6780093250000fe3f0100f3b7ffffae5e010017
:10b68800fb5a0100273f0100b0b8ffff5f9101009e
:10b6980074400100aa4e0100ce2d01000f250100c3
:10b6a8003a2e0100a41b0000e362010086beffffe2
:10b6b8002d2e0100bd67ffffc2e7feff1932010012
:10b6c800c732010032a7ffff544c01009125010049
:10b6d800993c0100b53dffffcdadfeff1775ffff9b
:10b6e800b540ffffc90d01008b490000395001002a
:10b6f8009118ffff3e3f01002c71ffffb9e5ffffe6
:10b7080009680100202b0100260cffff191a01000f
:10b7180029cffeffb530ffff095801005f3c01004b
:10b72800b8180100172d01000414ffff6610ffff71
:10b73800d9430100e74a01009f5c0100ce89ffff61
:10b74800a3420100f62f01007a880100315101005f
:10b758003a66ffffdb740100d22301003450010078
:10b76800d3fbfeff66f0ffff66420100e94e0000d2
:10b77800513a010092350100f53401009b47010060
:10b78800424d0100da42010068dd0000402e010050
:10b7980092d8feff5a2cffff1078ffff7258010065
:10b7a80090a3ffff6d46ffff00410100700f0100ed
:10b7b8003aeafeff2f4f0100b2defeffde0bffff6d
:020000040000fa
:020000040c03eb
:10b7c80046f0bc3b7db0cd3b26050b3ca72ce73aa9
:10b7d8002f13893b0921083c7654063c8ee5cd3b66
:10b7e800d0e5c23b2235bb3be5c70b3ceebdb43bc5
:10b7f8002633cd3bd0c09c3bd58de53b6006e03b76
:10b80800e94e2f3c03aa9f3bde2dad3be902c53b29
:10b81800866bbb3bf972123c0a34203c9b70e63bba
:10b828004c83de3b5ff0dd3bcb13b03b0bfb953b22
:10b83800d1a1d43b3af3fd3b9e2c1c3ca854d53bec
:10b84800443fd03b33b9c53b3f9df23bcc48cd3b51
:10b85800854dc63b16c6f73b1672073ca1e4e63b8e
:10b868007c01cd3b80b8b33bb4fb103cf0c3d53b67
:10b878002cd50f3c64e8df3b9e59dd3bdb08f23bef
:10b88800e5c3363cd7051a3cb24ce33bedaf003c70
:10b89800ee36f23b6d38083c0487e13b78e1123c18
:10b8a8006fffea3b215ba13bc3fbcd3bd72e933b0c
:10b8b8001065c13b841bd23b9f18aa3b4c95993b12
:10b8c800567caf3b7321063c99d0bd3b3c4a043cb7
:10b8d800a979f13b0240e33bf98bcb3b65b1af3b28
:10b8e800dc46b13bb051003cc9e3d93b6810d73bbb
:10b8f8007cabe13b2904a63bbd26253c2adc3a3b30
:10b90800109ab33bfd23bf3b496b9b3b7a80c13bfd
:10b91800562aba3ba034ca3bf254953b0c4db53b72
:10b928001387a33b320b093cc601013cb648903b48
:10b938008799b83bddb9cd3b4c9ff03bc2070c3c27
:10b9480061af8e3b5dc6bb3bfda29a3b8f278f3b09
:10b95800dc9ad03b4ef7a13b1e58c13b81baf93b5c
:10b968004f5db93b3819173c4d94963b3052cf3b4d
:10b97800a4ed473b334fd23b7f87993b178ab43bb3
:10b9880066a4f73bb3b5b33b7812de3b281adb3b22
:10b99800b3e5c43b3cc18e3bb311ec3b1effad3b52
:10b9a800fcfa9d3b0e97b23b4db98b3b96c6a43b28
:10b9b80037ebb13bb545b03b9dbac63bccc0bb3bb2
:020000040000fa
:020000040c03eb
:10b9c800bb0e283c588a8d3b6498063b5e893a3cfe
:10b9d8000082393be00ba83bd7d6973a3264a03bac
:10b9e800c955573b0054a83b69b21a3bc91bff3adb
:10b9f8000c8f843b583bb03b5ba3ce3b6d69323b1d
:10ba0800139d9f3b2b6a513ba3f0733b1de4653ba1
:10ba180037ff923be5fa1c3ba365c33bc06a3c3b3e
:10ba280029764f3bbf569c3b8607463b9a9e193c5e
:10ba3800bb232b3be92bbf3b7d3e293b502d833b52
:10ba48003c5e6e3b0b4e2c3b3415243b8d5e973b86
:10ba5800429f063beb3a193c0b3a223b344f0f3bd3
:10ba68005ee5673b35b05e3b4fa12a3b58eb7c3b1c
:10ba7800707e0c3b04700a3c6ef03b3bcfefe53b1d
:10ba8800bcd5533bf64f4e3b539e493b6004eb3bc2
:10ba98008ccb043b6fb2123b80788d3b0d123a3c45
:10baa8005e9a603b019eec3af45d913b2812373b6d
:10bab800ab37503b1336083cd39f0f3c3c67653b84
:10bac80005a3dd3bcbdcc83adf92063c13c6af3b8f
:10bad800be63fe3b89bc993bad7d703b69a12c3ba5
:10bae800eb4f763b3ae5eb3a282ff73a6ee6953b73
:10baf800df814a3b6e89113c3afaf83ab985ad3b89
:10bb0800c4ab133c9af3793bc767443b3757663b52
:10bb1800a8bc573b6c72843b1e8d253c38de9d3b90
:10bb28008502db3b4575b83b482f203b959e423b41
:10bb380089dbcd3b8e96b83baa39bc3b7619f33ae4
:10bb4800aa711d3c9927973b3591803b9dceff3bc1
:10bb58009ba2583b93fed83b1a0d793bdced033c86
:10bb6800e0efd03bfe00e33af72ac53b9c08093bcf
:10bb780018455a3c168f103c8d5fe03bf879c93b5d
:10bb88001fd0823b5009913b0c4a823b95d4833ba2
:10bb9800b1cd7a3bea4b343bc3cd493bbb9ba63b7b
:10bba80081b19c3b6196193b142abf3b2c0a173c78
:10bbb800f0b2543b24ef033cb33f763b3c057f3b5c
:020000040000fa
:020000040c03eb
:10bbc800087ff8001411014fe7de1ef3f80efdd1cf
:10bbd800d709f100fceefffbd153fa2935dae77fec
:10bbe8005201d14d45e47fe9f8f851da312acfeb1b
:10bbf800fa07251fe91cf6e6ea81b6d9e645189b3f
:10bc0800640fb836dc81af0bd201e3d32731bad346
:10bc180012082e1ff2f5d7e0f902017fe663d8304b
:10bc280010fef2701f6582fd341a79812092c7ffd9
:10bc380047e31bf6b3db0dfde1eb6fe3fe0c7f1969
:10bc4800042a03fff0f50681f239040f03ec0ac059
:10bc5800067f01fbf3fdfe01f9fc1eff04021f0a2b
:10bc6800fd01c4da21abef1d58251f7fc1b6fa0bc1
:10bc7800bddcebb4ede8fbde81fe68d01d43240b90
:10bc8800f0112cd3e7819d2af93ebc96a0ceef1087
:10bc98001003c21c22ebc6124024365f81c4e61092
:10bca800011281bc2bac72180a45b3a791ce311989
:10bcb8009f2adce65720e5d6dfc4d0e6e824818950
:10bcc8001281fb0903fcfc1c10dafbedff02f50de9
:10bcd80018001cbff43c27d8b60a818b264f382c95
:10bce800b1f2267f48fda0f016251aaa5e15561d4a
:10bcf800e6f4ebf0057f1de8d6d9fc34dcb9232047
:10bd08007fea3236c4f128ff49f5f107fad3522aff
:10bd1800dd0156dda1fc1e1cee2a1aa681b5ad2652
:10bd2800e0f77f1477d2e7e3cbd6ee30f2e84d04a4
:10bd380015f9bff90eecc4fc149a381d8104f48a75
:10bd4800fbe9fdfe0dfffd7f16affef3020ff8576e
:10bd5800c7f916db42fa10f77f572be41f31150b92
:10bd680002cc0310f9000581f447f607f0f4ffbf91
:10bd780016fa7fdcfc0435ecdaed0e310c39c6fe20
:10bd8800f323faf210eaeb904e8120cdd30af84063
:10bd98008109b9789502f10d1902c312b7485b0cf5
:10bda8001418272afc1825f82cf081f32fedda1443
:10bdb80016f60500ca4104e79d81ee26aeb0f4df11
:020000040000fa
:020000040c03eb
:10bdc80004cee61a000216e1ddfd3c0ecc2f7f2ad8
:10bdd800023ac5080d112ee9f1cedae9ccf0ef14dc
:10bde8004c2c22f59ef89922af1fce51e9323cea3d
:10bdf800242436afec1010520c017fcaaad8124680
:10be08006b12072912e710e21679f4e325051922c7
:10be18001f2931fffb37d07f0bc60406ec0513c181
:10be2800ee1098fb93b2e6030d32d6e7e429f2dd73
:10be3800e03ce27feaf47e3e3ef23fe9f42be77312
:10be480004be813c0e03e91718d207daf8fa5879cc
:10be580044d7f0d3d2dbe33b579e0acc0f1df20840
:10be680004ec0a18000114f8ecf1e204052a7ff545
:10be780007c5280cea3dde06fee9ea23fe1f9b4ab9
:10be8800c1f310f808f528c4cf23fbece50d2c29e5
:10be9800b80b083f19d3ca627f12af0dd9010df252
:10bea800fec2e55cdb04783f7f0b2241a11af71440
:10beb8006cb302330bdb45b3f5eec23be8eeeaecbc
:10bec800d4da06f1e9e5e43cb3c236dffdbc0ad0ba
:10bed80001a8de4d11e2a11b157fd0e24c261ac540
:10bee800fbecedf0ff09d8fbe3212316f00e14421a
:10bef8000ba93606f8cb6ff17f01d2a4b9e7ec00a5
:10bf08001a1f16f7c2fef6252c020f20ffadd52cfe
:10bf18001f1b4c2af4d4efd37f9ad900e612de41d6
:10bf2800bf1cc2be071c00361df814d9282f4fdbd2
:10bf38004bf581c43ff2e6f8d0a3bd16305f182e4a
:10bf4800dfd62c2bff32201412d3e51ff8e8164851
:10bf5800ff1c7fbc00dfb41af6b5b804daf1203351
:10bf6800bdfdfe1ac6101fd40fc9ce32cc60fc1a14
:10bf78000e35a0e1f2c019f50dfe6f7fdced1fe66e
:10bf8800f2f3f942015070c1127f1395ed04842c2d
:10bf9800e792b7632476836e490e0bd365044d018f
:10bfa8006959cc470806454a3b2f4543110fd42f02
:10bfb800ebd2e0dcab099df5ffe4e981eafd110174
:020000040000fa
:020000040c03eb
:10bfc800c9efdd4e56fa1f10b81081121cef082376
:10bfd80036344f23ca2228d23e9b811103080645d6
:10bfe800fc0e154efbac55b3ca05097f65e64dea54
:10bff80081491bfb4076775aca55a449200983d743
:10c00800c2a97a633048ce2dfeebfc81db7bc92abe
:10c01800230c1c210744d021123907fdb52881cff4
:10c02800992038e3f73310168138cdf7fd6551f1c3
:10c0380018140975f14171e8c67fdaac0429dc31be
:10c04800360a20fc8142380b0ed80df4ca05522c52
:10c05800d941ee0be6cc78eb0142ca7f29fe23eded
:10c06800b16bf2c621150c19815f7117dbfe2bd558
:10c078001e1381f8da502fec6a49ed9841a629b2cf
:10c0880055cbcdbb30eaf1df0b0e814492170a3c49
:10c0980014173ab902e3ece5342c707ff02c14ce77
:10c0a80067f5b0df21b1d7a7dfade581684fb3d21f
:10c0b8000913a7ef1258fa81c683752c9e3ed51630
:10c0c80008d921fb5cc0cbea2bff2b81a8f4ec3408
:10c0d80012e0c50d127f0e9112d84c6cec07d91bdb
:10c0e8000ae06bc3255f707f48c1b037dce3d7cc6b
:10c0f80039d72b1e1811aa1c81c000bdf52c16eecd
:10c108003cca13dbc56bd82f81e604e4e4e3a1271e
:10c11800a5d93bdf2fea0835fcac7f282b193f5502
:10c12800d7f91f64f0f71cf60fe8f6b7010581f69a
:10c138006737478129fb12f14baf75f052471fa7ac
:10c1480029e76ffea729df3089aa327f14fba86c84
:10c15800188d07413b15f81293ae81c9c0e6ed2b47
:10c16800f017ef0f14d33c7ff4dc47779642cdb736
:10c178001a0c0f1657e481f129d73fe5eafce5e1ef
:10c18800124bfa7f1624c3f027a605124fb857acf6
:10c19800f8b84f4ca30ca502306a171af97f1aefaa
:10c1a800b0c8413a5f20e515ab8cf281db3dbdfd9f
:10c1b800f11dfaf513b356cb3db87f6fdb11e324bd
:020000040000fa
:020000040c03eb
:10c1c8000aeaec9b3a073b5024fa37d35de9022e82
:10c1d800ec1a180e051e9f81fadf0ca5b2ebc3ef0f
:10c1e800a8f2b72036e332fba636f19b662be9feb0
:10c1f800ea31e45bd48f15ff81f5d8481aa813d823
:10c20800c054732eebafed1d0acaba38278d7f6f65
:10c21800ac4ff49adfdf06fade656f6fbdf9bfcb6e
:10c22800bbf4ea0d44cb1d35e814bbd528ee09d97b
:10c23800b7172400be88297fdc0d1921242ed1fed2
:10c248003f22f49d1b08b20f9f08d531d30821095e
:10c2580075ff7fe8cb1a32e7e92c2df9cc0d512276
:10c26800e0e2122518f1450c36d0f1dde815b2b838
:10c2780005a320effb7f005d08810effee321e2034
:10c28800d10b381d17fb49774dfcc4dff4c6433981
:10c29800f3f57fd500d931fdf92c08bbc913d1dfdf
:10c2a800ed13f72944e6ab19fe130139e4c8183930
:10c2b800de7fc0d704d5ef08001a425114b310cb63
:10c2c800ea1c811c3472f5d92e342d8a3ab854fbf5
:10c2d800dc3377670ab73e1919e7a79acaf70dfd45
:10c2e8002a02d2f4fd1ce57ff8541bbcf4cff537c5
:10c2f8002d1e1b07408fc512b106f106f50bef2066
:10c3080045eb1e023ac9ec1400eee4e67f1122c2a6
:10c3180020faf7d7c82ee5fd05f963cf4065d4f4b8
:10c3280020d362d94cb6dfd6e0db2fd02d370eeb09
:10c33800ba10fcf581250ac0120b50ead934dcd6b4
:10c34800fc17042ce6f7e9f147ecf5021836f70d6f
:10c35800e013d416163c0f81fbe5d8bc08e6260886
:10c36800f6de34ddd0f827f081f4b65db439dbf3be
:10c3780041c0e0ceda061ac9f414ea281e1c244b80
:10c38800f602d5f7690438307f3af2e8f802051961
:10c398003b265c02e7ef33361cf305acdb003617af
:10c3a800160830a13cc8f01904c259ea4fc856c74c
:10c3b800217f68efd53d264ff22125f0c201baee64
:020000040000fa
:020000040c03eb
:10c3c8000b48d611e70ae70136a54c7f1fca241d82
:10c3d800a81c1bfff3f07f05f71c1415f548b33ea6
:10c3e8000f30bbfa08557fca1c3cf5d75519009a7f
:10c3f8007f1630c42ff3e9e3ff0a4870fd10e49c70
:10c408001bc25f39eaf5f01bab5f7f35e72bd4cf52
:10c41800efe4393b24177f01ca2e1efbefc234fc20
:10c428000afc152622177f20cbf4315a2af725c398
:10c43800de1a47fc17167f443cfcb0d31a34a21a04
:10c44800caf30d2c10021a6e9206fc7ff2d5097df4
:10c45800982b7ffce8ea471ae4fd3226e5f8e53b2d
:10c468007f4f120620e014aaf9c7e0fbe6d3325545
:10c478007f09f5c9d20632edf004b9d21706c2e534
:10c4880034f4331bddef62147f3be819f9fdd16efc
:10c498007ff914061e04c204e7eff2f7112306eb36
:10c4a80039cfef530be37fe155d2d2e231e150218e
:10c4b800383a7f09f3f2553be43033ed2f4513df6b
:10c4c800d638cc1cffe1c25113d07f531302f0d4ed
:10c4d8000f01532303bc52ef13ff1a7f1df31fcc28
:10c4e800e01618019b677f57eea20942701efb07f2
:10c4f8002a55d7e7fe1343fd08f4103eff122081aa
:10c5080066ed5d2ff3ef3d44b2c96e7f0c0ae1eb97
:10c518005d167f5af6036675fac14d7e0634faba7f
:10c52800f600180de6e1fa414c7f0ef8b817e8f46a
:10c53800e803240d16043734b439e2df812913f3f4
:10c548003628231bf0ee7208f87f3102cdf5e6227b
:10c55800ff28f530e1e8071f56df268125fcf5dec8
:10c568007fe5eeac47f6991d643e7436c6e4f9449f
:10c5780001f6bc7f36119cd7d881078ef92d2ac5c4
:10c58800b5e92b14086951cc0d4b1e545b49819faa
:10c59800386dd63fec332c4f2024530be87fa40290
:10c5a8007a077fc108fd2beb07003a2c44d72cea09
:10c5b800affd01cc0b51501efcb07f3c3017dff2b1
:020000040000fa
:020000040c03eb
:10c5c800b8ce1b20e8ee21f97f64b9d721980be398
:10c5d8000e24f82aad11f0e3420e1608030c07df0b
:10c5e800e7f89c0534bdf95102022d355aec30d4d8
:10c5f800df0451344768816d1df0ed28e96c0ffeaa
:10c60800e87fdaf10138f50c00ffdb1cd3bcd4203d
:10c61800111abdbc05ed0df0cc08cbd8dffde3ed5c
:10c62800e90aef070fd465f8cff78171dce34ae434
:10c63800f0e31ae4e202031ed8e8e43a2bf186f9a3
:10c64800c78427c6ce02e6761cf6244edf72268102
:10c65800c8dc0cfeb8e426f604f29236f6f0bfe920
:10c6680050230c0fe20dfffd00ddf806f6010fec7c
:10c67800150bf9c500fefa0c0edffff881f7ed95f2
:10c688009d141ee6f31613fe15f4ee0200f1e9fd03
:10c69800810b0ef3fe0205f304fbe0fbbefb08de94
:10c6a80033efeb2110fefaf30afb15fb130015f22a
:10c6b8000d1a03470304f001363c0f2b8109035a76
:10c6c80008f1f4fa17a218dde7f92fed06d27f1763
:10c6d8000f53ecfff91302c6d7f90912fffa0df947
:10c6e800ae0b33291b01c4181a61451d2669f029b0
:10c6f800060af0f8f810ff017ff035e6c2fbea0af7
:10c70800fab9da4bfeee3081dee6c1f71004ecf63a
:10c71800ee01c1119d1ce8980c1bf9ceec24cc034a
:10c7280012e822f57fff2b070f01d70ff0fb04d784
:10c7380004f40788d3fe0df31f8117fef0d9e52115
:10c748001aaf24aaec43eb7fb1df0e4de8bce4e856
:10c75800e82d290743ce1b3a02eaf32709d3f5123d
:10c76800352016fb12cdf11b9b2f06bf3909018b13
:10c778002deef51d8106e9d4f20872e8e02d0befe5
:10c78800f37f417f3bd60fb7d19f1d9a24df223b11
:10c79800d012e9f906f4060e25f389e92ce75d21a4
:10c7a800c6039f06c635273c273a15c581d64b17c1
:10c7b800dffa01c92afb1639411d175beaf65dfd50
:020000040000fa
:020000040c03eb
:10c7c80011f00e0c40f0f280431e033300f2eb80b0
:10c7d8000278002a00f0e7802de9f04f01f00f0bf6
:10c7e800c56885b00beb4b04d5f860a06e78e40003
:10c7f8002b6da8780aeb040766b9002840f09d80e5
:10c8080095f85c00012800f095806ff07e0005b077
:10c81800bde8f08f6646cdf804c0002800f09a8085
:10c828004ff0000803f58052bbf1000f55d192f884
:10c838000201f9795af8049040f0200041f0020111
:10c8480082f80201f971b9f1000f0ed04ff0fd0b1b
:10c85800d9f80c20484689f808b0002a33d0904708
:10c86800d9f81890b9f1000ff2d10022fb7c4af8f0
:10c87800042043f00203fc68fb7454b14ff0fd0a36
:10c88800e368204684f808a0cbb19847a469002c37
:10c89800f6d10023fb606b78012b02d0019b002ba3
:10c8a8006fd1ab78012b02d0b8f1000f5cd186b103
:10c8b8000123002085f85c3005b0bde8f08fa4693d
:10c8c800002cddd1e5e7d9f81890b9f1000fbfd1f8
:10c8d800cbe7304605b0bde8f08f49b20bf1100345
:10c8e800002902eb031359db9a7942f020029a716e
:10c8f8000029b4bf4ff00c0b4ff0000b07eb0b02f5
:10c9080057f80b40d37943f00203d37154b14ff079
:10c91800fd0ae368204684f808a03bb19847a4695b
:10c92800002cf6d1002347f80b30b4e7a469002c9b
:10c93800efd1f7e785f85c601646b5f95800cde900
:10c94800023108f047f80190a878dde902310028a3
:10c958007ff466afb5f95a00cde9023108f03af82c
:10c968008046dde902315de7b5f95a30002b9edbe0
:10c97800012203f01f000f495b09824041f8232080
:10c9880095e7b5f95830002b8bdb012203f01f0027
:10c9980008495b09824041f8232082e79a7842f0ef
:10c9a80010029a70a4e76ff07c0070476ff07b006c
:08c9b800704700bf00e100e040
:020000040000fa
:020000040c03eb
:10c9c0002de9f04f13f0030791b004461a9d21980a
:10c9d000bdf88820bdf88c10bdf890a0ddf89480db
:10c9e00040f0d4809b4601fb02f31e9926464fea95
:10c9f0009b020e935b100f940d920cb21ffa82f9fa
:10ca00000793c4ea044459d0c9eb49731d9a06eb55
:10ca1000c9064d46db00ddf8689052b206940c93cf
:10ca20001f9b08921bb20a93209b1bb209934feaeb
:10ca30004b030b930c9bf11825b34246069c0b68e5
:10ca40002ffa83fc4fea33232ffa83f393fa04f38c
:10ca50009cfa04fcc2f800c00831536051f8043c51
:10ca60002ffa83fc4fea33232ffa83f393fa04f36c
:10ca70009cfa04fcb142c2f808c0d36002f1100273
:10ca8000ddd106941b9b524609990137089c0590fd
:10ca90000a980493029141461c9b019048460094d9
:10caa000cdf80cb00b9cfcf7b7fe079b26449f42c9
:10cab000c0d1cdf86890a946069c1a9d0e9bda0756
:10cac00060d55a1e0f9b0bfb0232b9f1000f14d038
:10cad00002eb8909414652f8043b2ffa83f64feaec
:10cae00033232ffa83f393fa04f396fa04f64a45b4
:10caf0000e604b6001f10801edd1baf1000f41d099
:10cb00000d9b8244ddf870c003f1ff391b9bddf8fb
:10cb100074b01ffa89f9a3f1040e09f101094fea73
:10cb200089090d9a5ef8043f9ab105eb0907414661
:10cb300055f8042b0e684fea32242ffa82f22ffaae
:10cb400084f422fb06334a68083124fb0233bd42d9
:10cb5000eed107ee903abcec017a1f9af8eee77a34
:10cb600067ee877afdeee77a17ee903a5b449342e0
:10cb7000b8bf1346209a9342a8bf134600f8013b62
:10cb80005045ced1002011b0bde8f08f012011b08a
:04cb9000bde8f08f7d
:020000040000fa
:020000040c03eb
:10cb94002de9f04f91b09a460646bdf888304fea29
:10cba4009a01bdf88c200f901ffa81f902fb03f360
:10cbb400bdf978400d910e935b101a9dc4ea0444ac
:10cbc4002198bdf890b0ddf8948007935ad0c9eb52
:10cbd40049731d9a06ebc9064d46db00002752b285
:10cbe400ddf868900c931f9b09921bb206940b937b
:10cbf400209b1bb20a934fea4a0308930c9bf1183b
:10cc040025b34246069c0b682ffa83fc4fea332374
:10cc14002ffa83f393fa04f39cfa04fcc2f800c0dd
:10cc24000831536051f8043c2ffa83fc4fea332354
:10cc34002ffa83f393fa04f39cfa04fcb142c2f88a
:10cc440008c0d36002f11002ddd106941b9b5a4642
:10cc54000a990137099c05900b9804930291414667
:10cc64001c9b019048460094cdf80ca0089cfcf74e
:10cc740023ff079b26449f42c0d1cdf86890a94664
:10cc8400069c1a9d0e9bda0761d5013b0f9a0afb9d
:10cc9400032ab9f1000f14d00aeb890942465af865
:10cca400043b2ffa83f14fea33232ffa83f393fae9
:10ccb40004f391fa04f1ca451160536002f10802c9
:10ccc400edd1bbf1000f42d00d9b00eb0b0addf858
:10ccd40070c003f1ff391b9bddf874b01ffa89f9aa
:10cce400a3f1040e09f101094fea89090d9a5ef8ce
:10ccf400043f9ab105eb0907414655f8042b0e6829
:10cd04004fea32242ffa82f22ffa84f422fb0633fc
:10cd14004a68083124fb0233bd42eed107ee903a53
:10cd2400bcec017a1f9af8eee77a67ee877afdee9b
:10cd3400e77a17ee903a5b449342b8bf1346209ac1
:10cd44009342a8bf134600f8013b5045ced10020c2
:08cd540011b0bde8f08f00bf33
:020000040000fa
:020000040c03eb
:10cd5c002de9f04f91b09a460646bdf888304fea5f
:10cd6c009a01bdf88c200f901ffa81f902fb03f396
:10cd7c00bdf978400d910e935b101a9dc4ea0444e2
:10cd8c002198bdf890b0ddf8948007935ad0c9eb88
:10cd9c0049731d9a06ebc9064d46db00002752b2bb
:10cdac00ddf868900c931f9b09921bb206940b93b1
:10cdbc00209b1bb20a934fea4a0308930c9bf11871
:10cdcc0025b34246069c0b682ffa83fc4fea3323ab
:10cddc002ffa83f393fa04f39cfa04fcc2f800c014
:10cdec000831536051f8043c2ffa83fc4fea33238b
:10cdfc002ffa83f393fa04f39cfa04fcb142c2f8c1
:10ce0c0008c0d36002f11002ddd106941b9b5a4678
:10ce1c000a990137099c05900b980493029141469d
:10ce2c001c9b019048460094cdf80ca0089cf4f78c
:10ce3c0015fc079b26449f42c0d1cdf86890a946ab
:10ce4c00069c1a9d0e9bda0761d5013b0f9a0afbd3
:10ce5c00032ab9f1000f14d00aeb890942465af89b
:10ce6c00043b2ffa83f14fea33232ffa83f393fa1f
:10ce7c0004f391fa04f1ca451160536002f10802ff
:10ce8c00edd1bbf1000f42d00d9b00eb0b0addf88e
:10ce9c0070c003f1ff391b9bddf874b01ffa89f9e0
:10ceac00a3f1040e09f101094fea89090d9a5ef804
:10cebc00043f9ab105eb0907414655f8042b0e685f
:10cecc004fea32242ffa82f22ffa84f422fb063333
:10cedc004a68083124fb0233bd42eed107ee903a8a
:10ceec00bcec017a1f9af8eee77a67ee877afdeed2
:10cefc00e77a17ee903a5b449342b8bf1346209af8
:10cf0c009342a8bf134600f8013b5045ced10020f8
:08cf1c0011b0bde8f08f00bf69
:020000040000fa
:020000040c03eb
:10cf24004b78421e013b2de9f043044685b0082ba3
:10cf340029d8dfe803f03a282128052828284300c7
:10cf440023788a7843f0800384f8ac202370671c2c
:10cf54000fd094f8de3063b10023d4f8ec5004f120
:10cf64006402e06984f8c4308021c4e91933ab6bee
:10cf7400984705b0bde8f0834b88012b00f0898009
:10cf8400022b00f08c800332f3d894f8de30002baf
:10cf9400efd0d4f8ec3000228021e0699b6a84f859
:10cfa400c420984705b0bde8f0834b88012bead133
:10cfb4000023601c84f8c030cbd1dae74d8894f8a4
:10cfc400ad70002d38d0edb2bd42c0d094f8ae2083
:10cfd40082b1013ad4f8b0608f78d2b2331f06eb35
:10cfe400820653f8042f5079b84208bfc4f8b4201d
:10cff4009e42f6d1208b84f8ad50019108f04afe90
:10d00400204605f039fce378052094f8dd200199e9
:10d0140060f30203012ae3704b888df80c3096d13b
:10d02400d4f8e030002b92d0d4f8e42003a90a20ed
:10d034009847651c8dd19ce7e27802f00702052a27
:10d04400c1d10b2294f80080b4f8109084f8b82071
:10d05400c8f342086669b9f1000f29d0103604e01c
:10d064006b1c1036ddb2a94522d916f8103c18ea1b
:10d07400030ff5d016f80f3cbb42f1d156f8043c2f
:10d08400002bedd05b68002bead036f80c0c9847e7
:10d09400e6e7611c84f8c0307ff45baf69e723786e
:10d0a40003f00e03022b0fd0631c7ff46eaf60e716
:10d0b400e37804210022661c61f3020384f8ad20a6
:10d0c400e3707ff446af54e74a796378a270621c38
:0cd0d40043f0010363707ff43caf4ae7b7
:020000040000fa
:020000040c03eb
:10d0e000067f00ef8af3fefa03f23cecdb36d4cc89
:10d0f0007fd1cf8bbc167f1ededcdffe06011e81da
:10d100002310050a0d26f07d81fe13d7fc067f84cf
:10d11000dff35e14bd3307e9033ace1dbf7fe7029c
:10d120000601ec9cf1067f0f0849064c812f1a0975
:10d130000f07fcfb1d5a81f810f6050a0715811b25
:10d14000e779eb06f000ea81ed13761cffdeede3f4
:10d15000af7de8027fa491904181f41bc0dcbb3617
:10d16000fa7f09e71aad02fb07d8face7ff7ed2365
:10d1700006e7fff38bf0f07ff9f97f1f67034a188a
:10d180002e2bfad0fae57fc9ea22f0f60bfd0181d9
:10d19000fb295c1ae7d4002b538e157faeeb7feb97
:10d1a000d39bcffa07fbc75bb4d27ffa331f0aae1b
:10d1b0007f10bb27d112aa0409f50100817af5f688
:10d1c000f5015004d981bc29dc18f97fa6dad2e236
:10d1d0002fd510e47f0d1ad4c213cb04df4aeb2203
:10d1e0007f33fc391107a33b057fcc0308f0eff92f
:10d1f000fae27ff0b509bb087d2319811902f5f326
:10d20000f80cf8f671030b81ff2dec21f895ce5741
:10d210006b7f517fbb3d64c93e560f067fdedbbf8f
:10d220002d02d70c04ee0ce3977f05fef6f905eb13
:10d23000227f27f138ca0ef2fff7a27f0be909e53a
:10d2400023e4597f5df52bfb115116138132f6e271
:10d25000faf508f10784f5f97f050e03f7be7f03a1
:10d2600008120e2581fc9e6a00fd14ffebd8f6b271
:10d2700081b8a51aaef7fd0ff3017ffb0dfdf98113
:10d28000f716db1ff9e3020dde10a9da7f14eef4c6
:020000040000fa
:020000040c03eb
:10d290001b3b32377f70285952ecd0d5d0819ae2af
:10d2a0009baf0e2d2c2d7f70246c5a1d4b382e7f7a
:10d2b000620837310200ff204d36327f5ee2cad865
:10d2c000c48198d59faa1b3616407f462b6b461cff
:10d2d00045d6235a92f722810323112f7460357f9c
:10d2e000691a42323a7f602962461d3a2c377f68bc
:10d2f000285f530e1e1a387f5b2a735af5d8d13631
:10d300001da05f7fdac49ab9c98195f9bec40e2bfe
:10d31000272b7f692b674f204631377f611c4234b2
:10d3200018321c317f5f205f4c0a7c7cd65d7fd336
:10d33000142d1d3f393a7f671f3927336b492f7fe3
:10d3400065f60b18f5e2e6d481a4d28fa0163d2b2a
:10d35000317f5722543d1845372c7f65255c4b079c
:10d360001f1a337f5f2f795a1636213c7f53266967
:10d3700047296453607f52474b11dfaab5b68188b5
:10d38000dda1bb214135387f642b5242fbe2e9d855
:10d3900081a5d58db03d2de37f72f1686802dcb0c8
:10d3a000cec281a2e6c5ce284731327f5b12523a07
:10d3b000ca0f3d81e86297d72ee1bcd5c881a2e3b0
:10d3c000a7ba072312387f6a19615cda9bcbb8854c
:10d3d0008ed88199efd2d9c88199cc869a1c4230d7
:10d3e0002d7f6619473ce8c8e2e8eaf02f7f65d256
:10d3f000b2cbbd81aacea1c0173f2e3c7f5f2f5874
:10d4000042e3bf02c5b713255c7ff3d1ded8819517
:10d41000d797aa254c343f7f5f2c4e37316e392a7f
:10d420007f6efb3958f6dae1e68194e2899c21505f
:10d4300036417f5f2f59463878581b1b0ddc819a87
:020000040000fa
:020000040c03eb
:10d44000f8f5051c21fc030f06a1a1e42204fcd67b
:10d45000dcf3eae7ec7f743af70ffe122efa35326e
:10d460000cd4c5ef111f13240f149581d2031b0c8c
:10d470000209f8becdf4fc18f4140a00d3ba043a39
:10d48000661969643e9581c2051f042b1617b49b6b
:10d49000da02fb03eadf008b81c6ff06fd212605c9
:10d4a00066703b000102fc02fd0607fce807070668
:10d4b00004e9476e18ac97e2c281da364ceafafd0d
:10d4c0000cf501eb27692fd31d0ef6dc3026ffdbb0
:10d4d00039e7df5dddc63700c97c81017fceb32a25
:10d4e000f6e0d556d5ce54e128c711b77fcbd8503a
:10d4f000d92ebf14c967cf0717e50be214fdff0251
:10d50000fafffa0500fd020bfc424611736b3c006a
:10d51000f801d3d5f98781c4191c128f81c8f9e5a8
:10d52000fe2a2814f2fc030b0c07f2efeb34431e27
:10d530000e1800031bf62354d2ff6bda1c100b6984
:10d540004f1d7f7004eef81c21063e3f252e07017b
:10d550000ceaf4ee030e023d242581acb2443b2ad2
:10d56000fafe020b0703f0faf8cc2310aefa5a0ebb
:10d57000e111b456f7813a46d7f72fed28ead335b3
:10d58000f8d61b0d21edf15ad8cc410eae0ddf14ab
:10d590007492fa7fcab4e717040ad62024efed1b71
:10d5a0002dfef904090c030545482a8881c6e0cc04
:10d5b000f1302a08f3fd03160d0501fc03f703fc07
:10d5c00009fe01fdfafd2634f7d2d00c02feff71f0
:10d5d0007f27a089dae400ee082df8cda3041917ff
:10d5e000f47c6f089597be07342a6e7f2657411644
:020000040000fa
:020000040c03eb
:10d5f0004ff08c439a7d02b97047684a906a598b04
:10d6000030b48c070fd5ff21022382f8201082f856
:10d61000213092f82030ff2b13d092f82030062bc7
:10d6200024d030bc7047598bc907ecd4598b11f00a
:10d6300004012ed0ff21012382f8201082f821302e
:10d64000e7e74ff08c43002182f8201019465c6810
:10d6500044f440345c60cb69002bfcd19b230b76f7
:10d66000536a002bddd0536a30bc18474ff08c430f
:10d6700000249b25194682f8204082f821401d761f
:10d680004b8b03f03003102bfad1536a002bead1f5
:10d69000c7e792f8204064b2032c2dd0042c1dd093
:10d6a000022cb6d11569002d36d09b259488916146
:10d6b000d161a4b21d7619465d6825f480255d60b0
:10d6c000cb69002bfcd1630004254ff08c4482f819
:10d6d00020504b62e369002bfcd19ae791691469f1
:10d6e0008c4240d095684c1c6d5c19469d62cb699c
:10d6f000002bfcd194618ce7d46951690139a142b6
:10d7000025d04ff08c41cb69002bfcd1896a651c78
:10d71000d368d56119557ce79b2194889561d561c3
:10d72000a4b2197619465d6825f480255d60cb6941
:10d73000002bfcd1630003254ff08c4443f0010320
:10d7400082f820504b62e369002bfcd161e75d68f1
:10d75000194645f4e0255d60cb69002bfcd106231a
:10d7600082f82030cde7516961b194881946640090
:10d7700044f001045c62cb69002bfcd1032382f8e6
:10d78000203046e75c68194644f440345c60cb695d
:10d79000002bfcd1062382f820303ae7688304206e
:020000040000fa
:020000040c03eb
:10d7a00000f1340191e838009c46a6464cf8045d2f
:10d7b00090e8ff0fe54600bd90ec210b704700bfdd
:10d7c00080ec210b704700bf90ec200b704700bf2e
:10d7d00080ec200b704700bfd0ec200b704700bfdf
:10d7e000c0ec200b704700bff0ec0201f0ec02111e
:10d7f000f0ec0221f0ec0231f0ec0241f0ec0251cd
:10d80000f0ec0261f0ec0271f0ec0281f0ec0291bc
:10d81000f0ec02a1f0ec02b1f0ec02c1f0ec02d1ac
:10d82000f0ec02e1f0ec02f1704700bfe0ec020125
:10d83000e0ec0211e0ec0221e0ec0231e0ec02410c
:10d84000e0ec0251e0ec0261e0ec0271e0ec0281fc
:10d85000e0ec0291e0ec02a1e0ec02b1e0ec02c1ec
:10d86000e0ec02d1e0ec02e1e0ec02f1704700bf35
:10d87000b0fc0181b0fc0191b0fc01a1b0fc01b190
:10d88000704700bfa0fc0181a0fc0191a0fc01a198
:10d89000a0fc01b1704700bfec4600b52de9005077
:10d8a0002de9ff1f4ff000032de90c0001a9ecf753
:10d8b0007efcddf840e012b0704700bfec4600b5da
:10d8c0002de900502de9ff1f4ff000032de90c005a
:10d8d00001a9ecf79cfcddf840e012b0704700bff6
:10d8e000ec4600b52de900502de9ff1f4ff0000375
:10d8f0002de90c0001a9ecf7aafcddf840e012b01c
:10d90000704700bfec4600b52de900502de9ff1f20
:10d910004ff000032de90c0001abecf76efcddf8d5
:10d9200040e012b0704700bfec4600b52de9005052
:10d930002de9ff1f4ff000032de90c0001aaecf7c1
:0cd94000d6fcddf840e012b0704700bfdc
:020000040000fa
:020000040c03eb
:10d94c00674b9a7d02b97047664a906a598b30b41e
:10d95c008c070fd5ff21022382f8201082f821308a
:10d96c0092f82030ff2b13d092f82030062b23d0c6
:10d97c0030bc7047598bc907ecd4598b11f004019a
:10d98c002cd0ff21012382f8201082f82130e7e708
:10d99c00534b002182f8201019465c6844f4403443
:10d9ac005c60cb69002bfcd19b230b76536a002b5c
:10d9bc00ded0536a30bc1847494b00249b251946ce
:10d9cc0082f8204082f821401d764b8b03f0300307
:10d9dc00102bfad1536a002bebd1c9e792f82040f7
:10d9ec0064b2032c2cd0042c1cd0022cb8d1156999
:10d9fc00002d34d09b2594889161d161a4b21d7601
:10da0c0019465d6825f480255d60cb69002bfcd13f
:10da1c0063000425324c82f820504b62e369002be2
:10da2c00fcd19de7916914698c423ed095684c1ce1
:10da3c006d5c19469d62cb69002bfcd194618fe71c
:10da4c00d46951690139a14223d02549cb69002bf6
:10da5c00fcd1896a651cd368d561195580e79b2177
:10da6c0094889561d561a4b2197619465d6825f440
:10da7c0080255d60cb69002bfcd163000325184c1d
:10da8c0043f0010382f820504b62e369002bfcd178
:10da9c0066e75d68194645f4e0255d60cb69002baf
:10daac00fcd1062382f82030cfe7516961b194880c
:10dabc001946640044f001045c62cb69002bfcd174
:10dacc00032382f820304be75c68194644f4403459
:10dadc005c60cb69002bfcd1062382f820303fe739
:08daec000040804594830420f2
:020000040000fa
:020000040c03eb
:10daf4005b4b5c491a4610b459611369d907fcd5cc
:10db0400594b0121594a11611a46d96941f48021be
:10db1400d961d3685b05fcd5514b00210c24e1206d
:10db24001a4619649c645864d966936f5c06fcd4e5
:10db3400832040f602234a49d064106c03431364e3
:10db44000b69d801fcd54a4b4a491a469963536874
:10db5400d905fcd4484b02211a4619619368db07a6
:10db6400fcd5434b45491a46196253685c07fcd4fb
:10db7400434b3f4953624b681807fcd4414b3c4a22
:10db84008b625368d906fcd441233949c2f89430d6
:10db9400d1f894305b06fbd54123354ac1f898305f
:10dba400d2f898305c06fbd541233149c2f89c3049
:10dbb400d1f89c305806fbd541232d4ac1f8a0303a
:10dbc400d2f8a0305906fbd541232949c2f8a43024
:10dbd400d1f8a4305b06fbd54223254ac1f8cc30ea
:10dbe400d2f8cc305c06fbd541232149c2f8d430ad
:10dbf400d1f8d4305806fbd541231d4ac1f8e4308e
:10dc0400d2f8e4305906fbd542231949c2f8e8306a
:10dc1400d1f8e8305b06fbd54023154ac1f8fc3047
:10dc2400d2f8fc305c06fbd540231149c2f8003120
:10dc3400d1f800315806fbd540230d4ac1f81831fc
:10dc4400d2f818315906fbd541230949c2f82031cd
:10dc5400d1f820315b06fbd55df8044b704700bf5b
:10dc640000000444020e00010000024400200444a9
:10dc740000000544000901000020054406010100dc
:08dc8400060102000501010088
:020000040000fa
:020000040c03eb
:10dc8c0090f90830002b59dd8b1e2de9f04f17460b
:10dc9c0081b00e460446072b05d8dfe803f05993f4
:10dcac009d0404a7ae50002938d101b0bde8f08f17
:10dcbc00d4f8ec301021e0695b6a9847d4f8ec108a
:10dccc00402300220d6a8021e069a84794f9903026
:10dcdc00022b07dcd4f8ec3004f188020021e06957
:10dcec009b6b9847e3780321d4f8ec2061f3020393
:10dcfc00e0691269e37090472378e26860f34303ac
:10dd0c0003f00e01237002297dd091681279002353
:10dd1c0084f8ae20c4f8b01084f8ad3094f8dd303f
:10dd2c00012bc2d1d4f8e030002bbed0d4f8e420c3
:10dd3c003946304601b0bde8f04f18477047c378fc
:10dd4c006ff30203c37094f8dd30012badd1e9e71a
:10dd5c0043780021d0f8ec206ff38203c069126c79
:10dd6c0063709047d4f8ec308021e0691b6c9847c5
:10dd7c0094f80090b4f810a0c9f3420994f8adb02f
:10dd8c006369baf1000f93d003f11008002505e088
:10dd9c00013508f11008edb2aa4589d918f8103ce4
:10ddac0019ea030ff4d018f80f3c5b45f0d158f882
:10ddbc00043c002becd05b68002be9d038f80c0c41
:10ddcc009847e5e743786ff38203437094f8dd30ae
:10dddc00012b7ff46aafa5e7437843f0040343704b
:10ddec0094f8dd30012b7ff460af9be743786ff341
:10ddfc008203437001b0bde8f08fc378012262f357
:0cde0c000203c3708ae75169127c80e7b2
:020000040000fa
:020000040c03eb
:10de18002de9f84f11f00e0740f0b980431e033387
:10de280000f2b2800278002a00f0ae8001f00f05ff
:10de380015b90020bde8f88fd0f80cb00c469bf857
:10de48000160dbf850909bf8021046b900295ad1be
:10de58009bf85c30012b53d06ff07e00eae73e461a
:10de6800b846002958d061b209f580530027002927
:10de780003eb05145cdb94f8062105f1100002f0b1
:10de88009f0203eb001384f806219a7942f080027e
:10de98009a7100294ff01809dbf860a0b4bf0c2371
:10dea800002319fb05390aeb09025af80940d3790e
:10deb80023f00203d37144b1fc25e36820462572a0
:10dec800d3b19847a469002cf7d19bf80130002200
:10ded800012b4af8092002d0b8f1000f47d19bf86e
:10dee8000230012b00d097bb002ea2d001230020c6
:10def8008bf85c30bde8f88fa469002cddd1e4e72d
:10df08008bf85c601646bbf9580006f063fd9bf879
:10df1800021080460029a6d1bbf95a0006f05afd26
:10df280009f5805361b2074603eb05140029a2da0c
:10df380094f8020105f1100203eb021300f0cf027e
:10df480084f802219a7842f040029a70a1e7bbf95e
:10df58005a30002bc8db012203f01f000d495b0972
:10df6800824041f82320002e3ff463afbee7bbf99f
:10df78005830002bb3db012203f01f0005495b0971
:10df8800824041f82320aae76ff07c0052e76ff047
:08df98007b004fe700e100e00f
:020000040000fa
:020000040c03eb
:10dfa00038b510ee902ac2f30a53013b40f2fd71de
:10dfb0008b422ded048b62d89fed417bb4eec70bf5
:10dfc000f1ee10fa74dc9fed407bb4eec70bf1ee7e
:10dfd00010fa47d4b0eec06b9fed3d7bb4eec76b3b
:10dfe000f1ee10fa46d4b6ee004bb5ee006b02f03f
:10dff000004141f07f539fed387b002243f4001332
:10e0000043ec182b9fed363ba0ee078bbdeec87b93
:10e010009fed355bb8eec79b9fed351ba9ee030b5b
:10e02000a9ee050b9fed342b20ee005b9fed348baa
:10e03000a5ee012ba5ee026b9fed333b17ee100a08
:10e04000a5ee083b26ee007b013034ee476ba5eed3
:10e05000036b87ee060b30ee040b06f05ffbbdeca6
:10e06000048b38bdbdec048b2d4b22229fed280b79
:10e070001a6038bdbdec048bb7ee000b38bdb4eeb2
:10e08000400bf1ee10faead1264910ee104a22f0c8
:10e09000004500208d4208bf8442a4d1b5eec00bdc
:10e0a0009fed1b7bf1ee10fa48bfb0ee470bd6e7b1
:10e0b0001b4b22221a609fed180bd0e7aff30080b4
:10e0c000ef39fafe422e8640d2bc7add2b2386c081
:10e0d0002342920ca19cc73b3cf92f9e2c15f73f85
:10e0e000000000000030e6bfa80c615c10d02b3fa0
:10e0f0001cdc586fa452f13ee0f6b36fe4707c3f35
:10e100000938de6f993f403fb35142718e71ac3f89
:10e110000000000000000000000000000000f07f90
:08e12000888404200000f07f58
:020000040000fa
:020000040c03eb
:10e128004a780346062a2de9f04137d0082a2dd02f
:10e13800002a43d105781446a0f8bc20c5f3000294
:10e1480090f8c060022562f30004224666f341029b
:10e1580000f8bc2f5a1c1fd093f8de20e2b1c98802
:10e1680003f16402b3f8e840a94228bf2946a14256
:10e17800c3e919016ed001d201215967d3f8ec40e7
:10e188008021d869a36bbde8f04118475a1c00f1fb
:10e19800ad004ff00105dfd1bde8f081ca78c46851
:10e1a800013a062a0ad8dfe802f04a3d2909091a85
:10e1b80004001a7802f07002102a50d0591cebd0d3
:10e1c80093f8de20002ae7d00024d3f8ec20d869a1
:10e1d800802183f8c440936abde8f04118471a7853
:10e1e80002f070001028e9d102f00e020a25022a76
:10e1f8000cbf206a606a0028acd1dfe7e6698f7837
:10e2080030680578aa1ed2b2012a4fea520c24d9e6
:10e21800227e013ab2fbfcf2d2b29742ced81fbba3
:10e22800adb297e78a7893f8ae009042c6d9d3f892
:10e23800b00050f822000028c0d045888ae71a7834
:10e24800122502f00e02022a0cbfe068206800289e
:10e2580080d1b3e70221596790e70022dde718462d
:10e26800bde8f04101f0c8bbb1f804e01ffa8cf832
:10e27800bcf1000fa2d0428872450cd002300124b4
:10e2880003e030f8025f754506d0621c444592b23f
:10e298001446f6d192e7012207fb02f256f8220053
:04e2a800057857e7b7
:020000040000fa
:020000040c03eb
:10e2ac0024ffffff672e000044c9ffffde2400009f
:10e2bc00a9210000902900001a9500006f6500004c
:10e2cc000e030000b2400000e12f0000991800007e
:10e2dc0079ccffffc0ddffffe1ddffff94160000ee
:10e2ec008a230000542f0000b83d00000ee8ffff09
:10e2fc000d2f000084030000375b00003cb20000cf
:10e30c005b2a000086c90000b4170000c03800006a
:10e31c001f4900002ad4ffffbff8ffff1af1ffffcf
:10e32c004717000096bfffffd0deffff1ad0ffff9c
:10e33c00bfeeffffdbe2ffff21ecffffbeecffffb8
:10e34c0020da000087ccffff1e9affff7326000027
:10e35c00fe2e0000a01d0000fce5ffff87c700009b
:10e36c005bddfffffc240000870f00005e9dffffbc
:10e37c00ccf6ffffbc530000f2530000df3000006e
:10e38c004435000026d6ffff3efdffffb2710000b2
:10e39c0008050000877f000071050000bcf9ffff35
:10e3ac00fab0ffff1fb9ffff79edffffeb3d000057
:10e3bc0000dafffff1eaffffddd2ffff28140000b7
:10e3cc009bffffff48110000cb2000008291ffff54
:10e3dc0070c0ffff410c00005f38000035090000e1
:10e3ec00534d0000dceaffff43f4ffffd21b00009b
:10e3fc006d1f00004d390000ce0b00000eb3ffff67
:10e40c0094f0fffff2c6ffff68fdffff373b0000f3
:10e41c001a0f0000df360000d2c6ffffe3fdffff3e
:020000040000fa
:020000040c03eb
:10e42c00d77cffff3b0f00008ae3ffffc99400007d
:10e43c005d15000005c10000adeeffff200d0000d2
:10e44c00a6850000f6280000b4fcffffeba3ffff3d
:10e45c0008380000b07e00002a710000d935000099
:10e46c00932d00007b320000f0b0ffff3e1e000039
:10e47c002f45ffffd4d2fffffe4c00003ebc000036
:10e48c00c5550000506dffffdcc7ffffef9bffff82
:10e49c006db3fffffa82ffff06c3ffff1a01fffff8
:10e4ac008adb0000fce3ffffcdc4ffffae350000ac
:10e4bc00a15a0000ccdaffffb9e0ffffe50c000029
:10e4cc0059b8ffff3b470000fd84ffff1b9600007f
:10e4dc00fa81ffff134100001cbdffffc3190000b0
:10e4ec003ad5ffff1f8400009a5bffffcc31000080
:10e4fc007a630000d76affff3701000054b5ffffb5
:10e50c00c04cffff0d700000d4d0ffff90d0ffff78
:10e51c003e8b000067beffff30c5ffff55ebffffd2
:10e52c00f2cdffff1086000035e0ffff83a6ffff52
:10e53c00bf0bffff6802000030a0ffff5ba0ffffd6
:10e54c00aef9ffff4fc0ffff89e2ffffbbc4ffff27
:10e55c00e8fbfeff4e910000fa6b00007361ffffb9
:10e56c006f7e00001cb10000fc44ffffc980ffff60
:10e57c0041630000697effffb0fdffffa6080000ad
:10e58c00517200009b3dffffdc2f0000d8d5ffff30
:10e59c009cecfeff61f90000952f000086480100fd
:020000040000fa
:020000040c03eb
:10e5ac003c3d0000452c00004b0900007afaffffaf
:10e5bc009535000010bdffff4e0e00005d01000000
:10e5cc00e60d00009945000024efffff90b9ffff16
:10e5dc00c70b00003c1200009a2b00001fefffff3e
:10e5ec005f080000cde8ffff1a3d00001804000092
:10e5fc00f40f0000603100001c05000088200000b2
:10e60c0043c4ffff1d050000dd4f00005c47000008
:10e61c0004f9ffffeb2c000060190000aedaffffdd
:10e62c00be0700008f1b0000971c0000bb0e0000f3
:10e63c0091f1ffff8ef9ffff13f3ffffa1f0ffff36
:10e64c00e2e0ffff12ffffffb901000020faffff1d
:10e65c00bd400000d1fbffff7ceaffffce050000b0
:10e66c00a937000036060000011c0000d0d5ffffc2
:10e67c00ec100000a1dfffffed0d0000c1fbffff60
:10e68c0089eeffff620f0000b90a000026d5ffffdc
:10e69c00a4f7ffffec2300002bf1ffff4f2c000031
:10e6ac004ffaffff7f1c000037c5ffff933f0000b0
:10e6bc00befdffffc5f9ffffd3feffffe9ceffff55
:10e6cc00f0110000fa31000051fcffff2c0d00008e
:10e6dc0013070000a90f0000b8f9ffff2513000075
:10e6ec00f01c000077140000df0a000060f4ffff4c
:10e6fc00c03c0000ba2d0000c6e7ffff590800001f
:10e70c000eefffff2ae4ffffea000000eb0700001a
:10e71c0096dfffffbd020000530e00009e020000ba
:020000040000fa
:020000040c03eb
:10e72c000d380000f836000067b7000015530000e4
:10e73c0092320000d1b20000803800004bd2ffffb3
:10e74c0031740000f5f3ffff89530000c56a000027
:10e75c00c79b0000543c0000c48200000638000037
:10e76c00d30f0100cb2d00006918000039aa00005e
:10e77c00252a0000c34d0000667a0000f9b9ffff9e
:10e78c00f39d000085e1ffff684400007923000041
:10e79c00fd7900001cf1ffff7f1e00000c32000011
:10e7ac006267ffffd2350000c28400000ea6000095
:10e7bc008c430000ec1f0100be61000024720000bd
:10e7cc0007d0ffffa58a000080310000023d000049
:10e7dc00e3680000c76900005ca9ffffb8b6ffff43
:10e7ec0024b1000086cdffff3f4e00008159000090
:10e7fc00cdb50000d9070000628dffffb7c9ffff40
:10e80c00958bffff61790000515fffff1f500000e7
:10e81c0044bffffff6eeffffdf360000b9500000eb
:10e82c00ae0f000064310000ee370000e350000032
:10e83c003f340000f24a000052150000394200003b
:10e84c00f023ffffb762000033160000476d000095
:10e85c00497c00009b44000090c1ffffce45ffffa8
:10e86c009cb8ffffbf2e000068440000415100001f
:10e87c00323d0000fc7100008b5a0000ec7bffff66
:10e88c00dd550000115c00000a08ffff3933000061
:10e89c00a6adffffea85ffff7c4e0000255200006d
:020000040000fa
:020000040c03eb
:10e8ac00b4e3ffffcaf0ffff5b8800008f1a000083
:10e8bc00c8eaffff224e01007ff2ffff1b4300005e
:10e8cc00c5980000d4edffff0adafeff60010100dd
:10e8dc00c9ccffff6d2e000046fcffffb9a0000065
:10e8ec00705f000067810000d8f3ffff4bfcffff57
:10e8fc003db60000ccdeffffd76000000c08000026
:10e90c002117010016090000900500007274000028
:10e91c00ff06ffffac0f0000017100003772000012
:10e92c00ee190000c70500001e35000069790000d3
:10e93c00f3a200005c3000007e870000fa3000007b
:10e94c006e23fffff3b20000a648000034e7ffff80
:10e95c00f4f8ffff53500000728100008641000064
:10e96c00f0f9ffff33faffff7d030000e2edfeff3d
:10e97c004d20010091e100003ea7ffffe2effffff9
:10e98c0039890000fc980000b82f000035bc00004d
:10e99c00e679ffffda2c00004819000095e2ffff32
:10e9ac000b0e00008be2ffff8bfcffff23f7ffff3a
:10e9bc005a11000022fe00009ebcffff182300002d
:10e9cc00b8390000bf1b000062110000b30fffff3d
:10e9dc00b442ffff08810000588a000077d7ffff80
:10e9ec003de0ffffb416000058e3ffffe6c1000056
:10e9fc00c4fdfffff5feffff5eac00007d9e000036
:10ea0c00140bffff8c7b000019810000a2b50000e5
:10ea1c00ba5e000000690000827f00006c8effff70
:020000040000fa
:020000040c03eb
:10ea2c0055aa953b51d4843b728ebd3b95f7ba3bae
:10ea3c000748b23b0417a93bfd5f043b19ea6f3b47
:10ea4c00abd6953bb2b4903b46f7943b41f5c33bf8
:10ea5c0055b88c3bceb9e13b2909983b3d25a53bec
:10ea6c00a337923b5c97c73b7faa5e3b9b9ca93b21
:10ea7c0072d0b73bf905463b9b00943be1df1a3b58
:10ea8c00e5a1e73ba772323be771d13b1b95893b74
:10ea9c007569653bd787933bf641d03b68b3943b94
:10eaac001188dd3bd56af73b59bdb13b43dccb3b11
:10eabc00ebd9423bfb23ba3b0623cb3b84cdb93b82
:10eacc00c6843f3bed1b5f3bf766bd3b8ba0b53b64
:10eadc00848ff03bee19963b68ffae3bdd37fd3a79
:10eaec0000a0a13b57ad873ba87ab43b3ca7cd3bdc
:10eafc00f3aeb93bfe0a803b09223e3bbda5683b09
:10eb0c00773c8f3b5291763bfa6eeb3b5adb1c3bce
:10eb1c004c5b2b3bb74d313b73928a3b47e5db3b60
:10eb2c001762cf3b24ff903b4499c23bb4438a3bd2
:10eb3c0002678b3b9220aa3bcda2bf3bc682b53b62
:10eb4c009c28a03b471eb93b3fdbbe3b35192c3bf9
:10eb5c00440ef73bcd5ba53be027263b0ffead3bc0
:10eb6c00725e3c3b2428b83b23227e3bf66e7e3bf8
:10eb7c000690b53b25fc8b3bb4aefc3b30e1803bb7
:10eb8c00f083a53b9d69813b13c3693bc0a6a43ba5
:10eb9c004c658d3b69ed443b82fa873bf244853be7
:020000040000fa
:020000040c03eb
:10ebac00fd01413cf41b453c59b3573bdaeeaa3b03
:10ebbc001d40023c1a05843b44d3503cc37eba3bf7
:10ebcc001597b33b5252b13b9468123cef05b53be1
:10ebdc000e3b003ce0bcf73b6fc2bf3b7eb0203c21
:10ebec008a090f3bde52733b8783833c5a37193caf
:10ebfc007ded3c3cd2d72f3cb6ca8e3b669cc03bcd
:10ec0c00b65ae93ae5c7703ca2bddc3b5085133cd3
:10ec1c005618b03b3bce383baa1f1d3bc349ee3bbd
:10ec2c005472153bdb42343ca2d3f83b475b833b2d
:10ec3c009378093c50e64b3b0574ca3b09fb923b6d
:10ec4c00e2cc803b24c5fa3bba482b3cab82283c37
:10ec5c00c901bd3bd4cfa53b2e73bb3be00c973c0d
:10ec6c00f1dfbd3ba2ef5f3bca26bb3bfa270d3c55
:10ec7c007a47253b74985d3c4b08f23a3616d83be4
:10ec8c0077e5b03ba6bbe53b9d804c3b05cd3c3cc2
:10ec9c00b625b93b362a6f3c824d2e3c49be013c11
:10ecac0009252e3c51b4293c8cab2d3c3e54203cc8
:10ecbc00bb6d043c4c40753ca01de73b5197bf3be2
:10eccc0006f4863b8fc6b43ba4be383c58b0883c97
:10ecdc00bc057e3b96e0c93bdbf0963caa0f5c3b47
:10ecec00f227d73bea60c33bdab2c23b5b4a0f3c2c
:10ecfc00321f043c72d2f13b09af8e3b1894c73bd8
:10ed0c009eb5193ca98a0b3d5b06803b1b29223c16
:10ed1c005a5a313b8d626d3bdf20623cb11db03cd9
:020000040000fa
:020000040c03eb
:10ed2c004e933f3b5d4cc43ae8d37b3bc5f8543b18
:10ed3c006d105f3bb558d13aef58883ce26f203be1
:10ed4c00b2ce803b0881653b7c97ce3a7f1e8a3bd6
:10ed5c003765933b1042963b441b213b1ad6523be2
:10ed6c0006c4db3b5d627f3b1d58983ad7cf313be5
:10ed7c00dc819c3a4f94923be8c5503b9789123bff
:10ed8c001216113bdbd8093b157b5c3b8733a13b4f
:10ed9c008fc3e53badbe603b3fc7023b9c0e283b9f
:10edac004ed50d3b32eddd3b7c28b03b294a243b54
:10edbc00a3b3d53b8bac023c7913f83ab1dac13a28
:10edcc00b56e033ce8e20d3b493a9c3b139b313b4f
:10eddc002c0c843bf1e6f53a718b2a3b7a00d33b41
:10edec00372c183b4259ee3aa7f7143beb24523b15
:10edfc00a332ad3a505a513b2e0c203b3b0bc33b3c
:10ee0c00b4688c3bf4613a3b411ec13a1127813bfb
:10ee1c002cf1803bd6dc683b8a140e3bf17b1e3b0d
:10ee2c008a448e3b7ceb2b3b5b96983b0e323e3bf5
:10ee3c007e131a3bf587613b2861e03a473d843be2
:10ee4c0019d3ab3b3ab4373bfcc1803b2b30933be3
:10ee5c006e171a3b8b9d013b7d9e4e3b9e5d823a0d
:10ee6c006e01083b5e49483b785d933b3245893bdc
:10ee7c003617873bda369f3b9558be3b312fed3b1f
:10ee8c004785b63b7b58cf3a1b8df03a967ccc3bf2
:10ee9c007038d53ab112a73ba150353bb596543ad0
:020000040000fa
:020000040c03eb
:10eeac0090e11b3be6e74a3b6a535f3b43e09c3bec
:10eebc00647e173bdcb8683bc76fa13bcbe6973b46
:10eecc003e8b7b3b4d3c283b07929f3bf61b533bb9
:10eedc00002e683bdcf08e3b8292423bf76e613b2e
:10eeec00efb16d3bb370763bc5df183bbd7a273c69
:10eefc0010b5a83bda3f2c3bb2fcdb3bed53893b16
:10ef0c00c030703b945e8d3bad29183b4fac283b19
:10ef1c00b62fa13b61ee6d3b00d4a73b93103b3b5e
:10ef2c003a10b63b2ede463b6f1d5c3b5e359a3b82
:10ef3c0062ae973b5ebe783bd033543bd716893bd1
:10ef4c006f12933b5be6b53b4dd1d13b39d6703b51
:10ef5c00ae0d403be13f963bde12843b434f2c3bd6
:10ef6c00fb37233b82c8023cda54ac3b6095a53b93
:10ef7c0011e4f63b641c473bcf6b8b3b3fec8d3b6a
:10ef8c00376d843b0701773b449dfe3b21f5d13b1c
:10ef9c00d95e553b36de953b4bae643b2b1ff93aa5
:10efac00f944a83be8f5743b63e03c3bd52d203b92
:10efbc002bf2863bc4eecb3bdb65893b21797c3b5a
:10efcc009cf7783b4c10593b14e9ad3b742eb93b84
:10efdc00f229963b3fd3843b4292843b1e9c833b5d
:10efec00a64aa23b2f43823bbc217d3be5c1813b22
:10effc0028f3213b91dc2a3b6d148c3b15e5783bc7
:10f00c000b8a853ba513863b5c3d8b3be2c5dc3b09
:10f01c0074c49b3b84b6b03b661e703b2c80a23bf9
:020000040000fa
:020000040c03eb
:10f02c00513b403cd9bb273cc90cd33ba76d363c6c
:10f03c00f4c9423c85e73a3cb99f9d3b42cadb3b55
:10f04c008c70b33b1acef53b396dc33b62ab2e3c97
:10f05c00872c2f3cbf40123c295b893ca607b23b56
:10f06c007a64013cda718f3b7239b43cc95d893bdf
:10f07c0046084e3bca3b2f3c7862873b6f6ee03ba9
:10f08c00bba20d3c2219f43b1f49693cef82e33bc8
:10f09c007f42983b9226073c7a7cb03bc92f953c2b
:10f0ac007d08843b527f0d3c03770e3c756fb13b62
:10f0bc001bd4a83b13928e3c3107c63b98a26a3cea
:10f0cc007618f23b1980863b9463003ca5d0e73b55
:10f0dc009284aa3b4a96cc3b72418a3bee25ee3b8e
:10f0ec00aec05d3c3b7dce3b19d0c93bb59e3d3b94
:10f0fc002ce07f3b7d21473c9fa51d3c7890b43b89
:10f10c00173fd23b8ea6dd3b23af8e3b93413c3c5d
:10f11c009899a03b5a30003cd885c03b29d90b3c70
:10f12c00fb4dcb3b3af2f83b74059f3cd9c08c3c71
:10f13c00c8fff93bc8500c3c807bca3b1484443c50
:10f14c008acd5d3c036e2c3c921b0b3c9f9bb53bcc
:10f15c00f851d23b6d8b7d3b45be593b0632053c8d
:10f16c00136ccd3b453a163cf1f8c43b7cdbc93bf8
:10f17c0011dc033cca9fc83cc52fa13b984aa03b5d
:10f18c00faa3c83b66cf3a3cc8d27f3b609b953b09
:10f19c00796c013ccbecb73be7a8783b5390553ce2
:020000040000fa
:020000040c03eb
:10f1ac0011f00e0340f09f80421e12f1030f00f28b
:10f1bc009d802de9f04f057885b0002d00f09980e9
:10f1cc004ffa81f9d0f80cb001f00f071826b9f1fd
:10f1dc00000fdbf850109bf80140b4bf0c2200224a
:10f1ec00039116fb0722dbf8608001929bf802204a
:10f1fc0054b9002a48d19bf85c30012b41d06ff0f8
:10f20c007e0005b0bde8f08f1c460293002a32d078
:10f21c004ff0000a019b58f8036046b1fe25f368d5
:10f22c0030463572fbb19847b669002ef7d10023f2
:10f23c00019a48f802300fb1994547db9bf8013031
:10f24c00012b01d0029ba3bb9bf80230012b02d0f7
:10f25c00baf1000f20d154b1012300208bf85c309f
:10f26c0005b0bde8f08fb669002ed8d1dfe7204697
:10f27c0005b0bde8f08fbbf95a0005f0a9fb82463a
:10f28c00c8e78bf85c402c46bbf9580005f0a0fb96
:10f29c009bf802200290b9e7bbf95a30002bdadb5d
:10f2ac00012203f01f0514485b09aa4040f82320f3
:10f2bc00d1e7bbf95830002bc6db012203f01f0548
:10f2cc000d485b09aa4040f82320bde7039b03ebe4
:10f2dc00071707f58857bb78db07afd5bb7843f02a
:10f2ec000803bb70aae76ff07b0070476ff07c00df
:0cf2fc0070476ff07c00b3e700e100e019
:020000040000fa
:020000040c03eb
:10f308002de9f04f4a4c83b0054694f82030002b85
:10f3180066d094f821106b1e033352d8abb2042b7d
:10f328004fd85b014348c218d669b54249d1c55c7c
:10f33800002d46d05578002d65d195680db95568d2
:10f348009560c21815460092626ad5f808e0002a4e
:10f3580068d0f2464ff0000b4ff0000c0026002753
:10f3680001938046894600e02a469568701947f15e
:10f3780000018b4508bf824547d393689446956939
:10f38800f61847f10007002deed149464046019b8b
:10f39800956900eb030cccf81850009d9561c218d4
:10f3a800aeeb0606956996601db19668aa68921b31
:10f3b800aa600344002201201a75154658705a7530
:10f3c80000e00125b4f9080006f05afb94f8203053
:10f3d80013b9012384f82830284603b0bde8f08f1c
:10f3e80094f82820012a04d00125284603b0bde856
:10f3f800f08fb4f9080084f8283005f0ebfa0146dc
:10f4080084f8210087e70025dce749464046019b50
:10f41800bcf1000f0ad108eb030c009dccf81820b2
:10f428006562bce7c5f808e06562c2e76246afe717
:08f43800388304202080042029
:020000040000fa
:020000040c03eb
:10f4400048494ff6ff00484bca6802401343f0b4e6
:10f45000cb60bff35f8f62b6444be02283f80f238b
:10f460004ff40040186083f810234ff48030186088
:10f4700083f811234ff40030186083f812234ff4ff
:10f480008020186083f814234ff48010186083f8ec
:10f4900015234ff40010186083f8272380245c6044
:10f4a00083f828234ff480745c6083f829234ff499
:10f4b00000745c6083f82a234ff480645c6083f8f6
:10f4c00037234ff400045c6083f838234ff08074d6
:10f4d0005c6083f839234ff000745c6083f83a2352
:10f4e0004ff080675f6083f83b234ff000665e60fb
:10f4f00083f83c234ff080555d6083f83d234ff047
:10f5000000545c6083f85a239f6083f85b239e60fd
:10f5100083f85c239d6083f85d239c6083f85e2301
:10f520004ff080449c6083f85f234ff000449c6060
:10f5300083f860230124dc6083f8d52398614b6a4b
:10f5400043f480234b624b6943f010034b614b6ad9
:10f5500043f400334b624b6a43f48033f0bc4b629c
:10f56000704700bf00ed00e00000fa0500e100e098
:020000040000fa
:020000040c03eb
:10f5700000295bd0002859d02de9f843444c0e46b1
:10f58000054694f82030e768002b61d094f821807c
:10f590004ff47a720023a5fb070106f081f894f975
:10f5a00000300246022b43d1002841d0394b1d7850
:10f5b00085b193f8201000295ed093f840100029ff
:10f5c0005dd093f8601000295cd093f8801079bb6f
:10f5d00080330425dff8c0c041464ff001084ff6e4
:10f5e000ff7ebcf8009000275a6009eb080045ea4e
:10f5f00009451f7580b25f75dd61704508bf4046e3
:10f600009f70df60acf800001f619a60a3f8008073
:10f61000b4f9080006f038fa94f82030abb335603e
:10f620002846fff771fe0020bde8f88301207047ef
:10f630004146b4f9080006f027fa94f820305bb987
:10f6400001204ff0ff3384f828003360bde8f883d1
:10f6500094f82820012a05d04ff0ff3301203360b1
:10f66000bde8f883b4f9080084f8283005f0b6f94d
:10f67000804684f821008be720330125aae7403338
:10f680000225a7e760330325a4e784f82880c6e7ae
:0cf690003883042020800420d81b0520b3
:020000040000fa
:020000040c03eb
:10f69c002de9f04f0e4649683568d6f80890f768a2
:10f6ac008bb0cde903230029acbf25f00205012165
:10f6bc0015f010030593039b8346d3e900232fd049
:10f6cc0052ea03002cd0a9f10208346915f00800a5
:10f6dc0004f1ff3408904ff00000385518bf08f1c2
:10f6ec00ff388a46012c1ddc059b002b54d1089b4e
:10f6fc0013b1013c20233b5532690095013a4b462e
:10f70c00121b3919584603f039fddbf80430db05c0
:10f71c0003d573689842b8bf18460bb0bde8f08f9c
:10f72c00c846d2e752ea030009d1baf1000f06dc51
:10f73c00a8eb010050440028d6dda807d4d502f070
:10f74c000f000928d4bf00f1300e00f1570e0498b9
:10f75c00a0f1410cbcf1190f04f1ff3410d84ef09c
:10f76c00200cacf1610cbcf1190f09d87046099151
:10f77c00cde9062306f003fcdde90623099986464c
:10f78c00100940ea03704fea131c07f804e00af171
:10f79c00ff3a02466346a5e7039bd3e9000150ea12
:10f7ac000103a4d03a19049b02f8013c023c30231b
:04f7bc003b559ce736
:020000040000fa
:020000040c03eb
:10f7c0000404fc0e7f1afad60cf6e1e70304fbfaf8
:10f7d0007f16047f080eda0c010601f21befe2c46b
:10f7e000ecef7ffa08ed1d6ca075168137048102dd
:10f7f000175c1307200d04f8070ced07f37fef0ae1
:10f800000e122481304c0f55fa20f5f3bbf7127f0e
:10f8100016f181eced70f6fc100dfe81f7f56c0031
:10f82000f13de9f909fa017f05011801e22cde81b9
:10f830006f838f688ce6fdd3b2818e2fd501eff3f5
:10f84000fdf77f14fb62060be314315bea35398167
:10f8500005e607207f351af10efde437deec7ff870
:10f86000fd5711fff74ccd1c3c7f1e0b7f0704aaf0
:10f870000bfb1c0114e414347f2ff7ffed247f1fd2
:10f880001ea5140054f6142b2777607fd6f9e501e6
:10f8900001000a29060181f2b1c5b60c7f1e1e3f88
:10f8a000180dfe1da97facf845fdee7ffafcfe01a8
:10f8b00004fd02fe0408ffe1ec207f2c177f2530b9
:10f8c0003e3c31673efa7f01f3f3fffc09ff091567
:10f8d0000a047ffd0857faf0f82ef77f57e6f12467
:020000040000fa
:020000040c03eb
:10f8e0001e3107517f36365924154f332e7f5a1e4d
:10f8f0003d34264322517f383b532321452e417fff
:10f9000055224c34edccddc981a5d4a2bce5c9e1ba
:10f91000bf81bac99dc8173827427f49315933e69c
:10f92000bdd0bd81b2dabbdad0b4d7af81a8daac32
:10f93000ba3b4b174d7f441c432ce0c1dcc481b063
:10f94000deaec6254b2d3f7f5321422a1e3e204965
:10f950007f503153322931266d7f634c573923391b
:10f96000174f7f4036592f17553c2e7f571732229d
:10f9700017382c3a7f62274c3be8c8d3cf8b81da0b
:10f980009ba0294222447f4f284f341c361f3e7fc4
:10f990005329593a21462e3c7f571b4533deb7d6b3
:10f9a000c081add6b3ca1d361c497f453b6539259c
:10f9b00043263b7f511e4830cfb2c6ae819dcf9ebd
:10f9c000b01f3d1f3e7f5320503a2531134d7f48d5
:10f9d0002a5c36223e213d7f4727502f427c723bd6
:10f9e0007f7c000712e9bfceca81a5d5a9c3e7c0b5
:10f9f000d0c381b0d9b9d7ebc7d6c881a9d8b0ce0a
:020000040000fa
:020000040c03eb
:10fa00000378c26803f00e03022b2de9f0478c78cf
:10fa100033d0137ca34233d953698bb353f82450aa
:10fa200075b36e880122cb88044600f59a7ac0f837
:10fa300044219e4200f1f207d0f8ec8028bf1e4618
:10fa4000d0f81c90402e21d829463246384607254a
:10fa500006f030f9314b84f8f3505246c4f8403187
:10fa60004846c4f834718021c4f83861c4f848416c
:10fa7000d8f83830bde8f04718471379a34201d8c9
:10fa8000bde8f0879368002bc8d1f9e70222403e19
:10fa90003b4605f1400e8446c0f844212c681035e1
:10faa00055f80c0c103355f8081c55f8042c754506
:10fab00043f8104c43f80c0c43f8081c43f8042c92
:10fac000ecd1644616f03f0f4ff00701ccf83471cb
:10fad00018bf0123c4f848c108bf02238cf8f310f3
:10fae0000027402152464846ccf87430d8f83830c8
:10faf000ccf838118021ccf8407198470748d4f8e9
:10fb0000ec3004f16402206780216566a666a46774
:10fb1000e0699b6bbde8f047184700bf6941040ce2
:020000040000fa
:020000040c03eb
:10fb20002de9f04190f854200446056d05f5805309
:10fb3000002a79d0002207200c21da801a81d8729d
:10fb40002961284605f0a2fb2b6843f400732b6063
:10fb50002b6843f480732b602b6843f002032b6007
:10fb6000eb699b07fcd4ab699f07fcd5af6917f025
:10fb70000107fbd041f22452002104f16c0e04f184
:10fb80006800ab588c460c4643f00203ab500d4660
:10fb900050f8048f002206e09cb1082b1c4614d0bc
:10fba0000132202a08d028fa02f6631cf607f3d5a2
:10fbb00001320024202af6d10135242de8d1bde8f8
:10fbc000f0811146ac463c46eae7bcf1230ff6d87b
:10fbd0001f290ad801245ef82c200eeb8c00072385
:10fbe0008c4022434ef82c2010e00cf1010cbcf1ab
:10fbf000240fe4d05ef82c20013b0eeb8c004ff07c
:10fc0000000142f001024ef82c20d8d0012501312c
:10fc1000202905fa01f4e8d00268013b42ea040217
:10fc20000260f4d1bde8f081da801a81da7288e7e7
:020000040000fa
:020000040c03eb
:10fc300008b53b4b98473b4b9847eff3108172b6a2
:10fc4000394ad2f8883043f47003c2f88830bff3e1
:10fc50004f8fbff36f8f01b962b6bff34f8fbff302
:10fc60006f8f314c0723c4f89032c4f89432bff33d
:10fc70004f8fbff36f8f05f02ffc2c4b23f07f03ca
:10fc8000a3602b4b9847636913f4003f12d1bff375
:10fc90004f8fbff36f8f0022c4f85022bff34f8ff6
:10fca000bff36f8f626942f400326261bff34f8f1e
:10fcb000bff36f8f1c4b5b6913f4803f29d11a4b44
:10fcc0000022c3f88420bff34f8fd3f88030c3f3f2
:10fcd000c906c3f34e335a0143f6e075124802eaef
:10fce0000504334644ea8371c0f86012013bb3f166
:10fcf000ff3ff7d1203a12f1200ff0d1bff34f8f21
:10fd0000094a536943f480335361bff34f8fbff304
:10fd10006f8f084b9847084b984705f0a9fcfee702
:10fd2000733e040c733e040c00ed00e00000000084
:0cfd30006144040c733e040c733e040c90
:020000040000fa
:020000040c03eb
:10fd3c0090f908309a1c53d0022b70b505464469d3
:10fd4c0029d04268cab9d4f8d8300f20d4f8e05082
:10fd5c0084f8c420ab423ed00146b4f8d00098479a
:10fd6c004021d4f8ec3004f18802e069c4f88c101e
:10fd7c0000219b6bbde87040184794f8c41081b308
:10fd8c00d4e932318b4233d3d4f8d8300022d4f8b2
:10fd9c00e0500d20dee794f8c430d4f8e0505bb1ad
:10fdac00d4f8d83043b1ab423ad000220c21b4f88d
:10fdbc00d0009847d4f8e05001231d49268b04f15c
:10fdcc00240284f8c4300b46c4f8d8100e20ab4281
:10fddc00a4f8d060c0d11146d4f8e4209847bfe70e
:10fdec0070470a46d4f8d830d4f8e0500120b1e777
:10fdfc00d4f8d40004f12401184405f055ff6968c7
:10fe0c00d4f8e050d4e932320b449342c4f8c830f1
:10fe1c004ff00002d4f8d83034bf01200d2099e700
:10fe2c00d4f8e42000210c20a847d4f8e050c3e714
:04fe3c00519d030cc5
:020000040000fa
:020000040c03eb
:10fe400085360000e331000003330000dae1fffff4
:10fe5000c31100007b2a0000502a0000b12d0000d1
:10fe60000c610000ea2600002f0f0000d43a0000c9
:10fe7000b73d00003a140000e22d0000ce1400004f
:10fe80004f4a000052810000b11200005c410000a6
:10fe900011120000c51f00006ce3ffff96bfffffbb
:10fea000ffbbffff9818000094e7ffffb44e00006f
:10feb0009455000068d6ffff7ec0fffffbfaffffee
:10fec00092dfffffcbf9ffffbc1c000054e4fffff3
:10fed00055460000d1e4ffff7effffff7c300000ad
:10fee0006fecffffcaefffffce4d0000e2e8ffff1f
:10fef000ae1c00007e2200003ffcffffe554000026
:10ff0000340900004b310000114300009fabffff9c
:10ff1000aafcffff75100000173c0000004600001f
:10ff2000e73d00005305000060f0ffff6f1c00007c
:10ff30001cf0ffffd9330000941c000007230000d1
:020000040000fa
:020000040c03eb
:10ff40004c0200003bf3ffffab1f0000431c00000e
:10ff5000e51900009a550000bdffffffec260000e8
:10ff6000cc380000d3e8ffffda400000cb7100007e
:10ff70000e16000052e7ffffabffffff6b390000da
:10ff80001b070000e82c000061f2ffff1ee6ffffe8
:10ff9000940100000d260000d2110000712d000018
:10ffa000c00c0000d31f0000ad1b0000a7f2ffff34
:10ffb000d5fdffff23360000f14600006fc7ffffad
:10ffc0004e3a0000f52d0000c9cbffff5a38000063
:10ffd000b5fdffff1c0f0000a1060000390d000059
:10ffe0002ae8ffff22510000bbb1ffff2ffefffff9
:10fff000d21000004bcdffffa74900003f080000d2
:020000040c04ea
:100000006a2400009beaffff34e7ffff4b06000075
:10001000340a000045f9ffffdbffffffee1200008e
:10002000a4d6ffffe14b00003cddffff1f120000e4
:100030004d0f0000ad01000069090000f01500003f
:020000040000fa
:020000040c04ea
:10004000bb1e0000582f0000833700001c1b00005f
:10005000156e000052360000f00a0000460a00004b
:100060004bf5ffff895a00000a38000078f3ffffc4
:100070001c290000735e000095dcffff2effffffd0
:10008000af6100000ef1ffff7efdffff56f8ffff9e
:10009000407f0000891a000077edffffd7ad000018
:1000a0003d370000d6010000e3e0ffff12eeffff46
:1000b00058120000a72200009225000065fbfffff8
:1000c00025210000c7d3ffff843b0000db4d00006b
:1000d00091110000fb230000340200008612000092
:1000e00092170000c62f0000670c000015260000c4
:1000f000c1900000e96100001c570000cd12000013
:100100009b0600004a1800009452000028ffffffe1
:1001100081130000f23d0000d84e0000152d0000b4
:100120000a2000006b09000088540000a5f5ffffbd
:10013000ceebffff74180000011e000067fcfffffc
:020000040000fa
:020000040c04ea
:100140002838000006e2ffffe91f00000209000056
:100150008200000012700000c74400004702000047
:100160000f000000d76100001f1900008d03000080
:100170005606000013ffffff133b0000a6fcffff25
:100180009e0b00004ffaffff7a0000009b09000061
:10019000a3feffff13070000d7000000d2f8ffff07
:1001a00095e8fffffc4b00006f3a0000bd510000d6
:1001b0000b150000b4ffffffbaf7ffff773c00000c
:1001c000ec210000321a000065faffff97190000c9
:1001d000f80d0000d3f1ffff69fcffff75f4ffff8e
:1001e000c20600007ef7ffff1f0200008c0c00001b
:1001f0005d2100009afcffff680b00003ef9ffff45
:10020000d803000039fbffff69f0ffff50f7ffff45
:100210009f01000010f6ffffae1a0000a1feffffd5
:10022000caf0ffff1eefffff08040000a2f0ffff6f
:1002300037090000c0f6ffffce350000a0f9ffff30
:020000040000fa
:020000040c04ea
:10024000e7840000ed86010058680000245a000091
:10025000e34d0000c7770000d04c0000549600002a
:10026000f7230000c59a0000c33c0000176400009b
:100270007e910000a6ae000098480000a02100007a
:10028000d384000062c4ffff50640000928000002d
:10029000a42300003b390000b55200004c1f0000b1
:1002a000000f00001923010041810000bdc30000c0
:1002b000790500002e93ffff495e0000a829000089
:1002c000e5540100c75b0000aa9c000094ba00003e
:1002d000e5b5ffff43f0ffff521a0000c03f0000ea
:1002e000cc830000e7940000681000008df9000046
:1002f000b40a0000645d00001f6c0000d167ffffbe
:1003000078ffffffecf9ffffc13b000055a500009f
:100310002d5400002b320000ff3c0000f0050000cf
:100320007cfcffffe32a00008b450000172900003a
:100330000e340000e5d3ffff550000001d0800004b
:020000040000fa
:020000040c04ea
:100340001e1e0000f26000006a2500004529000022
:10035000c6cdffffbcfbfffff3940000322d000071
:10036000691c00008359000062efffffaefeffff33
:10037000c43a0000a9ca00007bf00000b1260000ca
:10038000253a00006a430000c7d20000853800000b
:100390000e75000078150000d0650000eaebffff45
:1003a000013b000089b2ffffc21c0000a9c400008d
:1003b00085410000c45b000061f2ffffa5f700006b
:1003c000de0800001127000056660000f98f0000cb
:1003d0004635ffff51f0ffff8107000098fcffff4b
:1003e0008486000048f8fffffca600009accffffbf
:1003f000e86cffffb4390100dc090000e3140000e1
:100400006e0f00009ca00000ea39000012e7ffff19
:10041000dd31000026b300008da5ffff2c0d00008c
:100420000f4d0000a7ebffff98450000ad630000f3
:1004300087d5ffffdc4000005c410000b3210000d5
:020000040000fa
:020000040c04ea
:1004400087a80000bc4c0000b4340100123b01003e
:10045000cf690000b71c0000f20401007c9a000084
:100460004e04ffffc6f4ffff226300002873010063
:10047000a53500003e5c00002b350000375700001a
:10048000dadeffff69460000e26600007a8c0100b8
:1004900022c2ffff986400001c92ffff7a0e00004a
:1004a000bb4500000c010000f3d800009ca0000038
:1004b000b56200005f340000e70900007609010022
:1004c0000999ffffa34cffff32360000f76c0000d4
:1004d00008900000f588ffff147b00001df000006d
:1004e0007e470000f977ffffb2a30000a5140000cb
:1004f000f98dffff54a9ffff4a1500001f6c000093
:10050000f9a70000eec1ffff24ccffffbc6600008e
:10051000811a010022c2ffffaf2d0000bc35000090
:10052000152700000bb10000dd4300002d00000086
:10053000cce700003c6a00006e2000000b270000a2
:020000040000fa
:020000040c04ea
:10054000d569000024c90000bfd70000334801006e
:100550003045010022fcffff6dfeffff59b2000095
:1005600058f9000046ffffff737e0000ec3f0100da
:10057000904c0100c7bbffff50040000e74302009e
:10058000c8a20000a08d0100e6fa0000543301006b
:1005900064bf0000981f0000ce32ffffdd65010040
:1005a000772f0100a0feffffec050000252e0000c4
:1005b000b63c0000a041ffff6e350100403a00004c
:1005c00048f4ffff1d010000b9210100dffaffff21
:1005d000af0d01002e290100c2c200005697000095
:1005e00033ecffffbc250100a255ffffa5feffff76
:1005f000b8faffff46e4feff20010000b938010011
:10060000e7ddfeffdf16000006f400003a380100c7
:100610008e89ffff7fe9000084f5ffffb6b200007e
:1006200098010100b73301009916ffff2be5000088
:10063000587affffe6840000aeffffff3718010085
:020000040000fa
:020000040c04ea
:100640009c30ec3bd204283ca8f9123cc77e8c3c81
:1006500085e7793c658fd03b9631343cbe08013c40
:1006600085e0ba3bb306be3b9d590b3c87ffab3bd5
:100670007bb7e13b0534793ce457fd3b3d2ccb3b5c
:10068000e121063cbfea4b3b0f31da3bb0ba973b66
:100690003072203ccc3a633c4a3a893c1fb99e3cbc
:1006a000fa636f3c74c4343c7de3303c4a13863bb0
:1006b000a37ba23be754d53bf9b7703ccb4bb93b8e
:1006c00065ae963b5eb8fd3baa2fd33b197a373c0b
:1006d000a03e7a3b116dfe3b680de33b3df4cb3b06
:1006e0001ff3cc3b54f44b3c1096963bf35cc13b60
:1006f0004f63003c7b66f33b95f5243c8b3b673bab
:10070000b7beb93be4319c3b57eda33b00447c3b77
:10071000fb30b93bcd9de53b4eb1ac3b28a8483bf7
:10072000309c883b5e15ef3b638e843bf282053c38
:10073000f33f543c34ac7b3b5995583b5fe2783bec
:020000040000fa
:020000040c04ea
:10074000f4aaa13bb367a53a64137a3be06fc33cbc
:10075000acc4423bb82b973bbfbfb03b026d9b3b49
:10076000a2381f3ce7f99c3bc752e73b00badd3b90
:10077000cf0a2a3b392a233bb6477b3b69ff233c00
:100780009f7e323b6bea1d3c071c2a3bae368a3b00
:10079000445bdd3b9d1a153ced43da3cf0ca8f3ecd
:1007a0000e1b173fa917303b30eb2e3cdeae723be1
:1007b00055a73f3cd8148f3b8390c43e5013063c52
:1007c0000f535e3baef2c43b3f968b3bbae5d53b45
:1007d0001bff643c790c1a3c3ca46a3c11060c3c9f
:1007e000240bf13b6958eb3ba121323c8b26923b19
:1007f00026d92c3cfdd0d53b0804843b392cbd3b8d
:1008000035f9dd3b04b9393c959b1b3c03bfa73c44
:10081000bad0d03b6b9a3b3c0fabbb3bace5a53ca5
:1008200064a6203c21fd203c0f25303ccb250e3c0e
:10083000333b5d3c707a563cc6e6823cf1f3423c69
:020000040000fa
:020000040c04ea
:10084000f57e6a3b3f17bf3b15de7a3bb972b23b80
:100850000d235f3b90dd3e3b60a8823bcb82953b06
:10086000d9cb513b2f34dd3b7194a03b02ce1c3bd6
:10087000c490a83b9e1baa3b34cdb53bffff913be8
:100880000d27c93bb717953bb655d13b1d22e33b1e
:100890008f97b13b39d25d3b9686f93be8a5243b67
:1008a000080f9f3be8e8ab3b9de3b83b4207ff3bab
:1008b000181e483c7a53113cba5b8d3b099ccb3bdc
:1008c0007474ca3b7a068f3b60feb53b2fc2373b40
:1008d0000f8b593b62f1c43be6dd703b21fcb83b1a
:1008e00051ce0b3c26d14a3bd3cf9d3bdc32993bca
:1008f000d99ad23b50b48b3b65235c3b59999f3bc3
:10090000216ba53b699b953b2949d83bab3f6c3b91
:1009100053dbc63b75808c3ba7ee853b15bd883b02
:100920002665a03bc497963b54cda63b81e0873b10
:10093000bfbe0e3c250d973bb4e7c93bfa9db43bc7
:020000040000fa
:020000040c04ea
:100940000b71953c8204bc3b0310293c26ffeb3b1a
:1009500062c98d3b1eb9673cac20383c69f90c3c40
:1009600014f1d53bfd02a23b6392e03b0b1e753cac
:10097000f08f563b6a03323cf156bc3b9a84443cb0
:1009800093c2163c34cd083c02c3ed3bf89cf33bcc
:1009900049a1e73bcb4d043cca4d7e3bb4c7643c08
:1009a000e5feb93b5c50ad3bf0fbfa3be2e2a73b16
:1009b000a7c6a33b2b6aa23a046cbd3b122d0d3c8b
:1009c000a235cf3b1209fd3b84ac0f3cd1f1a03bdb
:1009d00019f9853ba3717f3bc953e83bf0d1043c37
:1009e000b3b08f3b2952fa3b4636213c5010a63b10
:1009f0004f96df3b56d9f93b35b7153cd660093cdd
:100a00006234293c6ae0eb3bb1fd0f3c9fea183ca5
:100a100014e2093c89939c3baf93f33bce71ea3bd4
:100a2000285ab93b14d2ed3b2d39fb3b5266973b1c
:100a30009e346f3be6329d3bf9b9eb3bc5cdfc3ba9
:020000040000fa
:020000040c04ea
:100a4000091a0d3cffe88a3b5bd3c73b3cb5bb3b77
:100a5000b1ef6f3b6e8f2a3bfc52b13b981b063cbb
:100a60009591a43b4a1d253bba14983bb53ba23b4c
:100a7000be87263b7c93193b867e093cf1d95e3cc0
:100a8000c00af93a7d72e13be2b7723b319a593bb9
:100a9000bb50d03af4f30c3cb9e1863b1219da3a78
:100aa000cf3b853b4287913bdb807c3bf311e53bb1
:100ab000bedaca3b6f48823babb7c33b3db2913b0a
:100ac000b0f4b03b9d27813b1af3da3bc0953e3b27
:100ad0008cbfbe3b88abc73b23a80c3c13a6053c90
:100ae00078da4f3bd2a5243b3a75cb3b020c883bce
:100af000bd830e3bc3314f3b40bb433b98d3f03be0
:100b00000862ff3b51a5903b43032e3b810ee73b20
:100b100059419a3b6c94963b7a655a3b0411783b59
:100b200084bd533bd0c78c3b97eb973bf9eddf3b44
:100b3000f4b9463b996a803b60d8943b8a96e13b86
:020000040000fa
:020000040c04ea
:100b40000f05133b60f70e3c27549d3a4fce453bb3
:100b50003481803b595c463caaedac3b1796773b11
:100b6000a78eeb3ba43c063cdf1a8e3b09538d3b22
:100b7000cce20c3cec45da3b00e1d13d2250df3abf
:100b8000e6385f3c1411023c1a89253c4283933bb2
:100b900079c4543cb8f4463b2256b83b50d23c3c56
:100ba0008656063c961bf53b6cd3983b110c0a3cd1
:100bb000b6b3af3b2d5a3b3ba204e53bf589953bd1
:100bc000998baa3b0ae5133ca361413bc7456e3ba9
:100bd000ec45933b765cb53b1619363b6a29423ba4
:100be0008cd5e13becfbb63b688c063b2d110d3cf4
:100bf000df6b2c3c84bb303c14f3243c2b846b3bdc
:100c00004d81333b275c8e3b27389c3b81dfc93bc2
:100c1000f5be853bc5ce483b2dd5fb3b6f440a3c1a
:100c2000699a403c9c90b43bf63eb23b6643f03a36
:100c300024b4c43b0963d63bedb2083cbe564c3be2
:020000040000fa
:020000040c04ea
:100c40005582ac3be0086b3c1cf8873c81611e3c44
:100c5000b9977c3c44a5153b61b7703bd3448c3cb1
:100c600040a03d3c92888a3b23e46d3c1423603cc9
:100c7000e793923c3f8b9d3cc7b8b53b50a7f23cf5
:100c8000302f0c3c940ea63cd8061c3c7fd8043d6b
:100c9000f519b33c24af903cf79c903ce0815d3c5f
:100ca000b39d283cd716393b6ad2a03b96d0a43bd3
:100cb000ff55003c0a30e73c9626433c5300a13bdd
:100cc000f48fd63b591ecc3b112a503c3daf0c3c17
:100cd000acec933c84a2953c60f9163cd5f4713c95
:100ce000f1a9cd3c24c58d3ccb482f3c4860883cc5
:100cf000d321fb3b5ca3493cd275343c6d77803cef
:100d00000f26993cb112813c80645c3c465c843c7b
:100d100091321b3cc184693c11bd103c9930bf3cf1
:100d2000de3a373cde566b3ce393cd3c007ea63c7e
:100d300076c0a43c2fc65a3cd63fb63bf3ceb93c56
:020000040000fa
:020000040c04ea
:100d4000084ebe3bb52fb83c5553e63a3bd5163b53
:100d5000b859413b877d913cef1eaf3c1835543b61
:100d6000e0877b3bb381273cd3811e3b0db6293bfb
:100d70007898fd3a67a16b3b41fd753c0804293b1f
:100d80008558713ba87a253b5a7c813b502b7b3a96
:100d9000e4011d3be5dbea3af4deb93bbf2c603be6
:100da00068257a3bde668d3cab882e3c9083033c05
:100db000209b643b1664363ba8768c3b1f05043ca5
:100dc000802a243cc7d5e13b28d0263b882c113c07
:100dd000dc7cd03a0757503bea93cb3b0f9bec3b74
:100de000347fef3b7e1f443ba3a2393b19951f3c48
:100df0000908d33bf7798c3b17adb93b11340d3b58
:100e0000fef59f3ba4da2c3bc1bbea3bcd8d933b67
:100e10002e50923beb44003c61b6683c1ca29f3aca
:100e200012677d3beca5633ba436643bb9625d3b36
:100e30008f724f3b25ee533b0affe63bfcb25b3b18
:020000040000fa
:020000040c04ea
:100e4000da301b660ef404170a1fdf268c157fe8c4
:100e50000d070e1000811b02fe060e7639f5ffef1e
:100e6000f8e9e0baff00feedff0f0618dd8146212c
:100e7000d1eecb202c2108021cf47f2eda04a831fd
:100e8000f50f07871c2ce67f431b2e03542657eed5
:100e900085221bb64821fa81b62e9d1d2751fc41a3
:100ea000fa155fe3d10605fdd9137f11e0351dfc6e
:100eb000354df705fdf781ee0106f3080503001c2b
:100ec0002cccc9c8f740de7fcf60d952cf3ac3d30c
:100ed000717f0ff113015d3fe0bee2fef5faf330e2
:100ee000effe9fee1c81fe23d7184290e7524bf590
:100ef000b97fd9e9e4070af608def60cfd09eac273
:100f0000cbf90408fd03fc3a01ddf607fd0d1a7f5d
:100f1000ac131c26f6e9dd7fe756fdd326b7a513f3
:100f200000ee238700a404163a1dd7de8a0b811237
:100f3000f5ee14f612f6b203f0810e08c9f2fcdeeb
:020000040000fa
:020000040c04ea
:100f40002de9f0470d464ff0ff3116461f46296048
:100f50009df8248004f006ff002863d0038b04462c
:100f60003248db00c218d1885288914257d294f897
:100f7000eb20012a04d06ff05f063046bde8f08711
:100f80002b494ff0000c91f908e084f8ebc0bef15a
:100f9000010f0bdd91f92cc0bcf1010f2edd6ff0bc
:100fa0007a0684f8eb203046bde8f0878a464fea9f
:100fb000cc0200eb03091f489444089a4fea8c0cba
:100fc00001eb0c0341f80c705a60d860c3e904844b
:100fd000c5f800a005f04ef8b9f806300133a9f8bd
:100fe000063005f049f831465246204604f038fef6
:100ff000064638b9012384f8eb30bee7944601f188
:10100000240ad4e705f036f8b9f80630013ba9f810
:10101000063005f031f84ff0ff332b60eae76ff050
:101020007a06aae76ff07b06a7e700bf6484042076
:081030007c820420a943040c9a
:020000040000fa
:020000040c04ea
:101038002de9f8430d464ff0ff3116461f4629604b
:1010480004f08cfe002863d0028b0446324bd1009a
:1010580033f8322058188088904256d294f8eb2002
:10106800012a04d06ff05f063046bde8f8832b48ac
:101078004ff0000c90f908e084f8ebc0bef1010fc6
:101088000bdd90f92cc0bcf1010f2ddd6ff07a0655
:1010980084f8eb203046bde8f88381464feacc025d
:1010a80003eb01081e499444089a4fea8c0c00eba4
:1010b8000c0340f80c705a60d9605c61c5f8009068
:1010c80004f0d4ffb8f804300133a8f8043004f071
:1010d800cfff31464a46204604f0befd064638b9e1
:1010e800012384f8eb30bfe7944600f12409d5e7e3
:1010f80004f0bcffb8f80430013ba8f8043004f051
:10110800b7ff4ff0ff332b60eae76ff07a06abe7e3
:101118006ff07b06a8e700bf648404207c8204206b
:041128000544040c6a
:020000040000fa
:020000040c04ea
:10112c0002380f280cd8dfe800f0290b0b0b0b0b47
:10113c00313508290b0b0c0b2d160b78012b2dd0f0
:10114c0070474b782e490b2b086847d00a2b41d09f
:10115c00012103f013be2de9f0412a4c0022284d49
:10116c0082b023682a724a2b1bd94b2b39d0264ac2
:10117c0013680133136002b0bde8f081204b0022ec
:10118c005a7170471e4b00225a7270471c4b1868dc
:10119c0004f086bb1a4b186804f034ba184a537121
:1011ac0070472f684ff4007695f8148004f028fff0
:1011bc0023684ff0020c424605f10c0100eb43236f
:1011cc00cdf804c038460096fff7b4fe236801330f
:1011dc002360d0e71631012203f0aebd002103f0ed
:1011ec00cdbd29466c2301250a7d51f80c0bcde9a8
:1011fc000035064bfff79efe23682b442360bae7ad
:10120c0020040220808404207c840420c0810420db
:020000040000fa
:020000040c04ea
:10121c00002961d0f8b5031c18bf0123002b58d14d
:10122c00ca69002a55d02e4d012491f82070402611
:10123c002878ea6067f30610dff8b0c02b8305f15d
:10124c0024072870e8782a8863f302002c7202eadb
:10125c000c02e870888a2243288288692a80214af5
:10126c006861184685f8c03085f8903085f8dc3018
:10127c001d4bc5f894208a6a2b67cb8cc5f8ec20e3
:10128c008a8c498cc5f89c50a5f8f030ad67c5f830
:10129c008870c5f88c60c5f898406c6704f0e8fc61
:1012ac0095f8ea3083b12a8a6e695ab10024f36842
:1012bc0010361bb11b690bb198472a8a0134e4b272
:1012cc009442f4d30020f8bd40f20113a5f8ea30a3
:1012dc00e9e74ff0ff30f8bd4ff0ff30704700bf2b
:1012ec00a87704203dfd030c6941040c7efaffff36
:020000040000fa
:020000040c04ea
:0412fc00fee700bf4a
:020000040000fa
:020000040c04ea
:101300002de9f04f304d83b02c78012c08d0002c03
:101310004ed0022c01d100f037f903b0bde8f08fb8
:101320002a4b1a7a002af8d0294e4ff400674ff062
:101330000009dff8a480c6f8987083f8089088f850
:10134000009004f05ffe8346dff890a004f05efe9c
:10135000594602f0dbfc4846daf800b0e0f708fe38
:10136000b6ee000a05f11c0105f10c0002f082fd49
:10137000daf800101748a1eb0b0111a3d3e9002301
:10138000a1fb000104f08cf90346e968e8696b6091
:10139000eff798fe01a8cdf8049004f03ffd2b7afa
:1013a0000133dbb22b7288f80040c6f89470b4e7c2
:1013b00001232b7003b0bde8f08f00bfaff30080b6
:1013c00000a3e11100000000c08304200c000220f3
:1013d0000000844440420f00da1b0520041000e0a6
:020000040000fa
:020000040c04ea
:1013e0008100324b0022f0b40c1882b0240100922c
:1013f000019223445a6e00921b6e009a43f4c0235c
:1014000013400193019b13f001033cd00c240423ef
:10141000019d019a15f0020f18bf23465607019a45
:1014200048bf43f010031507019a48bf43f001037a
:10143000d406019a48bf43f020039206019a48bfa0
:1014400043f0400312f4c02f1fd1009a1e1c184c09
:1014500018bf0126144004bb164c4200014402444c
:1014600012480901009d92000844a7184566a1583a
:1014700031b12eb179681846a35802b0f0bc1847b4
:1014800002b0f0bc70470824c2e7009a43f00203a0
:10149000074c01261440002cded04200054c0027ea
:1014a000151804eb85052f72d8e700bf00008544ae
:0814b0002a000600ec83042071
:020000040000fa
:020000040c04ea
:1014b8002de9f04f87b00490bdf84810bdf84c00f6
:1014c800bdf840c0bdf8445005910090ddf850b01b
:1014d800002b4fd000294dd000284bd002fb03fe33
:1014e8000022039203fb05f2019200220292029a63
:1014f8004ff0000a009802fb0cf902fb00f8039a6f
:1015080003fb08280efb0929169a9044049a914473
:10151800bcf1000f31d04f465846002655b1394628
:10152800002291f9004001321944a042b8bf204678
:10153800aa42f6d1013677446645efd15845b8bf7f
:101548005846159a0af1010a9042a8bf1046019a16
:101558009144009a88f8000098449245d8d1029a9c
:10156800059901328a420292c1db039a01329a42fa
:101578000392bad107b0bde8f08f5846e1e700bf43
:020000040000fa
:020000040c04ea
:101588002de9f0474ff410490025294cdff8bca09d
:101598004946284804f11c0804f10c078af8005051
:1015a80004f01afa244e04f029fd4a46294604f0ac
:1015b80081fc2846e0f7d8fcb6ee000a41463846da
:1015c80002f054fce2681d49304604f005fa04f0c4
:1015d80015fd4a46802104f06dfc2846e0f7c4fc5e
:1015e800b6ee000a4146384602f040fce26814496b
:1015f800304604f0f1f904f001fd4a467f2104f079
:1016080059fc2846e0f7b0fcb6ee000a41463846d9
:1016180002f02cfce2680b49304604f0ddf90a4878
:1016280004f07cf901238af80030bde8f08700bf98
:10163800c0830420d82e040c1c2f040c142f040c77
:10164800382f040c402f040c482f040cda1b0520fb
:020000040000fa
:020000040c04ea
:10165800f8b5304c054694f820302bb394f8211097
:101668006b1e033313d8abb2042b10d85b012a4a84
:10167800d618f06985420ad1d05c40b1707820bb99
:101688000020d61805463075d054707500e0012545
:10169800b4f9080004f0f4f994f8203013b90123e0
:1016a80084f828302846f8bd94f82820012a02d06a
:1016b80001252846f8bdb4f9080084f8283003f05d
:1016c80089f9014684f82100cae7676ab7421dd044
:1016d800e7b13d4600e00546a869002818bfb042ba
:1016e800f9d160b1d618b06920b1b668d0f808c091
:1016f800664486603db1a861d01800258561d01880
:1017080000254570bce7b8696062f5e738460025f2
:0c171800e7e700bf388304202080042095
:020000040000fa
:020000040c04ea
:101724002de9f04f89b01d46bdf84c600291009040
:1017340011fb06f3ddf848b00492002a4ed09bb2a8
:1017440006fb05f205fb03fa731e069200220afb50
:1017540003f30192079305fb01f30593029bd9461a
:101764002bb3cdf80ca04ff00008cdf848b0009f83
:10177400ddf808a0ddf818b066b14b46002401344a
:1017840018462a46394604f093fab44203462b44d9
:10179400f5d1d94408f101082f44d045ecd1009b80
:1017a400059addf80ca01344ddf848b00093012e2f
:1017b40018dd4b460124013418465246594604f0bc
:1017c40077fab44203465344f5d1079b09eb030b64
:1017d400019b049a013393420193bfd1002009b0c5
:0817e400bde8f08fcb46f3e7ee
:020000040000fa
:020000040c04ea
:1017ec004feac00cb6ee007a2de9f043aceb0004e6
:1017fc002a4f8e460546a4004ff0000807eb04095b
:10180c000834bee80f0009f108063c440fc6def8a8
:10181c00003089f805803360d4ed007ad4ed026a8b
:10182c0099f9062077eea67a67ee877afdeee77acd
:10183c0017ee903a1033562b1edd5d2b06dcaceb0d
:10184c00050507eb8507ba71bde8f083013207d0b7
:10185c00aceb0505012207eb8507ba71bde8f083f7
:10186c000f490122aceb05050b6807eb8507134408
:10187c000b60ba71bde8f083012a02d04ff0ff3241
:10188c00dde70849aceb05054ff0ff320b6807ebc1
:10189c00850701330b60ba71bde8f083007d04202d
:0818ac007484042078840420f8
:020000040000fa
:020000040c04ea
:0418b400fee700bf8c
:020000040000fa
:020000040c04ea
:1018b80053ec102bc3f30a512de9f04140f2fd70af
:1018c8004e1e86421d4644d8a1f2ff30002835db63
:1018d800332831dc264bc0f120084ff0ff3c03fad7
:1018e80008f2a1f21f412cfa00fc10ee104a4cea53
:1018f800020c23fa01f24cea020c23fa00fe04ea75
:101908000c0605ea0e0724ea0c0256ea070425ea43
:101918000e030fd0002a73f100040bda4ff4801580
:1019280005fa08f425fa01f10c43121925fa00f01a
:1019380040eb030343ec102bbde8f0819fed0a7bdd
:10194800bfee000b002a73f1000327fe000bbde871
:10195800f0810029f0d10a4603f0004343ec102b34
:10196800eae700bfaff300800000000000000000bd
:04197800ffff0f005e
:020000040000fa
:020000040c04ea
:10197c00403c0000df2300002ffdffff4418000057
:10198c0057200000d7370000c605000000360000c5
:10199c0052feffffdc1300002d050000583b000039
:1019ac00ae580000abe5ffff29eeffffc0fbffffc9
:1019bc00c90c00002bfeffff8b120000ae2c0000a8
:1019cc0025130000f01a000014130000ca3a00009e
:1019dc0090fcffff1cefffff2f020000ee2b00001e
:1019ec00bafbffff9d080000d6ffffff93e4ffff4b
:1019fc003c15000075bdffff38ddfffffd0e00003c
:101a0c009feaffff6af7ffff1131000054e9ffff67
:101a1c00c50c0000b02400007dbfffff7a1b000046
:101a2c0053ecffffb0f4ffff14feffff5232000037
:020000040000fa
:020000040c04ea
:101a3c00121a00009d260000f9aaffff6e75ffff29
:101a4c00b941000023a200008abefeffa6250000bb
:101a5c0076ebffffbe4b00000589ffff3244000010
:101a6c00d9390000db900000b5ebffff4f7200008e
:101a7c0069f9ffff4a520000166c00003b5c000045
:101a8c0020fcffff83ebfeff746c000025bfffff03
:101a9c008cb3fffffe67ffff83f4ffff37450000a9
:101aac001332000088bdffff8e3300003f8300001f
:101abc00005affff805affff166a0000805f00008b
:101acc00f0330000e2620000f079ffff851900009e
:101adc00f3daffffb411ffffd4ddffffcd97000059
:101aec00d808ffff53420000f0fcfeff8d030000fe
:020000040000fa
:020000040c04ea
:101afc0082c7ffff25b9ffff1e3400002341000001
:101b0c00f84c0000d50300006050ffffec3b0000d8
:101b1c00855effffa18b00006d1c00008c41000056
:101b2c00fee1ffffe7d2ffff10120000d2320000ef
:101b3c00ad020000223d00004150000076b3ffffd3
:101b4c00e061ffffc2a2ffff90160000bbebffff9e
:101b5c00c3dcffff30f1ffff2c65000091eeffffaf
:101b6c000401000031ca00005efdffff5f49000068
:101b7c00f29500007530000053caffffc7d2ffff7b
:101b8c00940300008db0ffff31000000cf34000043
:101b9c00358affff33b900004682000029c5ffffdc
:101bac00058dffff3cecffff72890000135a00000b
:020000040000fa
:020000040c04ea
:101bbc0072dfffff28eaffffe32500009caaffff6e
:101bcc00f433000075ebffffdf3c0000b6bffffff6
:101bdc007019ffff73feffffdcc9ffffaf96ffff1d
:101bec00d6bbffffddfcffff67c0ffff6a320000c2
:101bfc00405600007a8d00000c5e0000baccffff4e
:101c0c008764ffffb4a6ffffb62600006f02ffff3c
:101c1c0073920000f84800001f83ffff27d9ffffd5
:101c2c00d32700009bbaffffa30f00007a0000002f
:101c3c0098630000338f0000e7beffffd08cffffde
:101c4c003af1ffff1147ffffd1600000b9e2ffff3f
:101c5c00a5b7ffffb504000001bfffff1985000009
:101c6c003c580000634d0000b7600000688600001f
:020000040000fa
:020000040c04ea
:101c7c00deb9ffff880d0000bfc2ffff7f41fffff1
:101c8c002f990000a8c6ffffacd30000505affffed
:101c9c00c86b00005cadffff98600100e660ffffc1
:101cac00f4410000be2300003b8fffffa190ffff1b
:101cbc0042b500008605000065f6ffff804ad1edb5
:101ccc0037f700003ecb0000d281feff9b9dffff4b
:101cdc0056c500009bebffff5c0dffff13dcffff05
:101cec002b71000010d39ff242310000715cffff9a
:101cfc00cad8000036510000aa37fffffe48ffff8c
:101d0c00b05800006f1800008b4800002782ffffbe
:101d1c0005970000808d97eb512b0000dc2a00000a
:101d2c00a0e1000020c6ffff04c6ffff2c3f01000e
:020000040000fa
:020000040c04ea
:101d3c00d1edffffec110000ee250000c2e9ffff22
:101d4c0065e3ffff582200001af7ffff8afbffff35
:101d5c0087ffffffb9c8ffffa203000075e3ffff79
:101d6c001b0a0000ae1800004df3ffffe403000057
:101d7c0054e1ffffc4f0ffff86f9ffffc6f7ffff3a
:101d8c00ff0b000082f6ffff56f6ffffe538000060
:101d9c0027f3ffffbbeaffff82f2ffffcaebffff57
:101dac000ad3ffff0e280000a5f8ffff80f0ffff0d
:101dbc00d009000044f1ffff730400008ff5ffff12
:101dcc00ce10000054e2ffffd9ddffffbae2ffffa7
:101ddc0077f1ffff131000007efcffffa6f3ffff5f
:101dec00501c0000d7f9ffffee0500007c07000037
:020000040000fa
:020000040c04ea
:101dfc00aff7ffffcf0700008e10000036d4ffffb7
:101e0c00116e0000ba3c0000d6c0ffff143a00006f
:101e1c00a20300008c04000022e6ffffe1ceffffce
:101e2c00cbabffffa971ffffefd4ffff9b130000ab
:101e3c002ce6ffffebdeffff062b0000d3110000aa
:101e4c00da3300007cf0ffffebbfffff28450000fa
:101e5c0095e5ffff43190000d21400005400000068
:101e6c00c11b00008eebffff13e2ffff41c8ffff19
:101e7c0058deffff0e0e0000c61a00005b1d0000ae
:101e8c0000200000d8e4ffffc9d1ffff23f8ffffbb
:101e9c00e012000089d1ffffac020000abdeffffb7
:101eac00d71300008f0d000037370000fbebffff4e
:020000040000fa
:020000040c04ea
:101ebc00b0950000372600007b560000cadcffffff
:101ecc00b2110000fc2900008a110000ad0f0000c7
:101edc009609000086430000d8050000a54e0000be
:101eec00271800005103ffff3e1f0000c20e000028
:101efc00ab3e000087e7ffffa72100009b1c000002
:101f0c008009000093f4ffff5165ffff2bf6ffffe4
:101f1c0064260000020e000002180000415600006a
:101f2c00be080000e21c0000415400006b000000e1
:101f3c00ea330000cb0d0000661f0000403a0000a1
:101f4c006a3a00003af1ffff71220000ebfcffff40
:101f5c00520f0000562e000025150000543e0000c4
:101f6c005c140000af0b00008c040000b7300000c4
:020000040000fa
:020000040c04ea
:101f7c0082faffffd52100008b2600009f2600006f
:101f8c00e6fbffffad5f0000630400005909000091
:101f9c00725100000bfcffff24060000ebffffff5b
:101fac00e30900004d790a00c94a0000890e0000bf
:101fbc00e9fbffff86f300002ffbffffe7030000a8
:101fcc005eebffff39fafffff8451200060900002f
:101fdc0032feffff93dbffff56daffffe703000043
:101fec000e6500002d08000048f5ffff3b110000b6
:101ffc003dfbffff4d7800002efcffff1705000096
:10200c002af7fffff249000070000000478c000027
:10201c0074f8ffffe3fcffffc9170000a4e0ffff0b
:10202c006854fffff43900002c000000b0f7ffffec
:020000040000fa
:020000040c04ea
:10203c00ac4b0100a688000086380100232f01005c
:10204c0057f6000075580000572b0100b57a0000b8
:10205c0062890100043d0100b3510100a97901001e
:10206c003f9d00007a26ffffa14001001b200100cc
:10207c003772010003e400006b2e0100470b0100d6
:10208c00268200000b6701006139010052410100fa
:10209c00f1350100916401002901ffff8d38010029
:1020ac005e4700007a00010098edffffaa4f010087
:1020bc00581300008646fffffb5b0100a1d3feff17
:1020cc00d572ffff4c1f0100293a0000c61fffff0d
:1020dc00653701004d8100007e54ffff2b3a010053
:1020ec00d93d0100af96ffff16540100397f000067
:020000040000fa
:020000040c04ea
:1020fc00901e113d988ec63b1e437a3b88813e3c18
:10210c00523e443c86eb8e3b8b9d423cd9932d3cfe
:10211c003962e43b1720cf3c150f173ce5af933cdd
:10212c007fc9ed3b1b283f390d3ca03bedc5103c56
:10213c00f1c8013c1d37513beaf53f3c33e26a3ca8
:10214c006c48fd3be192c83bd01ae538ec95ed3b71
:10215c004f44ea3bc4495b3c465b123c7675453cbc
:10216c007d8da23b8fed3a3cd4ba2d3ccf38163c3a
:10217c003386493cef9f4d3b35daa33b5c5f323ce9
:10218c00bebc923c1c70f23b634c893ce283003c2d
:10219c00c9bb4a3cb75f5f3cac0f663cc6036c3caa
:1021ac00abdb973b772ef93ba0eabe3b3cab9f3cad
:020000040000fa
:020000040c04ea
:1021bc002cc7e13b49b72c3ce4e95c3c8111e63b84
:1021cc00378f2f3cf329c93bffd73e3ccffbe23b7b
:1021dc0060d9203c7a535d3c13a3693c4df70c3c11
:1021ec00e53bdf3bdfa11d3c7e9e2a3c5b54e83b7c
:1021fc002cce9c3cd33abf3b3f54153c61fab93bc7
:10220c00074c633caab94b3ccb4a723c0fd22b3cdb
:10221c003f32d73bd3fe8a3c1514c33b502af63bc6
:10222c00caaf0e3cab5edf3b6b3c0c3cdf9c513cc5
:10223c0052e7d63b79260f3cd6494c3ca07a463c1b
:10224c00f1101f3ce9a6383c865caa3bcb49093c03
:10225c00ddf95c3c3638563b178cec3b0d1be53bf3
:10226c00b5d12d3ce268633c53fae63b3afb103c9b
:020000040000fa
:020000040c04ea
:10227c00d1bb243b78d1123b9d92553bce0d943b68
:10228c0050007b3b56d31d3ba317653b4b926c3bdd
:10229c00db25833bbefa973b0a8c8b3bb9bb003bdf
:1022ac00f5763b3bcda9033c4766893bdbc5a43b9c
:1022bc001796003bfd39983c21124d3bbe96823b54
:1022cc0033bc0d3bfc4df13a809a7a3bed011b3b44
:1022dc009fcef93bd4b1e53b16c9923b764da73b5b
:1022ec0085be373b497c383c41bb533be4e4713bf6
:1022fc0076e89e3b76d1b03baeb6393bdb45b03b86
:10230c009e0b823bae2f603b9af9a43b63caf63b13
:10231c0062bf823bef49923b28abb13bb19d763b10
:10232c008d5e1c3c146d7a3b0490863b919d463b24
:020000040000fa
:020000040c04ea
:10233c00824b033b1f860c3b799c2d3b9f53063bea
:10234c0003caad3aadd3c53a3ef8d63a0462cf3a99
:10235c0035d0003b3a37f93a7159173b536fd73a9e
:10236c00d4c2203b1f57b03adafc1f3bc8c7063b10
:10237c00f44d083bce820f3b83a8233b7896fc3a66
:10238c00faba0b3b91ad033b4c7ed93ae385d83a74
:10239c009c65e43af037e53a54812e3b1af7f13a52
:1023ac0055208b3b9b92e03af58b0e3b1221003b68
:1023bc00ff83e43a3fd8d73a5d86d03a624c0a3b69
:1023cc0043bbd43a8137e73a9d36193bf52d063b92
:1023dc00f705ff3afaf0e23a03ce3c3b89e6083bbc
:1023ec007033083b7c74e43a8b2d123b71c4f13a88
:020000040000fa
:020000040c04ea
:1023fc005838943ad346983a399ad03a17c8913a01
:10240c009f11943a91797d3af75c513a3d944e3a4a
:10241c004385a23aafa28a3a7a18943a84f6873a5c
:10242c009709bf3a213a8b3abd893f3adb38833a58
:10243c003e599f3a62b8a03a4730923a00a5863a84
:10244c00009b853a56fc953a0edb8a3a224a893a29
:10245c002d2bae3ada81923a9ee29f3aef47a93a97
:10246c005ca4183b4c27823abde1a83a66ca503aa4
:10247c0031cc7a3a1f016c3a6c86943a5396a13a55
:10248c007781813ab4cea13a8bc09b3aba76953a11
:10249c00d37b643afceb493aae9c5e3a1392583ac1
:1024ac009bc84f3a8ee36e3aa30c973a7ce6903a6f
:020000040000fa
:020000040c04ea
:1024bc007460de3a3fbdbf3ae0f5f73af5dbdf3a40
:1024cc00fe09fb3a8f789b3ac565933aef4c873af5
:1024dc00afc8a13a37b2b53a2a2dd63afa060f3b15
:1024ec001b0ca53ad3e8f53a68caa63a57fcad3aa4
:1024fc004dc6cc3a0d866d3ad4637a3a71c59f3a83
:10250c009dbd003b614ab53a47e89d3ab410843a08
:10251c00ec52d73a784fd63a8887a63ac29bf03a13
:10252c0011710e3ba46bf93ab1ea8d3a8eeded3a8e
:10253c001955003b4a69c43a0d1fb13a3636a43ad4
:10254c004c9e073b0edba93a6e95a83a87e7a33a57
:10255c0097cac53a7b8fcf3a443dfe3a4b1dd23acf
:10256c0069e5dd3ad0a5943a9facc23aab2baf3ab1
:020000040000fa
:020000040c04ea
:10257c00c2df393b2632d13a1e6e323bb748f33ab2
:10258c00af04cd3bbc13f83a491d213b245a4c3bbc
:10259c0054fd983a1854d33bdf81023ba471213b84
:1025ac00e582b03bf8e31f3bc3ce293b209d923b19
:1025bc005b68953bff121d3bc9dc3d3b00000034c2
:1025cc0002de013b2e6fa23bd670bd3ab141663b99
:1025dc00725a9b3bc383093b55837a3b22889f3bb2
:1025ec00138de13a000000347af66f3bf1c7db3a09
:1025fc00e426243b991bc03a4304a33a8c38bd3ad9
:10260c00bfc2483c88aea93b3fa00b3bf883523b72
:10261c00e2472f3b000000344d5c293bd6dd463ba6
:10262c00b6b6ce3adc128e3b80ab753b27decc3a8d
:020000040000fa
:020000040c04ea
:10263c0068ff673c4de44d3c6b1e273c61b2753c1a
:10264c0095a03b3c500c4c3c7f35663c6d9d373c1b
:10265c00dc60453c65401f3cff96843c62f79a3c2d
:10266c0045e4683cca14333cc85b993c38fb8e3c4f
:10267c002f60193cf745cc3cafcc603c8ff36a3ce7
:10268c00adfe443c5fdc8f3c5a2d5d3c606e0c3cd7
:10269c00ee2c883c932a1c3c98fe423c7a526c3cb3
:1026ac003aeddb3b8899b03c7528783ccdc2343c84
:1026bc008203563cb37c593c386f8d3c08d4863c25
:1026cc003a5f2f3c26e7653ce5a72f3c1354673c4b
:1026dc0034b65b3ccb208e3c2f5c783c6ce17f3c71
:1026ec0088779e3cd4cf633cb534553c13e6643cb0
:020000040000fa
:020000040c04ea
:1026fc006e48963bc38c4e3b1386a33b2c2ef73a6d
:10270c00670d193b77aa363bc250b43a672bbc3adb
:10271c0072cd933bb2af0b3b4d9f443b48f5fa3a1d
:10272c004450ef3ae07cfe3ac3532b3bf2460c3b51
:10273c00bf74583b83d3073bd8703c3b7ee50c3bc6
:10274c00776f473b2e722d3b80d9183b983af03a65
:10275c004a43273b47e4483b8a4d093b5887273b74
:10276c006b466a3ba67e173b2ee95f3bd335193b84
:10277c0073b1763bc382113bf32ce93a4a288d3b6b
:10278c0015e4053b0e680e3b687d813b3b67823b45
:10279c00cf60123b7a05363b2cbd093b8c47f93a8e
:1027ac00a603123b3b7f3c3bd7ea143bd6a9dc3a51
:020000040000fa
:020000040c04ea
:1027bc00960e223b34dad83b059ca63bb1ccf33bbe
:1027cc00066ab63bb5b9163ca8fd343c025d023c2a
:1027dc00c20e0f3c3fbcd33b6544643cf300863bcc
:1027ec00e131443c9747813a00a7043c97fdb73c44
:1027fc00ea02253cc0a2053c7f932d3c50fbd13b0b
:10280c0060b7653c7f1e6d3c092b393a1475563cfc
:10281c0003a3503c203d1b3cd033533ca7b3b73be8
:10282c00110b403c4f9f0f3cc2f8c03b2ce3ff3bcd
:10283c00c362eb3b7554473c3dfa9a3b13c2083cd0
:10284c008598e33b56af3a3cb7fcc53b62ee183c6f
:10285c00691c273c2509e43b3ec70a3c2a68e33b3c
:10286c00bd77893cad907b3c85de163ca4f4de3b09
:020000040000fa
:020000040c04ea
:10287c002de9f04fd0f8b45085b0b5f80290b9f10d
:10288c00000f4ed000240746a246a046264616e06e
:10289c007cb1d4f80ce0bef1000f0ad0a26843461c
:1028ac00a0883946cdf800a0cde901c5def800b00e
:1028bc00d8472b781e441d44b6b2b14531d995f892
:1028cc0001c0bcf1040fe3d13978388ac1f342015d
:1028dc0095f8028095f803a07c6997f8ade018b3e1
:1028ec00002303e0984204f1100413d92278013339
:1028fc001142dbb2f6d062787245f3d1a2789045e2
:10290c00f0d394f803b05a449045c2db984204f1da
:10291c001004ebd82b7800241e441d44b6b2b145ec
:0c292c00cdd805b0bde8f08f0446c2e72e
:020000040000fa
:020000040c04ea
:1029380031b300f16c0cf0b50027cc0800f1680e3b
:102948003e463d463a465ef8040f002308e00ab9c1
:102958001f462e460132944215d00133202b07d052
:1029680020fa03f1c907f2d501330022202bf7d151
:10297800a24208d00135242de5d14ff6ff70f0bdf5
:102988004ff6ff707047232e22d81f2f24d801211d
:10299800b6463b46b9405cf82e00013a0ceb8e0572
:1029a80041ea00014cf82e1012d0012402e0013a4d
:1029b80029600dd0013304fa03f0202b41ea00010d
:1029c800f5d10ef1010e00230121bef1240fe2d151
:1029d80007eb4616b0b2f0bd002af9d0b646f0e7cc
:020000040000fa
:020000040c04ea
:1029e800f0b504789646068a0346c4f34204426961
:1029f80090f8adc086b3002003e0864202f11002d1
:102a08002ad9157801302c42c0b2f6d055786545e0
:102a1800f3d19778b942f0d3d5783d44a942ecda9e
:102a2800d16861b18c6854b190880e21c3f8d84040
:102a38007246a3f8d0002346bde8f040184793f843
:102a4800dd20d3f8e040198b012ac3f8d840a3f859
:102a5800d01000d18cb9f0bd5a1cfcd093f8de2000
:102a6800002af8d00024d3f8ec20d869802183f814
:102a7800c440936abde8f0401847d3f8e420714693
:0c2a880023460e20bde8f040184700bfb8
:020000040000fa
:020000040c04ea
:102a9400882910b536d012dc812943d003dc802983
:102aa40040d0002010bd82290ed08429f9d11968a4
:102ab40002b30a1d1a60b1f90020d3171ee0a02941
:102ac4002bd00bdc9029ecd11968073121f00701d8
:102ad40001f108021a60d1e900230fe0c02901d0f6
:102ae400f029ded11a68111d1960136803600023f0
:102af400436005e00a1d1a600a880023c0e9002328
:102b04000120cfe7196822b10a1d1a6091f900204b
:102b1400d3e70a1d1a600a78efe71a68111d1960d5
:102b24001268cae719681ab10a1d1a600a68c4e76c
:0c2b34000c1d1c600b68c0e90032e1e7da
:020000040000fa
:020000040c04ea
:102b40002de9f041d2e900230c4686b007465fea42
:102b5000d37820684968a5680590e66841d052425c
:102b600063eb4303002908db20f002000590b8f175
:102b7000000f02d1059948072ad5691e05a80290c1
:102b80000a20cde90010204601f0fcf8b8f1000f52
:102b900002d1059b59071fd5b8f1000f00f1ff3096
:102ba00014bf2d232b2333542269059b0093013a34
:102bb0002b46121a3118384600f0e6fa7b68db051e
:102bc00003d563689842b8bf184606b0bde8f081e7
:102bd0000807d2d42946d1e71a07e5d501382023c2
:082be000e1e70029c0dac5e7b6
:020000040000fa
:020000040c04ea
:102be800f0b4254d8eb0471e06468c466c4603371a
:102bf8000fcd0fc40fcd0fc40fcd0fc495e8030040
:102c080044f8040b21700cd8337853b1f368bcf145
:102c1800040f1a6d02f5805213d0d07b10f07f009c
:102c280004d06ff07c000eb0f0bc70470cf1ff319f
:102c3800c9b20329f5d8114cd37b615c0b43d3731c
:102c4800f1e70df1ff330da813f8011f834282f855
:102c58002010f9d1d07b10f07f00e2d1d37b43f074
:102c68000803d37392f8023143f0020382f8023169
:102c78000eb0f0bc704700bfa054040c8437030c9e
:020000040000fa
:020000040c04ea
:102c8800214b00211b6810b5186803f053f91f4b3e
:102c980000211f4c1b68186803f04cf9f8f766f917
:102ca800faf724ff02f0aefa02f03cfd02f008fb4e
:102cb80001f02efc01f04ef901f002fd02f01efbbe
:102cc80000f0c0f801f078fd01f04efd01f05cfe67
:102cd80002f050fb0f49002001f0a8f90e49a0604e
:102ce8000020fef797fa0d496060002001f02afbea
:102cf800e06002f033ff03f083f802f0fbfdbde86b
:102d08001040fcf799bb00bf981a0520cc1b052082
:102d1800640502201460040c8457040c9859040cb0
:020000040000fa
:020000040c04ea
:102d2800f8b5224c064694f8203053b394f8211095
:102d3800731eb4f90800033319d8b3b2042b16d89c
:102d48005b011b4dea18d769be4210d1eb5c73b129
:102d58000023157d1375edb202f092fe94f8203031
:102d680003b395b13046fef773fc2846f8bd02f070
:102d780087fe94f8205045b90123284684f8283066
:102d8800f8bd94f82820012a02d000252846f8bd6d
:102d9800b4f9080084f8283001f01cfe014684f8d4
:102da8002100c5e7012384f82830dae738830420b6
:042db8002080042053
:020000040000fa
:020000040c04ea
:102dbc00feff11010d7f01fa0cf7080c0381cbed1e
:102dcc00d123fdf90906547ffdfd0e010600038198
:102ddc00070007ff03fdfcfe817b0101f80607f5e8
:102dec000f927fef2ce6000ce603c77ff620e5017f
:102dfc0004ff068102020404010cff02088104f99d
:102e0c0010df650302412d1681d101ffd4f9fb7f40
:102e1c000508b3fff807077f97f43bd00be60c02cd
:102e2c009fccf37f1d00f8020308810200f5fc79aa
:102e3c00ee01810b03f60a0417eafb7fc3fdfa0ac5
:020000040000fa
:020000040c04ea
:102e4c004ff08943f0b419781a4641f0010119701a
:102e5c00536813f00103fbd106241a4880251a4944
:102e6c00d061022613621020146301279560072598
:102e7c00536314614ff0894408720f7581f8206018
:102e8c0081f82c0081f8380081f8440081f850005a
:102e9c0081f85c5081f8680081f8740081f880003a
:102eac0081f88c0081f8980081f8a40081f8b000ba
:102ebc0081f8bc0013783343137063689b07fcd410
:0c2ecc00f0bc704790090020607f0420db
:020000040000fa
:020000040c04ea
:102ed8002d2d2d2d2054696e79456e67696e6520fc
:102ee800706572736f6e2d64657420736d6f6b659a
:102ef80020746573742028696e70757420256420a9
:102f08004229202d2d2d2d0d0a0000006d696467c2
:102f180072617900736d6f6b655b25735d207261fb
:102f2800775f626f7865733d25640d0a00000000c5
:102f3800626c61636b00000077686974650000006b
:102f48002d2d2d2d20656e6420736d6f6b6520749b
:0c2f5800657374202d2d2d2d0d0000bf81
:020000040000fa
:020000040c04ea
:102f64002de9ff41836946690093f61acde90161b1
:102f740004461746039216444ff002086d46424633
:102f84002946206802f067fcb04209d1d4e9023234
:102f9400c4e905331a44a262384604b0bde8f0819e
:102fa40000280dda6268002342f01002b8f1020f23
:102fb400a362c4e90533626015d06b68ff1aebe7be
:102fc4006b68984288bf0835a6eb000688bfc01a14
:102fd4002b6803442b606b68a3eb000088bf08f1e7
:0a2fe400ff386860cbe71f46d6e710
:020000040000fa
:020000040c04ea
:022fee00fee7fc
:020000040000fa
:020000040c04ea
:102ff00038b51b4d2c78dcb1012c18d16b78b3b1ee
:103000000022184b6a7003f01f02bff34f8f03f5c5
:10301000164115481144c0f868322033ca1a002af4
:10302000f9dcbff34f8fbff36f8f01232b7238bdd5
:1030300002f080fe02f072fee5f760fd22460b49c9
:10304000012002f0b9fd22460949012002f0ecfc02
:1030500022460849022002f0e7fc01232b7038bd0c
:103060000c0002209484042000ed00e0ed5c040cd0
:083070004955040c1d5f040c1e
:020000040000fa
:020000040c04ea
:103078001c4b4ff48e70012270b5dc681a4d00fbb2
:10308800045090f854304270066d03b3934201d156
:10309800ecf700fc4ff48e7303fb0453b3f958307c
:1030a800002b09db5a09012103f01f030f48603286
:1030b80001fa03f340f8223073694ff48e7100224d
:1030c80043f0040301fb04547361627070bd416de9
:1030d800074b084a0b409342dcd090f85630002b3f
:1030e800d8d0d5e7640502204804022000e100e0ba
:0830f80000ffff0000010100d0
:020000040000fa
:020000040c04ea
:10310000016dcb6913f001033bd101f5805280f8ca
:103110006a3030b490f85440012c2bd9b0f95830b3
:10312000002b09db5909012403f01f03154d603101
:1031300004fa03f345f82130b0f95a30002b09dbcb
:103140005909012403f01f030e4d603104fa03f303
:1031500045f82130537890f84d1061f345135370c2
:10316000537843f04003537093796ff3000330bcfe
:10317000937170470f250c24d3801381d5720c6195
:08318000cce7704700e100e01c
:020000040000fa
:020000040c04ea
:103188002de9ff471d460c9b13f0010906468a46a8
:10319800144601d195420bd822465146304602f0da
:1031a80025f9a54204d82546284604b0bde8f0878d
:1031b8002f1b102f3a464ff0200128bf10226846d7
:1031c800b84602f077fe00bfb8f10f0f11d83b09df
:1031d8006ff00f0202fb03726946304602f006f9ef
:1031e800b9f1000fe0d122465146304602f0fef810
:1031f800dae710226946304602f0f8f8a8f110081c
:04320800e2e700bf3a
:020000040000fa
:020000040c04ea
:10320c00f0b51f4c2568a446002d36d00022294667
:10321c0016461346d1f800e00f6986450ad132b143
:10322c00176101f110031846f0bd3946f2e7ccf8ee
:10323c000070f6e705d9ebb11c68a6453cbf1646f5
:10324c000b460a46002ff0d1002becd019461f6913
:10325c0051f8102b121a102a05d918600844103a8c
:10326c000761026007469d420cbfccf800703761c5
:10327c000b46d8e716460b46e3e72b46d3e700bfd1
:04328c009084042006
:020000040000fa
:020000040c04ea
:103290009dd0ffff40a80000d93f00002463ffff3e
:1032a0009eaeffff9d460000871100001321000025
:1032b000c969ffff58fbffffd6a4ffff470a0000c4
:1032c000004a00006ef1ffff4960ffff59a2feffb8
:1032d0001093ffff31660000dbeaffff80f7ffff7e
:1032e000e709ffffbb2300008bc1ffffc45dffffa9
:1032f00008880000c125ffffe861ffff9211000070
:103300008c180000db71000023ffffff1617000080
:020000040000fa
:020000040c04ea
:10331000a32300005a9dffff01bdffff9222ffff84
:103320009746ffff57deffff822900003865ffff49
:10333000121c0000f74dffff1bd1ffff1076ffffaf
:1033400052230000cdf6fffffac0ffff6c68ffffbd
:10335000e15cffff1389ffff69d5000006b2ffffa4
:1033600038bdffffa81b0000ff990000290f0000d7
:10337000d944feff8587ffffecebffff858fffff42
:1033800096adffff2ad1ffff657c00008cc9ffffcf
:020000040000fa
:020000040c04ea
:10339000984a0000c445000026580000523800003a
:1033a000365300002f140000953e0000f23a000052
:1033b000ab490000f6470000db0a00006a5000003d
:1033c00066510000e9f4ffff005c00009935000041
:1033d000d14500005c3a00003d4400001d4500005e
:1033e000cf250000e81f0000ed550000ef29000088
:1033f000e95800002c4c00001c4400004251000021
:103400003a1500008c450000faf5ffff5a42000013
:020000040000fa
:020000040c04ea
:103410003409000039ffffffc102000091ffffffe8
:10342000f1000000befeffffcdfdffff08ffffff24
:10343000dd050000670b000060ffffff7efeffff61
:103440000efdffffbd3e000071ffffffc1feffff4d
:10345000c7feffff00feffffe3fdffff39ffffff99
:10346000e8feffff7efeffffc6ffffff62feffffdd
:10347000e9fdffffddffffff231000007f010000db
:1034800000fcffffa0ffffff21ffffff4c06000035
:020000040000fa
:020000040c04ea
:10349000564e00000f68ffffac3e0000950a00008a
:1034a000522400009325000056eeffff30e9ffff95
:1034b0000b54000029e9ffff810900008bcaffffc0
:1034c000693f0000413d00001c170000144d000042
:1034d000478cffff0e65ffff55b3ffff730b000026
:1034e00002730000e7100000a60900002be6ffffb2
:1034f0008ceaffff95aaffff041b0000f4a2ffff68
:10350000abe1ffff1d190000e4b5ffff359bffff96
:020000040000fa
:020000040c04ea
:10351000b4f7ffff200c00003ce5ffff88860000a9
:103520000bc5ffff033b0000d4340000411700002f
:10353000e8010000dc100000396e0000f617000002
:1035400065220000df4b0000ad3d0000544d00003f
:10355000e330000007feffffc90f00006018000005
:10356000191b00001b000000e0100000f8470000dd
:103570008cedffffb5050000351f0000bc230000e7
:10358000b3b6ffff48e9ffff60210000c7f3ffff6c
:020000040000fa
:020000040c04ea
:10359000d8d9ffffc51900009b1000000b090000df
:1035a0004ef7ffff210400006af9ffff82080000c8
:1035b000c8f1ffff6d140000d9f5ffff0a220000db
:1035c000ce0400006febffff00e7ffff0ae1ffff03
:1035d00096f8ffffc2e3ffff840800005d0c0000c7
:1035e0003fe5ffffc6e3ffffbe010000aa17000092
:1035f0005a150000ecffffff77ebffffa31f000051
:103600007118000021f0ffff92e0ffff08080000a2
:020000040000fa
:020000040c04ea
:10361000cb26000087d2ffffbfd3ffff75c9ffff96
:1036200088200000f8e0ffffbae4ffff95f8fffff5
:10363000192f00002d4c000093f8ffff7acbfffffd
:10364000a117000000f3ffffe8240000b5c8ffff4a
:10365000780d0000361a00003fe7fffffdecffff8a
:1036600082bdffffa3b2ffff46c0ffffa11f000006
:103670009fdeffff93f8ffff6a190000db1c0000cc
:103680007cf4fffff5d4ffff62850000265b00009d
:020000040000fa
:020000040c04ea
:10369000e040000038020000a15200009f1400002a
:1036a000425a0000f01c0000d40600000ab90000d5
:1036b000b564000029ebffff784400009a4a00003f
:1036c000764800002eb7ffffe45a0000ab57000019
:1036d000304e0000c5860000309f0000ad2a00007b
:1036e000255400003475000081af0000462600001c
:1036f000439b000025580000301c0000a73100004b
:10370000550201005b14000063410000ee5b000005
:020000040000fa
:020000040c04ea
:10371000c22e0100bd1801002b5b0100a62901008b
:103720001eefffff903c0000b12d01006affffff7c
:1037300097a0ffff600f0000c5d9ffffc71f010062
:10374000d92201006a7f00005f230100980f010069
:103750007f600100ece90000092a0100042101005a
:10376000462001005f78fffff76e01002d19010070
:1037700052dafeff311f0100fc9100002519010003
:10378000725f0100fd7effff640c0000d058010055
:020000040000fa
:020000040c04ea
:10379000d3610e3bf568223b4f7be63ab7ba273b35
:1037a00028420d3be4eb843ae0d3323bb189603be5
:1037b0002c1d293b0d8a1d3b87c93c3b7344373b7d
:1037c00042a2323b64cd3a3b0db9363b05b52d3ba9
:1037d000c585243bf9bd3a3b6ad20b3b212f203be8
:1037e000f24c3d3bee7c333b82dd353b06910e3b9c
:1037f0004d0c1a3becff4a3ba3162d3be8491d3b01
:103800007c7c323bcf38593bbd76163b0030473b82
:020000040000fa
:020000040c04ea
:103810005b3c963aab29f53a8ce6bb3a5f33cb3a40
:10382000a2ceca3a50659d3a3e75923a89dbb93ac2
:10383000d88c9e3a04b8063b488ec33a9c3c903ada
:103840006bae8f3a9ec7b13a1b75bf3a20c9d23ac8
:103850009c44b63a5c94dd3a6c30a03aca77c33add
:10386000ec16a13a963cbe3afe09ba3ae591ab3a5b
:103870004031bc3adc99e53a645fb43a82890c3b4a
:10388000bd7bb63a0111e93a131cba3a1538913aa0
:020000040000fa
:020000040c04ea
:103890006df2cd3bf315cd3bf5c4a93bb28ae33bba
:1038a0006350ba3b6289113c99e90f3c3579be3bc4
:1038b000e9d9cc3b7aa5d33b2d18d23b27ceac3be4
:1038c000996cb63b6f0ff03b230db83b3dc0cc3b32
:1038d0009039bc3b76a2d53b929ae23bebc1e13bef
:1038e0000317013c16d7df3be080ca3b56cee13bd5
:1038f0001fdc953bddb9c03ba197ad3b416ef53b6d
:10390000b39c0d3ca0b2c33b1d3ef13b2a99cc3b7e
:020000040000fa
:020000040c04ea
:1039100001a0863c1316a03caff1ee3b5d62373c44
:10392000780d123c85da7a3c264bfd3b1244113c63
:10393000232a4a3d4a3f1d3d0e51fc3bcd050b3c21
:103940002669123c54afa03b1d452b3c04a6133cfa
:103950006629d23c980d183db063ce3b54c4403c20
:10396000e3875d3c7381133c7ae6293c6100043cab
:1039700094c13d3d45243f3ce06c783cc9bf223cae
:1039800049ab9b3cc0f91a3c97f43c3c3b48063d94
:020000040000fa
:020000040c04ea
:103990009602283b253fe83a81b3153b37670d3b3c
:1039a000741fed3a77c12d3bf6a1173bd7770a3b41
:1039b0005b3c073b4b1af63a5e63d03a3428e63a52
:1039c000f622e43a1ca5d73a86bdc03a5bddd03a70
:1039d00082b4c93a7b19e23ac3aec53a6f82d53a8e
:1039e000b970193bd783153b4640b13a070c083be9
:1039f0000130a93a41c1d73a1ae2443b7e1bfa3a58
:103a000021e1ac3ac5f55c3bb577d63a276be03a95
:020000040000fa
:020000040c04ea
:103a10004435243caf15bd3b2b0ff43b741b583b86
:103a2000c605a93b1896cd3bcaeea93be9f8cd3bac
:103a30009b270f3c4a0d6f3c69cfae3bd84fa33b51
:103a40001ea2aa3bc4e33b3bff83833b9540623b02
:103a5000e455933b98a1ff3ba7c7a93bbd22d43bac
:103a6000c180f33bb7519d3b1fa0163c610b5a3bf5
:103a7000fd33023cac90e43bcdb3963b474ece3b8e
:103a80000b38d23b4bb1e13b06440a3cd4b2b43bc9
:020000040000fa
:020000040c04ea
:103a9000bbe1e03be9ca663cc615043c2692203ceb
:103aa0003079b73bd298103cae93813c248d613b7a
:103ab0005191c63b027b753bc36dbc3ba638f13bc5
:103ac00020ae723b3073c33b51a3b73ba30bd03b3b
:103ad0007ada023c62e9b93b308a783b7d48fb3bad
:103ae0009d52bd3ba30ba83be73b263b233f223c1b
:103af0003be3703bd918f43b24af473ce4bdfe3bad
:103b0000cf162e3c99f5333c4f5bc53bf795103ce7
:020000040000fa
:020000040c04ea
:103b1000d7c04c3c6416213c3580513cc0ff473c2b
:103b2000acf2813cd4fe3b3ca2026f3c2124563ccb
:103b300071e81c3c5a4f4a3c5623783c9f65973ca1
:103b4000caed053c65d4ee3ccf283d3c938d313c1d
:103b500067d8933c0a02443c8ee8553c8a50883c26
:103b60006aa82e3c34d3273c1411453c6a30573c9c
:103b7000a808453c294cb53c9b09303c8ad9583ca7
:103b800009001e3ccc7a0e3cded2423c2407593c54
:020000040000fa
:020000040c04ea
:103b9000cb13183b8b93323b50e2863b5c09543b82
:103ba0001ef4673b0b5f373b73fd723b9533693bfc
:103bb00006debc3ad018023b0a56823b2e346e3bde
:103bc0007b358f3b8539d23b7c412d3b0d3d4a3bbc
:103bd000040df33accb5953a32ce923b87bd783b93
:103be00088f2313bec328f3bac8a793b14ce6b3b95
:103bf00071cc243bf96d5e3bff6d633b057a6b3bfb
:103c00001e89db3a65877c3b92f65e3b273ccc3acb
:020000040000fa
:020000040c04ea
:103c1000dbc54c3bb721483bb842203ba1c0213b10
:103c2000f3930b3bd665053b7f8a503b3e46123be8
:103c3000a209133b32f0303bffa7513bb8e0343bc5
:103c4000763afe3ae7700d3bc3f7273b1c0c0e3b60
:103c5000de79113bd054ec3a30ae293bff3c273b98
:103c60005f050d3be03a703b58e44b3bbc7c383b76
:103c700010ed953a2dcd043be643843bdb36003b0b
:103c800091a52e3bcb9b2a3bccdec53aed19153bcb
:020000040000fa
:020000040c04ea
:103c9000842910b523d00cdc812903d0822913d0cc
:103ca00080290bd119680c1d1c600b6803601a6019
:103cb00013e0902921d003dc882917d0002010bd03
:103cc000a029efd0c029ece719680c1d1c600b6817
:103cd0000360d1171046c3e900010120efe719681e
:103ce0000c1d1c600b6803601a80f6e719680c1d38
:103cf0001c600b6803601a70efe719680c1d1c60ec
:0c3d000009680160d317c1e90023e6e761
:020000040000fa
:020000040c04ea
:103d0c002de9f041033100f5805600f50847a6f582
:103d1c0080750c4695f821200235ab7f0334ae42fa
:103d2c0043ea02231bb298b203f01f034fead028d8
:103d3c00c0f3451e4fea93024fea980c4fea1e104f
:103d4c0042eac3034ceac80c40ea8e00a3f180039c
:103d5c00acf1800ca0f1800204f8043c04f806cc11
:103d6c0004f8052cd6d106f5a07601f5c071b74242
:083d7c00cdd1bde8f08100bfcc
:020000040000fa
:020000040c04ea
:103d84002de9f84f04460c9f6668d4f80cb02469fa
:103d940010463a68013c002502f0020a0b9a0bf81f
:103da4000450002e1946b8bf0126012390464fea5d
:103db400e279002c03dcd3b12046bde8f88f50ea49
:103dc400010209d1721b002a06dc0a9a521b002a3e
:103dd400f1ddbaf1000feed042464b4601f05efc35
:103de400013c134630320bf804200135e1e73b680f
:083df40023f010033b60dfe740
:020000040000fa
:020000040c04ea
:103dfc00f8b5846a05460f46164654b1ab6a6a6933
:103e0c009b1ab3420bd2324639462846fff7a4f828
:103e1c00f8bd01f0b9ff0028f0d02046f8e7002edd
:103e2c00f1d095f93430002b1bdbdbb23446621e2b
:103e3c00b95c994212d1224639462846fff78cf8d4
:103e4c00a042e5d32744341b22463946686901f069
:103e5c002bff6b691c446c613046d9e71446002a71
:063e6c00e5d13446f0e749
:020000040000fa
:020000040c04ea
:023e7200704797
:020000040000fa
:020000040c04ea
:103e7400f0b591b0164b174a12270791032106900b
:103e84000dac059101211448f0ee400a0391802104
:103e94000490602052f8045b009103f590512e0cbd
:103ea4009fed0e0a0c91adf824508df82660cde9f3
:103eb400010703f51050cde90a3007ca084b84e81e
:103ec4000700224609a90aa8f0f750fb11b0f0bd7b
:103ed400780502200c5f040cc04a040c6666e63eba
:043ee400d82c0220b4
:020000040000fa
:020000040c04ea
:103ee800f0b50c4649682368a768e56887b00029db
:103ef8000593a4bf23f00203059305ab029308239f
:103f0800cde900730646d2e900232046fff736ffc5
:103f1800059bd90642bf00f1ff3030232b54059b87
:103f28001a0742bf00f1ff3020232b542269059b5a
:103f38000093013a3b46121a29183046fff720f938
:103f48007368db0503d563689842b8bf184607b0a5
:023f5800f0bdba
:020000040000fa
:020000040c04ea
:023f5a007047ae
:020000040000fa
:020000040c04ea
:103f5c00164a0021164b0820dff860c0f0b411603f
:103f6c0002245160cc2611720125d160114f1161d0
:103f7c0011759161d16182f820100f4ac3f854c0b9
:103f8c009c671866c3f8a470c3f8a860c3f8c8503f
:103f9c00c3f8b000c3f8f420c3f8f860c3f81851a4
:103fac00c3f800011c60f0bc704700bfec83042018
:103fbc0000008544300001000300010014011900c9
:020000040000fa
:020000040c04ea
:103fcc0000282dd0174b5a8b520710b418d199b129
:103fdc000024144a137e5b07fcd5538b5b071bd163
:103fec00536803f00703012b936a14bf035520f8a1
:103ffc0014300134a142edd101205df8044b70471f
:10400c00802407221c765a831a7e5407dfd59a6abd
:10401c001a7e5207fbd4dae700205df8044b704798
:08402c0000207047004000462f
:020000040000fa
:020000040c04ea
:1040340049b3f8b5051c18bf01250dbb134c01236a
:104044004ff40072002684f8283000270b68898812
:104054000f4863602181294684f8205065621b68fb
:10406400e260c4e90667984763685b689847294635
:10407400a022084801f020ff022320462370f8bd47
:104084004ff0ff30f8bd4ff0ff3070473883042005
:08409400a99f030c2080042009
:020000040000fa
:020000040c04ea
:10409c00431c1ed04ff4ac7370b5164c03fb00449c
:1040ac0094f90830002b13dd94f8dc3093b1012b1c
:1040bc000ed1268a66b165690024eb681bb1db68fa
:1040cc000bb1a888984701341035e4b2b442f4d34c
:1040dc0070bd7047d4f8ec300f21b4f8f0001b68b9
:1040ec009847e0610130f3d00122022384f8dc20f0
:0840fc00237270bda8770420b7
:020000040000fa
:020000040c04ea
:1041040020b9174b93f94c20022a02d04ff0ff300c
:10411400704793f85c20012af8d193f80c11c9b9bf
:1041240003f5867010b493f8544083f80c21012ce5
:10413400c3f81831c3f8101109d0022c08bfc3e921
:104144003f10012283f85c205df8044b7047c3e9fb
:104154003f01f6e701224ff0ff3083f85c207047ff
:0441640048040220e9
:020000040000fa
:020000040c04ea
:1041680038b590f9083044699d1c17d094f900209f
:104178000546002a13db6278d1070ad5d4f8ec305b
:104188006ff30002a178db6ce0696270984795f9db
:1041980008301bb96a680ab984f8c43038bdd4f845
:1041a800ec3094f8ac10db68e06998472178e27845
:1041b80004206ff3c71195f9083060f302022170eb
:0441c800e270e6e7d4
:020000040000fa
:020000040c04ea
:1041cc0000282bdd013b084410b412f9014b07ee1b
:1041dc00904a11f9014bf8eee77a07ee104a81424a
:1041ec00b8eec77a77eee17a37ee607a67ee817acd
:1041fc00e7ee007a87ee827a37ee227ab7eec77a4c
:10420c00b8fe477bfdeec77b17ee904a04f307041c
:10421c0003f8014fd9d15df8044b7047704700bfcc
:020000040000fa
:020000040c04ea
:10422c0070b4154c94f820305bb213b1002070bc04
:10423c007047124d9b26a080e3606361a1602261f0
:10424c002a46a370237084f82130a361e3612e7693
:10425c006b6823f480236b60d369002bfcd1400086
:10426c000423064984f820305062cb69002bfcd122
:10427c00012070bc704700bf94830420004080452f
:020000040000fa
:020000040c04ea
:10428c007fb5c36800911546002b18bf013a019207
:10429c0082680446cde902230e4602226946006874
:1042ac0001f0abfa002808dc00f0180383f00802d8
:1042bc0063681343636005460fe0019a8242fad2a9
:1042cc00a368e363801ae268184420642ab15a1c7c
:1042dc00e2632e441b7806f8013c284604b070bdfe
:020000040000fa
:020000040c04ea
:1042ec0037b5154d2b68044673b101f007fc0190ee
:1042fc0001a801f078fd0f30019920f00f0001f0ba
:10430c005bfd60b100232b60002c08bf01240f342f
:10431c0034f00f0405d1094b0c221a60204603b06f
:10432c0030bd042c38bf04242046fef769ff00285a
:10433c00f5d040f8044cf2e7d41b05208884042007
:020000040000fa
:020000040c04ea
:10434c0018bb134b1a7802bb486870b40124114d8a
:10435c0083f85c40002808bf28468e7bcd7b83f811
:10436c004d600d4e1865104683f84c4083f8545040
:10437c004ff480351e661c70c3e93f22d1f80a2029
:10438c00c3f866509a6570bc70474ff0ff307047a9
:0c439c00480402200000014f04830420ac
:020000040000fa
:020000040c04ea
:1043a8004169154b0a8b03ebc203da8830b5013a31
:1043b800d1f8e04085b0da80a4b190f908304568ba
:1043c800dab2012acde901050ed9da1c10d004337e
:1043d8000cbf9f23a0238df80c30d1f8e4201120c6
:1043e80001a9a04705b030bd00238df80c30f4e7d3
:0c43f8009e238df80c30f0e76484042054
:020000040000fa
:020000040c04ea
:104404004169154b0a8b03ebc2039a8830b5013a14
:10441400d1f8e04085b09a80a4b190f9083045689d
:10442400dab2012acde901050ed9da1c10d0043321
:104434000cbf9f23a0238df80c30d1f8e42010206a
:1044440001a9a04705b030bd00238df80c30f4e776
:0c4454009e238df80c30f0e764840420f7
:020000040000fa
:020000040c04ea
:104460000e4a38b5002313600d4a0e4c13600e4af5
:104470000e4d13600e4a13600e4a13600e4a5362cb
:1044800013610123936001f061fd00f0c8f8ac42b4
:1044900000d338bd54f8043b9847f8e78c840420d7
:1044a000388204202400000c348204202800000cf0
:0c44b0002c820420308204203c82042076
:020000040000fa
:020000040c04ea
:1044bc0038b50d46044608b9002038bd43689b0644
:1044cc0007d5d0e905239a4216d80023c4e9053351
:1044dc00a362d4e90f13994204d20122c91a2068ad
:1044ec0001f0d2fd0023c4e90f33002de4d0206885
:1044fc00bde8384001f0a7bd0022c36a11469847b9
:0c450c006369002be1d14ff0ff30d6e7cf
:020000040000fa
:020000040c04ea
:104518004ff08c43012219461a60cb69002bfcd15d
:104528004ff480734ff08c424b60d369002bfcd161
:10453800ff200b4b4ff08c41d0601360cb69002bf0
:10454800fcd110234ff08c424b83d369002bfcd154
:1045580004499b2081f8213081f8203090757047fc
:08456800160410006883042012
:020000040000fa
:020000040c04ea
:104570002de9ff41134dd1f80080af88adf80c70e4
:1045800006462868029002aca8798df80e00002a31
:1045900018bf1446d1e901571a461bb9204601f04d
:1045a000edfb0246002d02dbaa4228bf2a46cdf8c9
:1045b00000803b4621463046fef7e6fd04b0bde8ec
:0845c000f08100bf4460040c0f
:020000040000fa
:020000040c04ea
:1045c800f0b50c4649682368a668e76887b00029f3
:1045d8000593a4bf23f00203059305ab02930a23b6
:1045e800cde900630546d2e900232046fff7c6fb64
:1045f8002269059b0093013a3346121a3918284656
:10460800fef7befd6b68db0503d563689842b8bf4b
:06461800184607b0f0bdda
:020000040000fa
:020000040c04ea
:02461e007047e3
:020000040000fa
:020000040c04ea
:1046200038b5431e03330fd803786bb1c46881607b
:1046300094f8545094f86930426035b10f2b03d987
:10464000d4f8fc30984207d038bd01250f2bc4f8b0
:10465000fc0084f85650f7d901251346084600227d
:10466000082184f8675098474ff48073a4f86630a7
:0446700038bd00bf92
:020000040000fa
:020000040c04ea
:1046740070b400eb4004114e06eb8406347ad4b9ce
:1046840000eb80040e4d0120240130722544a966fc
:10469400ea66aa6f92b242ea0342aa672b6d034309
:1046a4002b656b6d13f47f0f03d12b6d43f48033b3
:1046b4002b6570bc7047002070bc7047ec830420ed
:0446c4000000854429
:020000040000fa
:020000040c04ea
:1046c800114b012219461a60cb69002bfcd14ff41b
:1046d80080730d4a4b60d369002bfcd1e8200b4b4b
:1046e8000949d0601360cb69002bfcd11023064a1e
:1046f8004b83d369002bfcd105499b2081f82130dd
:1047080081f82030907570470040804516041000ed
:044718009483042062
:020000040000fa
:020000040c04ea
:10471c0053ec102b70b4c3f30a5440f2ff75ac4247
:10472c0012d08cb11946204440f2fe7398420ddc35
:10473c00002813dd21f0ff4121f4e00110ee102ad6
:10474c0041ea005343ec102b70bc704701f0004160
:10475c0041f0ff43002243f4e003f3e7002201f0b1
:04476c000043efe730
:020000040000fa
:020000040c04ea
:10477000114b01211a4630b41960936813f00103fc
:10478000fbd14ff480510d48022501241160536183
:104790005169084308495061d56353649364d364f5
:1047a000136553659365d365136614648b68002b9a
:1047b000fcd130bc704700bf00000145000f4040f5
:020000040000fa
:020000040c04ea
:1047c000114b01211a4670b41960936813f001036c
:1047d000fbd14ff480510d4802260c25116018249e
:1047e00053615169084308495061d6635564936425
:1047f000d364136553659365d365136614648b683e
:10480000002bfcd170bc704700200145000e4040d9
:020000040000fa
:020000040c04ea
:1048100013b5836a8df80710044673b16369a26a01
:10482000934212d3e36a01220df107012046984713
:10483000012806d19df8070005e001f0abfa002839
:10484000ecd04ff0ff3002b010bd9df8070094f996
:0e48500034209042e6d05a1c62611870f3e7e3
:020000040000fa
:020000040c04ea
:02485e007047a1
:020000040000fa
:020000040c04ea
:1048600000b5002083b0104b01901b6a0193019b9f
:10487000d90708d4019b9a070ad4019b5b070dd482
:1048800003b05df804fbfcf7abfd019b9a07f4d580
:104890000120fcf7a5fd019b5b07f1d5022003b0c9
:0c48a0005df804ebfcf79cbd00008544b3
:020000040000fa
:020000040c04ea
:1048ac0000b5002083b0104b0190db690193019b94
:1048bc00d90708d4019b9a070ad4019b5b070dd436
:1048cc0003b05df804fbfcf785fd019b9a07f4d55a
:1048dc000120fcf77ffd019b5b07f1d5022003b0a3
:0c48ec005df804ebfcf776bd000085448d
:020000040000fa
:020000040c04ea
:1048f80000b5002083b0104b01909b690193019b88
:10490800d90708d4019b9a070ad4019b5b070dd4e9
:1049180003b05df804fbfcf75ffd019b9a07f4d533
:104928000120fcf759fd019b5b07f1d5022003b07c
:0c4938005df804ebfcf750bd0000854466
:020000040000fa
:020000040c04ea
:1049440000b5002083b0104b01905b690193019b7b
:10495400d90708d4019b9a070ad4019b5b070dd49d
:1049640003b05df804fbfcf739fd019b9a07f4d50d
:104974000120fcf733fd019b5b07f1d5022003b056
:0c4984005df804ebfcf72abd0000854440
:020000040000fa
:020000040c04ea
:10499000104b01211a4630b41960936813f00103db
:1049a000fbd14ff480510c48022501241160536162
:1049b0005169084307495061d56353649364d364d4
:1049c00013655365936514648b68002bfcd130bc70
:0c49d000704700bf0040814600074040d7
:020000040000fa
:020000040c04ea
:1049dc0038b5044601f03afa002c17db65090e4a8b
:1049ec0004f01f04012152f8253002eb8502a1408e
:1049fc0023fa04f4c2f8801004f00104bff34f8fc3
:104a0c00bff36f8f01f02cfa204638bd002401f063
:0c4a1c0027fa204638bd00bf00e100e092
:020000040000fa
:020000040c04ea
:104a2800022a70b5044616461d461ad043689b06ee
:104a380017d441b9002d08bf4ff4806505f108006f
:104a4800fff750fc01466368012e43f020036360c2
:104a5800c4e9021514bfff230a2384f83430024b3b
:0c4a6800e362002070bd00bffd3d040ca7
:020000040000fa
:020000040c04ea
:104a740010b50f4c236863b1002813da0d4b22687c
:104a84001b68d21a43429a4208db22681044206011
:104a940006e000f01bfe2368002bedd14ff0ff323f
:104aa400104610bd044b1a682368d21a8242ebe701
:0c4ab40058840420608404205c840420ea
:020000040000fa
:020000040c04ea
:104ac000740000005a0000009c000000c6000000b6
:104ad00075010000460100001e0000003d000000be
:104ae0003e0000002d0000003b00000077000000a9
:104af0000a0000000d000000100000001e00000071
:084b0000210000001700000075
:020000040000fa
:020000040c04ea
:104b08002a020000f70600006fe4ffffbcffffff6a
:104b1800a9baffff761e000053070000c502000077
:104b280084ecfffff5f4ffff04b8ffff3737000000
:104b380043080000b1040000851d0000d0fdffff00
:084b4800b7a5ffffed220000fc
:020000040000fa
:020000040c04ea
:104b5000fc01000007060000d00f00007a110000e1
:104b60003684ffffd94b0000acffffff540c000060
:104b70005be5ffff57330000928fffff052d00001c
:104b8000fd010000d303000083e7ffff42feffffab
:084b90007ec1ffff0bcc000009
:020000040000fa
:020000040c04ea
:104b9800280500001cfdffff25faffff331f00005a
:104ba8009238ffffa62c00005a030000d501000030
:104bb800d5e3ffff1407000049b8ffffcfe300006b
:104bc80023fdffff68ffffffcbc1ffff77f9ffff62
:084bd800d283ffff439c0000a3
:020000040000fa
:020000040c04ea
:104be00095f0823a416ec23ab538db397b2e393abc
:104bf0008194a13af9a2103bc1d6843a81f8b33a24
:104c00008bbea1390c7cdd397460f73af907c53adf
:104c1000861de53a80e1983a1a072a393e429439ce
:084c2000544b003bce23aa3add
:020000040000fa
:020000040c04ea
:104c2800e21f543a9d1d833af2bd6239ff92d03992
:104c3800ac34753ae002a93a47b9853a8f99853a72
:104c4800d6b27039ca5a4239f425bf3a9433a93ad0
:104c58002832833a28a9963a77e690399c04063a8e
:084c6800a75de43acd12523ab7
:020000040000fa
:020000040c04ea
:104c70009a9b263a9b36523ae1b39039bf90d83985
:104c800084df6c3ace8a9a3a8c42213adacc893a5d
:104c900076b8b2391195c139a31e933af0b1383aba
:104ca000eb43333a9f91553aa03584394767a93988
:084cb0007534c13aaeaa2c3a9a
:020000040000fa
:020000040c04ea
:104cb80010b50278202a034600f10100f9d0a2f1cc
:104cc80009010429f5d92b2a07d02d2a11d1012150
:104cd8000133013b00200a2403e00021f8e7604388
:104ce800801a13f8012f303a092af8d901b940423d
:064cf80010bd0021ede7f4
:020000040000fa
:020000040c04ea
:104cfe00f0b5002503462f4695422e4607d313f0f6
:104d0e00030218bf0122181a02eb9000f0bd1c78a6
:104d1e0034b101f8014b01330135ede70f55013484
:104d2e0093f801e0a64506eb040501eb040cf5dc57
:064d3e0002336146e0e7cc
:020000040000fa
:020000040c04ea
:104d4400431e03331ad890f8de30bbb1b0f8e83014
:104d5400934210b500f16404c0e919120bd001d9d3
:104d640001234367d0f8ec3022468021c0699b6b55
:104d74009847002010bd02234367f3e76ff07400e7
:044d8400704700bfb5
:020000040000fa
:020000040c04ea
:104d880038b5431e033319d890f8de30b3b1034663
:104d980000240129d0f8ec50c06983f8c44008d039
:104da8005c6603f164029c668021ab6b98472046e1
:104db80038bdab6a80219847204638bd6ff0740033
:044dc80038bd00bf33
:020000040000fa
:020000040c04ea
:104dcc0010b5054c227832b9044b13b10448aff33b
:104ddc0000800123237010bd10840420000000000b
:104dec000000000008b5034b1bb103490348aff3a7
:104dfc00008008bd000000001484042000000000a6
:020000040000fa
:020000040c04ea
:104e0c00a117000061520000763e0000610700000f
:104e1c00d81500002f400000e80c0000c20e000066
:104e2c00bf0500004db0000077110000e63c00000b
:104e3c00472e00000d0e0000a30e0000f05f0000d6
:020000040000fa
:020000040c04ea
:104e4c00299fffffb32bffff09e3fffffbd2ffffff
:104e5c00ec8f0000cd280000b261ffff26b4ffffed
:104e6c00c4d1ffff732fffff06f2ffff1b16ffffde
:104e7c0023520000da19ffff2bd9ffffe0b9ffff27
:020000040000fa
:020000040c04ea
:104e8c00fd97ffff95c5ffffd53e000095fbffff8b
:104e9c00e75dffffcaf2ffff9eddffffff1c000076
:104eac00c2f9ffff6e4bffffdd6500009f2a00007b
:104ebc009ecbffff653d0000419d0000fca400005f
:020000040000fa
:020000040c04ea
:104ecc00a4200000421800006c1d0000d631000028
:104edc000d37000052240000da3900008d3a000032
:104eec00997000004c31000020160000367c000048
:104efc0034140000e52d000008d700004f3c0000e2
:020000040000fa
:020000040c04ea
:104f0c00c9dbffffd01f0000688effffaed4ffff90
:104f1c00881400002c0f00005687ffffc8aaffff63
:104f2c00e6a5ffff7dd0ffff77b8ffff13f2ffff71
:104f3c00b42100008eac0000bc5dffffa334ffff6a
:020000040000fa
:020000040c04ea
:104f4c007d5700006149ffffa23c00005afc0000a5
:104f5c00642b00005a720000f54800008284ffffa9
:104f6c0071faffffc890ffff0ffb0000bee8ffffc8
:104f7c00cd5fffff1e030000c499ffff8b85ffff71
:020000040000fa
:020000040c04ea
:104f8c000949000022a7ffff642a0000205c0000f2
:104f9c00806a0000c370ffffbba0ffff7a81ffff98
:104fac00da25ffffa1c8ffff5babffff4283ffffca
:104fbc003d1100006caf0000e2e8ffffa0b2000062
:020000040000fa
:020000040c04ea
:104fcc001b470000012e0000e213000052060000f7
:104fdc00c10e0000b90d000003430000590300008e
:104fec00282d0000311b0000e8000000730b0000ae
:104ffc002a0d0000ea3d0000f1820000dd330000c4
:020000040000fa
:020000040c04ea
:10500c002582c13c4192ae3ba3300c3cae57153dc2
:10501c004e16803c945daa3b9d34fe3c5cc0993c92
:10502c0079c4a33d6f29093b97358c3c4770093ceb
:10503c00e568213c1a4e163d15ba183d3d44953b8a
:020000040000fa
:020000040c04ea
:10504c004abfd53b17440a3c87455e3c0642363c7a
:10505c004259fd3c7a487c3d8a98503cf8274d3c9f
:10506c0009fd2d3c3fe18b3c4b10423c3b2a323d31
:10507c009f0a133d5916da3b33527a3bfe71133caf
:020000040000fa
:020000040c04ea
:10508c002103dd3ad76aac3aed8aad3afed1f43a57
:10509c0071d0c93a5de8193b3be7913aba07023b3c
:1050ac0087b2af3af350a33ad8faf23a3986f03acb
:1050bc00653cbd3a4c17933a4620f33af238043b20
:020000040000fa
:020000040c04ea
:1050cc009a250c3bc919af3aea38413b2f24183bbf
:1050dc00728a053ba6a1c63a2783143b2cda133bf4
:1050ec006668fd3aa750dc3afc9def3a0687433bd5
:1050fc00ecdf753b2056123b9d2e013bdc2ae33a3c
:020000040000fa
:020000040c04ea
:10510c00665e2b3c6f5e993b6a1ff43b6ff0da3b9b
:10511c0016ebc53bf947153cf904c73b56a0bf3b02
:10512c00776de53b5c0db33ba87cd53b718bc03bed
:10513c0058f3053c3227133cfd6d743b0025063caf
:020000040000fa
:020000040c04ea
:10514c002527363ba34bb73a581be93a8fb5133b8f
:10515c0065f8b43add250f3b06fdde3a64a73d3b0e
:10516c00bf1a073b8bb0ba3a12cf013bc1a4203b0c
:10517c00aea3243b4c72693b2fcbcf3a98de573b06
:020000040000fa
:020000040c04ea
:10518c00e9c1433bcf98623beb66073b9107163b6b
:10519c007d281a3b180b383b4dfc7e3b5e54453b3f
:1051ac00b828933baf84403b5da0833bfd2f473b2e
:1051bc00a3814b3b47bd033bf5f81c3b58674b3b6e
:020000040000fa
:020000040c04ea
:1051cc002075a23a5d6a003b6db51d3b47e2b93aca
:1051dc00e5d1983aa6d4a13a73fc983a86b3f43a3e
:1051ec00e98ab43a4b4f1c3b0ba7d53a55cabb3a8c
:1051fc00e6cbbe3a8da2c53ab197d13a9ba4a83a58
:020000040000fa
:020000040c04ea
:10520c000e4b012219461a800b69d807fcd448f2c0
:10521c0080130a4a0b8013691904fcd40123074933
:10522c0013620b6913f02003fbd1044a4b62136920
:10523c005b06fcd44ff48073538170470020074405
:020000040000fa
:020000040c04ea
:10524c0010b44c68a40602460b4603d45df8044b1c
:10525c0000f058b991f93410c0b2814203d05969a9
:10526c009c6aa14205d3114618465df8044bfff722
:0e527c00c9ba4c1c5c610a705df8044b7047a7
:020000040000fa
:020000040c04ea
:02528a0070476b
:020000040000fa
:020000040c04ea
:10528c00036823f002030360c3699b07fcd4036823
:10529c0043f400730360036843f480730360036892
:1052ac0043f002030360c3699907fcd483699a072e
:0c52bc00fcd58369db07fcd5704700bf00
:020000040000fa
:020000040c04ea
:1052c8000d4b02200321012230b483f8220104256a
:1052d80083f8231140f21c4483f8272127204ff438
:1052e800856140f2694283f828511c62986219630b
:0c52f8009a6330bc704700bf0000864481
:020000040000fa
:020000040c04ea
:105304000c4b4ff6da404ff440311a4610b40a4cb5
:105314001c6098815960d369002bfcd1136805493e
:1053240043f002031360cb69002bfcd15df8044bfe
:0c533400704700bf00400046040112401a
:020000040000fa
:020000040c04ea
:10534000c8b1b9b101440c4a10b404464042137ebe
:10535000db07fcd5536803f00703012b14bf237848
:1053600030f8143001348c429362f0d101205df8a2
:0c537000044b70470120704700400046cd
:020000040000fa
:020000040c04ea
:10537c000d4b01211a4630b41960936813f00103e8
:10538c00fbd14ff4805002212825642410604ff487
:10539c008070d163044955649364146410628b6803
:0c53ac00002bfcd130bc70470000814693
:020000040000fa
:020000040c04ea
:1053b80030b50d4a002300bf12f8134024b902eba0
:1053c80043035b78184630bd01680d78a54209bfd4
:1053d80002eb430301335b78013114bfdbb2016098
:0c53e8000a2be9d9eee700bfdc5d040ce5
:020000040000fa
:020000040c04ea
:1053f40038b5436813f4807f0446154611d0036919
:105404009a4228bf1d465db12a46406900f050fc0f
:10541400636922692b44551b0022636125611a705c
:0c54240038bddb06fcd400f0bffcf9e74b
:020000040000fa
:020000040c04ea
:10543000431e033314d8037883b111f0800fc3687f
:1054400001f00f014ff0180214bf0c2000201b6e5a
:1054500012fb01011944cb7903f001031846704790
:0854600000231846704700bf4d
:020000040000fa
:020000040c04ea
:10546800431e033314d8037883b111f0800fc36847
:1054780001f00f014ff0180214bf0c2000201b6e22
:1054880012fb01011944cb79c3f340031846704756
:0854980000231846704700bf15
:020000040000fa
:020000040c04ea
:1054a000000000000000000000aaaaaaaaaaaaaa56
:1054b000aaeeeeeeeeeeeeeeeefeffffffffffffda
:1054c000ffffffffff7fbfdfeff7fbfdfc7ebfdfce
:0854d000eff7fbfd7e0000bfb9
:020000040000fa
:020000040c04ea
:1054d80070b50b480b4d4ff6ff76016821b943684c
:1054e80013b9fef736fd70bd83684268334000f19a
:1054f8000c0455f823302046984704eb8000ece76d
:085508009001000ca85e040ce8
:020000040000fa
:020000040c04ea
:1055100007b54a68c0b2d2050b468df8070006d51c
:105520004a69511c5961107003b05df804fb0122f7
:105530000df10701184600f039fc10b19df8070085
:08554000f2e74ff0ff30efe746
:020000040000fa
:020000040c04ea
:1055480010b5094c6368722b00d810bd012000f01b
:1055580043f84ff41643054a01200549fff786f83a
:105568000023636010bd00bf0c0002209484042057
:045578002101844445
:020000040000fa
:020000040c04ea
:10557c0034034d006900630072006f006300680023
:10558c0069007000200054006500630068006e0024
:10559c006f006c006f0067007900200049006e00fe
:0455ac0063002e006a
:020000040000fa
:020000040c04ea
:1055b000431e033301d8037803b9704710b5c4689c
:1055c000206dfff763fe012394f8542084f86a30bd
:1055d00022b994f856200ab984f8563010bd00bf9d
:020000040000fa
:020000040c04ea
:1055e00000eb8003084a02eb0312136d23f0010362
:1055f0001365136d13f00103fbd100eb4000034a68
:1056000002eb80000372704700008544ec830420a5
:020000040000fa
:020000040c04ea
:10561000431e033312d890f8de307bb1d0f8ec3063
:1056200010b50446db69c06998476278e3786ff388
:1056300082026ff302036270e37010bd704700bf17
:020000040000fa
:020000040c04ea
:1056400010b4441e11461a46019b03340bd890f83f
:10565000de4044b1d0f8ec409bb2c069246aa44655
:105660005df8044b60476ff07b005df8044b7047ba
:020000040000fa
:020000040c04ea
:1056700008b50020fdf708fb0648074a0021121a6a
:1056800000f01cfc054800f0abf900f00dfafdf746
:10569000affcfae700000020281d0020945e040cf7
:020000040000fa
:020000040c04ea
:1056a00053b94ab9002908bf00281cbf4ff0ff3189
:1056b0004ff0ff3000f0ecbcadf1080c6de904ce0a
:1056c000f3f73cfbddf804e0dde9022304b07047aa
:020000040000fa
:020000040c04ea
:1056d000064b1a680ab9064a1a60064a116809b9df
:1056e000054911601a68054b1a60704760840420f0
:1056f000e01b05205c840420e01d05205884042064
:020000040000fa
:020000040c04ea
:10570000431e03330fd803786bb1c36893f854205a
:10571000012a05d05a6d02f0ff12b2f5803f02d186
:0c57200093f8640070470020704700bf41
:020000040000fa
:020000040c04ea
:10572c0010b4064b4ff48052054c064806491c60d9
:10573c0098605df8044b5960da60704700008b4547
:0c574c00050010100600030002061010fb
:020000040000fa
:020000040c04ea
:10575800431e03330fd890f8de3063b1d0f8ec3035
:1057680010b40c469b680146c0e93842024ac06939
:0c5778005df8044b184770478ddc030cf3
:020000040000fa
:020000040c04ea
:105784000000000000000000000000000000000015
:1057940000000000010000002c5f040cb057040c52
:0c57a4000100010001000000601b052056
:020000040000fa
:020000040c04ea
:1057b000805e040c010000007c60040c805e040c20
:1057c000010000008060040c03000000c85f040cae
:0c57d000b05f040cb05f040c000000008f
:020000040000fa
:020000040c04ea
:1057dc0070b5002902fb01f614460d4618bf14469d
:1057ec0001463246184608bf002400f0d9fa86421a
:0a57fc0018bfb0fbf5f4204670bda5
:020000040000fa
:020000040c04ea
:105806002de9f0410024804617460e462546bd4246
:1058160002db2046bde8f081726856f8081b404658
:0a58260000f00ff901350444f1e72a
:020000040000fa
:020000040c04ea
:10583000802910db812901dd83290cd1136807330e
:1058400023f0070303f108011160d3e90023c0e945
:0a585000002301207047002070477c
:020000040000fa
:020000040c04ea
:10585a002de9f0410024804617460e462546bd42f2
:10586a0002db2046bde8f081726856f8081b404604
:0a587a0000f0f5f801350444f1e7f1
:020000040000fa
:020000040c04ea
:10588400074a4cf2ff30074b918989b259609081e5
:1058940092891a681ab1586899681b681847704742
:0858a400002007444c8404209d
:020000040000fa
:020000040c04ea
:1058ac00431e03330fd890f8de3063b1d0f8ec30e0
:1058bc0010b504469b69c0699847e378022262f3ed
:0858cc000203e37010bd7047f8
:020000040000fa
:020000040c04ea
:1058d40038b9084b93f90820022a02d193f8de2044
:1058e40012b14ff0ff30704740f201121846a3f88e
:0858f400dd207047a8770420b5
:020000040000fa
:020000040c04ea
:1058fc00064b002206491a700b68064a43f0807367
:10590c000b60136843f0010313607047c0830420dd
:08591c00fced00e0001000e0ca
:020000040000fa
:020000040c04ea
:1059240010b5084c2368196800f06af8002807dbf2
:1059340023680a20196800f077fbc00f404210bdad
:085944000120fbe7cc1b05204c
:020000040000fa
:020000040c04ea
:10594c0090f948305a1e1343426880f8483012f0e0
:10595c0004031bbf42f010024260c0e90f334ff04a
:08596c00ff3008bf1846704728
:020000040000fa
:020000040c04ea
:10597400431e03330cd8037853b1c36801f07f018d
:105984001b6d03f580531a7861f306021a701970bf
:04599400704700bf99
:020000040000fa
:020000040c04ea
:10599800000000000000014f0100d500d500010102
:1059a80000000000000000000000000000000000ef
:0459b80000000000eb
:020000040000fa
:020000040c04ea
:1059bc00064b93f820303bb9054b588b00f0300068
:1059cc00103818bf012070470120704794830420c1
:0459dc0000408045c2
:020000040000fa
:020000040c04ea
:1059e0000fb407b5064b04aa1b6852f8041b1868cd
:1059f000019200f06df903b05df804eb04b070475c
:045a0000cc1b052096
:020000040000fa
:020000040c04ea
:105a040070b50e46054600f0b7f933460446024623
:105a140001212846fff7e0fe001b18bf4ff0ff30be
:025a240070bd53
:020000040000fa
:020000040c04ea
:105a280000eb400370b49b00044dec18267a8642c4
:105a380001d1e950626070bc704700bf607f0420ec
:020000040000fa
:020000040c04ea
:105a480060b910b50c463ab101212046fef7bafa02
:105a58000028f9d0012010bd002010bd002070479b
:020000040000fa
:020000040c04ea
:105a6800012838b5144601d0204638bd0d462146d8
:105a78002846fff761fc0028f9d0204638bd00bf52
:020000040000fa
:020000040c04ea
:105a8800002800db01b97047012300f01f01034a19
:105a980040098b4042f82030704700bf00e100e029
:020000040000fa
:020000040c04ea
:105aa80010b5064c6068fef7f5fae068f3f756fda6
:105ab800f3f7fafbbde81040fbf71ebc64050220b3
:020000040000fa
:020000040c04ea
:105ac80009022000010100c0320904000002ffffa2
:105ad800ff0007050102400001070581024000019f
:020000040000fa
:020000040c04ea
:105ae80009022000010100c0320904000002ffff82
:105af800ff000705010200020107058102000201fb
:020000040000fa
:020000040c04ea
:105b080010b5054c22680ab9fff7defd034b18688b
:105b18002368c01a10bd00bf588404205c84042088
:020000040000fa
:020000040c04ea
:105b280010b50023934206d113f0030018bf0120db
:0e5b380000eb930010bdc45ccc540133f2e7c7
:020000040000fa
:020000040c04ea
:105b480010b1044b1b68036011b1034b1b680b6059
:0c5b5800704700bf74840420788404208f
:020000040000fa
:020000040c04ea
:105b6400054b00224ff0ff3040f281119a801860fb
:0c5b740099821a819a7570472004022063
:020000040000fa
:020000040c04ea
:105b8000431e033309d803783bb1c36841f20102d5
:0c5b9000196d8b5c43f004038b547047cc
:020000040000fa
:020000040c04ea
:105b9c00431e033309d803783bb1c36841f20102b9
:0c5bac00196d8b5c03f0fb038b547047f9
:020000040000fa
:020000040c04ea
:105bb80000eb4000044b800010b41c1819506260c0
:0c5bc8005df8044b704700bfec83042024
:020000040000fa
:020000040c04ea
:105bd4004ff089420221044b51615269da6812b1d3
:0c5be4001869db6818477047607f0420d8
:020000040000fa
:020000040c04ea
:105bf0004ff089420421044b516152699a6912b1f4
:0c5c0000d8699b6918477047607f04203a
:020000040000fa
:020000040c04ea
:105c0c0005490b880a4623f002031b041b0c0b806e
:0c5c1c0013699b07fcd47047002007446c
:020000040000fa
:020000040c04ea
:105c2800431e033307d890f8de3023b1d0f8ec30a8
:0c5c3800c0695b6a18476ff07b00704782
:020000040000fa
:020000040c04ea
:105c4400431e033307d890f8de3023b1d0f8ec308c
:0c5c5400c0691b6b18470020704700bfa0
:020000040000fa
:020000040c04ea
:105c6000431e033307d890f8de3023b1d0f8ec3070
:0c5c7000c0699b6b18476ff07c00704708
:020000040000fa
:020000040c04ea
:105c7c0030b4054c002504ebc00324f830105a80d6
:0c5c8c005d6030bc704700bf64840420e1
:020000040000fa
:020000040c04ea
:105c9800044a0023044902ebc0000b72436081f8f8
:0c5ca8002c307047648404207c820420af
:020000040000fa
:020000040c04ea
:105cb4005ab110b40a44431e11f8014b03f8014fc2
:0c5cc4009142f9d15df8044b7047704725
:020000040000fa
:020000040c04ea
:105cd00013b50446019201aaeef7e6fd636813f0de
:0c5ce000100f18bf4ff0ff3002b010bdd5
:020000040000fa
:020000040c04ea
:105cec000138012804d8034b40f20112a3f801201b
:085cfc00704700bf0c000220fc
:020000040000fa
:020000040c04ea
:105d0400044b19881a4641f00201198013699b0754
:085d1400fcd470470020074495
:020000040000fa
:020000040c04ea
:105d1c00044b19681a4641f00201196093689b07fd
:085d2c00fcd470470020014582
:020000040000fa
:020000040c04ea
:105d3400044b19681a4641f00201196093689b07e5
:085d4400fcd470470000814609
:020000040000fa
:020000040c04ea
:105d4c00431e033306d890f8de301bb10078c0f345
:085d5c0042007047032070476c
:020000040000fa
:020000040c04ea
:105d6400431e033305d890f8de30002b08bf002013
:085d740070470020704700bfda
:020000040000fa
:020000040c04ea
:105d7c0003783bb1034600bf13f8012f002afbd177
:085d8c00181a70471846704711
:020000040000fa
:020000040c04ea
:105d940010b50446fff7d8fd28b9a368e268c4e942
:085da40005331344a36210bd96
:020000040000fa
:020000040c04ea
:105dac0010b4c46a1cb123465df8044b1847006854
:085dbc005df8044bfff752be35
:020000040000fa
:020000040c04ea
:105dc400044a136823b9106003610160012070471d
:085dd4000020704790840420b8
:020000040000fa
:020000040c04ea
:105ddc0068076c094c836a9074a07ac0008068884c
:065dec0000846c820081be
:020000040000fa
:020000040c04ea
:105df2000068002808b501da002008bdfef739fe68
:065e0200431cfad1f8e791
:020000040000fa
:020000040c04ea
:105e0800034b00221a809a705a601a72704700bfba
:045e18000c00022058
:020000040000fa
:020000040c04ea
:105e1c0010b1024b1b6803600148704734830420a7
:045e2c00007d0420d1
:020000040000fa
:020000040c04ea
:105e3000431e033305d803781bb10023037043606e
:045e4000c360704784
:020000040000fa
:020000040c04ea
:105e4400a55f040c055d040c0d5c040c1d60040cc2
:045e5400000000004a
:020000040000fa
:020000040c04ea
:105e5800eff3108072b6bff35f8fb0fa80f040099d
:045e6800704700bfc0
:020000040000fa
:020000040c04ea
:105e6c0018b1bff35f8f62b6704772b6bff35f8f26
:045e7c00704700bfac
:020000040000fa
:020000040c04ea
:105e80001201000200000040d8045300000101028a
:045e9000000100bf4e
:020000040000fa
:020000040c04ea
:105e94002d2d2d2d2054696e79456e67696e652010
:045ea400000000bf3b
:020000040000fa
:020000040c04ea
:105ea800f95e040c295b040c8960040c8960040cfd
:045eb800ff4c040c8b
:020000040000fa
:020000040c04ea
:105ebc0032b1c9b20244034603f8011b9342fbd131
:045ecc00704700bf5c
:020000040000fa
:020000040c04ea
:105ed00008b500f0aff8024b1860586008bd00bf6d
:045ee0006c840420aa
:020000040000fa
:020000040c04ea
:105ee400034600bf11f8012b184603f8012b002ac2
:045ef400f8d170472a
:020000040000fa
:020000040c04ea
:105ef8000a440023914201d10020704701f8013b78
:025f0800f8e7b8
:020000040000fa
:020000040c04ea
:105f0c002b312300960ce33debc7023e99e60d3e88
:020000040000fa
:020000040c04ea
:105f1c00024a536801335360704700bf0c000220e3
:020000040000fa
:020000040c04ea
:105f2c000301000100000000000000000000000060
:020000040000fa
:020000040c04ea
:105f3c0000294ff480630cbf02220022fef76ebdd5
:020000040000fa
:020000040c04ea
:105f4c0008b5fff7bffffef784fcfef782fc08bd27
:020000040000fa
:020000040c04ea
:105f5c00494e4600696e66004e414e006e616e0001
:020000040000fa
:020000040c04ea
:105f6c00494e4600696e66004e414e006e616e00f1
:020000040000fa
:020000040c04ea
:0e5f7c00a0f14103192b98bf40f020007047a0
:020000040000fa
:020000040c04ea
:0e5f8a00a0f16103192b98bf00f05f00704773
:020000040000fa
:020000040c04ea
:0c5f9800200000001000000008000000c5
:020000040000fa
:020000040c04ea
:0c5fa400014b1860996070474c84042089
:020000040000fa
:020000040c04ea
:0c5fb0000a06000200000040010000bfd3
:020000040000fa
:020000040c04ea
:0c5fbc000c034d007900430061006d00f3
:020000040000fa
:020000040c04ea
:0c5fc8008460040c7c55040cbc5f040ccd
:020000040000fa
:020000040c04ea
:0c5fd400014b5868704700bfc0830420d8
:020000040000fa
:020000040c04ea
:0c5fe000014b187a704700bfc0830420fa
:020000040000fa
:020000040c04ea
:0c5fec00014bd868704700bfc083042040
:020000040000fa
:020000040c04ea
:0c5ff80010b50446fff772ff204610bdf4
:020000040000fa
:020000040c04ea
:086004000048704778c5022036
:020000040000fa
:020000040c04ea
:08600c00004870479484042051
:020000040000fa
:020000040c04ea
:08601400445e040c12000000c0
:020000040000fa
:020000040c04ea
:08601c004ff48060704700bfe3
:020000040000fa
:020000040c04ea
:08602400286e696c29002500bb
:020000040000fa
:020000040c04ea
:08602c0008b5fff70df908bdee
:020000040000fa
:020000040c04ea
:0860340000487047001b052025
:020000040000fa
:020000040c04ea
:08603c0008b57f2000f00af80e
:020000040000fa
:020000040c04ea
:07604400286e756c6c290049
:020000040000fa
:020000040c04ea
:06604c000068fff70bbd28
:020000040000fa
:020000040c04ea
:066052004ff0ff30704723
:020000040000fa
:020000040c04ea
:0660580008b500f009f894
:020000040000fa
:020000040c04ea
:04606000fee700bf98
:020000040000fa
:020000040c04ea
:04606400fee700bf94
:020000040000fa
:020000040c04ea
:04606800fee700bf90
:020000040000fa
:020000040c04ea
:04606c00fee700bf8c
:020000040000fa
:020000040c04ea
:04607000fee700bf88
:020000040000fa
:020000040c04ea
:04607400fff7f0be84
:020000040000fa
:020000040c04ea
:04607800fff7f8be78
:020000040000fa
:020000040c04ea
:04607c00c85a040cee
:020000040000fa
:020000040c04ea
:04608000e85a040cca
:020000040000fa
:020000040c04ea
:046084000403090404
:020000040000fa
:020000040c04ea
:04608800002070473d
:020000040000fa
:020000040c04ea
:04608c000020704739
:020000040000fa
:020000040c04ea
:04609000704700bf96
:020000040000fa
:020000040c04ea
:046094000020704731
:00000001FF
